2025.06.12 08:52:31 INFO  Started: Metals version 1.6.0 in folders 'C:\Users\oscar\OneDrive\Documentos\CICLO VII\Leng黙jes de Programaci髇\Trabajo de Referencia\prueba\prueba v5\play-scala-seed' for client Visual Studio Code 1.100.3.
2025.06.12 08:55:00 INFO  no build target found for C:\Users\oscar\OneDrive\Documentos\CICLO VII\Leng黙jes de Programaci髇\Trabajo de Referencia\prueba\prueba v5\play-scala-seed\build.sbt. Using presentation compiler with project's scala-library version: 3.3.6
2025.06.12 08:55:04 INFO  no build target found for C:\Users\oscar\OneDrive\Documentos\CICLO VII\Leng黙jes de Programaci髇\Trabajo de Referencia\prueba\prueba v5\play-scala-seed\build.sbt. Using presentation compiler with project's scala-library version: 3.3.6
2025.06.12 08:55:06 INFO  no build target found for C:\Users\oscar\OneDrive\Documentos\CICLO VII\Leng黙jes de Programaci髇\Trabajo de Referencia\prueba\prueba v5\play-scala-seed\build.sbt. Using presentation compiler with project's scala-library version: 3.3.6
2025.06.12 08:55:06 INFO  no build target found for C:\Users\oscar\OneDrive\Documentos\CICLO VII\Leng黙jes de Programaci髇\Trabajo de Referencia\prueba\prueba v5\play-scala-seed\build.sbt. Using presentation compiler with project's scala-library version: 3.3.6
2025.06.12 08:55:06 INFO  no build target found for C:\Users\oscar\OneDrive\Documentos\CICLO VII\Leng黙jes de Programaci髇\Trabajo de Referencia\prueba\prueba v5\play-scala-seed\build.sbt. Using presentation compiler with project's scala-library version: 3.3.6
2025.06.12 08:55:08 INFO  no build target found for C:\Users\oscar\OneDrive\Documentos\CICLO VII\Leng黙jes de Programaci髇\Trabajo de Referencia\prueba\prueba v5\play-scala-seed\build.sbt. Using presentation compiler with project's scala-library version: 3.3.6
2025.06.12 08:55:08 INFO  no build target found for C:\Users\oscar\OneDrive\Documentos\CICLO VII\Leng黙jes de Programaci髇\Trabajo de Referencia\prueba\prueba v5\play-scala-seed\build.sbt. Using presentation compiler with project's scala-library version: 3.3.6
2025.06.12 08:55:14 INFO  no build target found for C:\Users\oscar\OneDrive\Documentos\CICLO VII\Leng黙jes de Programaci髇\Trabajo de Referencia\prueba\prueba v5\play-scala-seed\build.sbt. Using presentation compiler with project's scala-library version: 3.3.6
2025.06.12 08:55:34 INFO  no build target found for C:\Users\oscar\OneDrive\Documentos\CICLO VII\Leng黙jes de Programaci髇\Trabajo de Referencia\prueba\prueba v5\play-scala-seed\build.sbt. Using presentation compiler with project's scala-library version: 3.3.6
2025.06.12 08:55:34 INFO  no build target found for C:\Users\oscar\OneDrive\Documentos\CICLO VII\Leng黙jes de Programaci髇\Trabajo de Referencia\prueba\prueba v5\play-scala-seed\build.sbt. Using presentation compiler with project's scala-library version: 3.3.6
2025.06.12 08:55:34 INFO  no build target found for C:\Users\oscar\OneDrive\Documentos\CICLO VII\Leng黙jes de Programaci髇\Trabajo de Referencia\prueba\prueba v5\play-scala-seed\build.sbt. Using presentation compiler with project's scala-library version: 3.3.6
2025.06.12 08:55:36 INFO  no build target found for C:\Users\oscar\OneDrive\Documentos\CICLO VII\Leng黙jes de Programaci髇\Trabajo de Referencia\prueba\prueba v5\play-scala-seed\build.sbt. Using presentation compiler with project's scala-library version: 3.3.6
2025.06.12 08:55:38 INFO  no build target found for C:\Users\oscar\OneDrive\Documentos\CICLO VII\Leng黙jes de Programaci髇\Trabajo de Referencia\prueba\prueba v5\play-scala-seed\build.sbt. Using presentation compiler with project's scala-library version: 3.3.6
2025.06.12 08:55:38 INFO  no build target found for C:\Users\oscar\OneDrive\Documentos\CICLO VII\Leng黙jes de Programaci髇\Trabajo de Referencia\prueba\prueba v5\play-scala-seed\build.sbt. Using presentation compiler with project's scala-library version: 3.3.6
2025.06.12 08:55:39 WARN  no build target for: C:\Users\oscar\OneDrive\Documentos\CICLO VII\Leng黙jes de Programaci髇\Trabajo de Referencia\prueba\prueba v5\play-scala-seed\build.sbt
2025.06.12 08:55:41 INFO  Created report: Optional[file:///C:/Users/oscar/OneDrive/Documentos/CICLO%20VII/Leng黙jes%20de%20Programaci髇/Trabajo%20de%20Referencia/prueba/prueba%20v5/play-scala-seed/build.sbt]
2025.06.12 08:55:41 INFO  empty definition using pc, found symbol in pc:  (full report at: "C:\Users\oscar\OneDrive\Documentos\CICLO VII\Leng黙jes de Programaci髇\Trabajo de Referencia\prueba\prueba v5\play-scala-seed\.metals\.reports\metals-full\2025-06-12\r_empty-definition_08-55-41-399.md")
2025.06.12 08:56:07 INFO  no build target found for C:\Users\oscar\OneDrive\Documentos\CICLO VII\Leng黙jes de Programaci髇\Trabajo de Referencia\prueba\prueba v5\play-scala-seed\build.sbt. Using presentation compiler with project's scala-library version: 3.3.6
jun. 12, 2025 8:58:38 A.燤. org.eclipse.lsp4j.jsonrpc.services.GenericEndpoint notify
INFO: Unsupported notification method: $/setTrace
2025.06.12 09:01:13 INFO  no build target found for C:\Users\oscar\OneDrive\Documentos\CICLO VII\Leng黙jes de Programaci髇\Trabajo de Referencia\prueba\prueba v5\play-scala-seed\app\models\User.scala. Using presentation compiler with project's scala-library version: 3.3.6
2025.06.12 09:01:40 INFO  no build target found for C:\Users\oscar\OneDrive\Documentos\CICLO VII\Leng黙jes de Programaci髇\Trabajo de Referencia\prueba\prueba v5\play-scala-seed\app\controllers\UserController.scala. Using presentation compiler with project's scala-library version: 3.3.6
2025.06.12 09:01:41 INFO  no build target found for C:\Users\oscar\OneDrive\Documentos\CICLO VII\Leng黙jes de Programaci髇\Trabajo de Referencia\prueba\prueba v5\play-scala-seed\app\controllers\UserController.scala. Using presentation compiler with project's scala-library version: 3.3.6
2025.06.12 09:01:43 INFO  no build target found for C:\Users\oscar\OneDrive\Documentos\CICLO VII\Leng黙jes de Programaci髇\Trabajo de Referencia\prueba\prueba v5\play-scala-seed\app\controllers\UserController.scala. Using presentation compiler with project's scala-library version: 3.3.6
2025.06.12 09:01:43 INFO  no build target found for C:\Users\oscar\OneDrive\Documentos\CICLO VII\Leng黙jes de Programaci髇\Trabajo de Referencia\prueba\prueba v5\play-scala-seed\app\controllers\UserController.scala. Using presentation compiler with project's scala-library version: 3.3.6
2025.06.12 09:01:43 WARN  no build target for: C:\Users\oscar\OneDrive\Documentos\CICLO VII\Leng黙jes de Programaci髇\Trabajo de Referencia\prueba\prueba v5\play-scala-seed\app\models\User.scala
2025.06.12 09:01:43 INFO  no build target found for C:\Users\oscar\OneDrive\Documentos\CICLO VII\Leng黙jes de Programaci髇\Trabajo de Referencia\prueba\prueba v5\play-scala-seed\app\models\User.scala. Using presentation compiler with project's scala-library version: 3.3.6
2025.06.12 09:01:43 WARN  no build target for: C:\Users\oscar\OneDrive\Documentos\CICLO VII\Leng黙jes de Programaci髇\Trabajo de Referencia\prueba\prueba v5\play-scala-seed\app\controllers\UserController.scala
2025.06.12 09:01:43 INFO  no build target found for C:\Users\oscar\OneDrive\Documentos\CICLO VII\Leng黙jes de Programaci髇\Trabajo de Referencia\prueba\prueba v5\play-scala-seed\app\models\User.scala. Using presentation compiler with project's scala-library version: 3.3.6
2025.06.12 09:01:43 WARN  no build target for: C:\Users\oscar\OneDrive\Documentos\CICLO VII\Leng黙jes de Programaci髇\Trabajo de Referencia\prueba\prueba v5\play-scala-seed\app\models\User.scala
2025.06.12 09:01:45 WARN  no build target for: C:\Users\oscar\OneDrive\Documentos\CICLO VII\Leng黙jes de Programaci髇\Trabajo de Referencia\prueba\prueba v5\play-scala-seed\app\controllers\UserController.scala
2025.06.12 09:01:45 INFO  no build target found for C:\Users\oscar\OneDrive\Documentos\CICLO VII\Leng黙jes de Programaci髇\Trabajo de Referencia\prueba\prueba v5\play-scala-seed\app\controllers\UserController.scala. Using presentation compiler with project's scala-library version: 3.3.6
jun. 12, 2025 9:01:45 A.燤. org.eclipse.lsp4j.jsonrpc.RemoteEndpoint handleCancellation
WARNING: Unmatched cancel notification for request id 72
2025.06.12 09:01:58 INFO  no build target found for C:\Users\oscar\OneDrive\Documentos\CICLO VII\Leng黙jes de Programaci髇\Trabajo de Referencia\prueba\prueba v5\play-scala-seed\app\controllers\UserController.scala. Using presentation compiler with project's scala-library version: 3.3.6
2025.06.12 09:02:00 INFO  no build target found for C:\Users\oscar\OneDrive\Documentos\CICLO VII\Leng黙jes de Programaci髇\Trabajo de Referencia\prueba\prueba v5\play-scala-seed\app\controllers\UserController.scala. Using presentation compiler with project's scala-library version: 3.3.6
2025.06.12 09:03:05 INFO  no build target found for C:\Users\oscar\OneDrive\Documentos\CICLO VII\Leng黙jes de Programaci髇\Trabajo de Referencia\prueba\prueba v5\play-scala-seed\app\models\User.scala. Using presentation compiler with project's scala-library version: 3.3.6
2025.06.12 09:03:05 WARN  no build target for: C:\Users\oscar\OneDrive\Documentos\CICLO VII\Leng黙jes de Programaci髇\Trabajo de Referencia\prueba\prueba v5\play-scala-seed\app\models\User.scala
2025.06.12 09:03:05 WARN  no build target for: C:\Users\oscar\OneDrive\Documentos\CICLO VII\Leng黙jes de Programaci髇\Trabajo de Referencia\prueba\prueba v5\play-scala-seed\app\controllers\UserController.scala
2025.06.12 09:03:05 INFO  no build target found for C:\Users\oscar\OneDrive\Documentos\CICLO VII\Leng黙jes de Programaci髇\Trabajo de Referencia\prueba\prueba v5\play-scala-seed\app\controllers\UserController.scala. Using presentation compiler with project's scala-library version: 3.3.6
jun. 12, 2025 9:03:06 A.燤. org.eclipse.lsp4j.jsonrpc.RemoteEndpoint handleCancellation
WARNING: Unmatched cancel notification for request id 187
2025.06.12 09:03:12 INFO  no build target found for C:\Users\oscar\OneDrive\Documentos\CICLO VII\Leng黙jes de Programaci髇\Trabajo de Referencia\prueba\prueba v5\play-scala-seed\app\controllers\UserController.scala. Using presentation compiler with project's scala-library version: 3.3.6
2025.06.12 09:04:23 INFO  no build target found for C:\Users\oscar\OneDrive\Documentos\CICLO VII\Leng黙jes de Programaci髇\Trabajo de Referencia\prueba\prueba v5\play-scala-seed\app\controllers\UserController.scala. Using presentation compiler with project's scala-library version: 3.3.6
2025.06.12 09:04:46 INFO  no build target found for C:\Users\oscar\OneDrive\Documentos\CICLO VII\Leng黙jes de Programaci髇\Trabajo de Referencia\prueba\prueba v5\play-scala-seed\app\controllers\UserController.scala. Using presentation compiler with project's scala-library version: 3.3.6
2025.06.12 09:04:47 INFO  no build target found for C:\Users\oscar\OneDrive\Documentos\CICLO VII\Leng黙jes de Programaci髇\Trabajo de Referencia\prueba\prueba v5\play-scala-seed\app\controllers\UserController.scala. Using presentation compiler with project's scala-library version: 3.3.6
2025.06.12 09:04:49 INFO  no build target found for C:\Users\oscar\OneDrive\Documentos\CICLO VII\Leng黙jes de Programaci髇\Trabajo de Referencia\prueba\prueba v5\play-scala-seed\app\controllers\UserController.scala. Using presentation compiler with project's scala-library version: 3.3.6
2025.06.12 09:06:13 INFO  no build target found for C:\Users\oscar\OneDrive\Documentos\CICLO VII\Leng黙jes de Programaci髇\Trabajo de Referencia\prueba\prueba v5\play-scala-seed\app\controllers\UserController.scala. Using presentation compiler with project's scala-library version: 3.3.6
2025.06.12 09:11:52 INFO  no build target found for C:\Users\oscar\OneDrive\Documentos\CICLO VII\Leng黙jes de Programaci髇\Trabajo de Referencia\prueba\prueba v5\play-scala-seed\app\controllers\UserController.scala. Using presentation compiler with project's scala-library version: 3.3.6
2025.06.12 09:14:38 INFO  no build target found for C:\Users\oscar\OneDrive\Documentos\CICLO VII\Leng黙jes de Programaci髇\Trabajo de Referencia\prueba\prueba v5\play-scala-seed\app\controllers\UserController.scala. Using presentation compiler with project's scala-library version: 3.3.6
2025.06.12 09:14:42 INFO  no build target found for C:\Users\oscar\OneDrive\Documentos\CICLO VII\Leng黙jes de Programaci髇\Trabajo de Referencia\prueba\prueba v5\play-scala-seed\app\controllers\UserController.scala. Using presentation compiler with project's scala-library version: 3.3.6
2025.06.12 09:14:42 INFO  no build target found for C:\Users\oscar\OneDrive\Documentos\CICLO VII\Leng黙jes de Programaci髇\Trabajo de Referencia\prueba\prueba v5\play-scala-seed\app\controllers\UserController.scala. Using presentation compiler with project's scala-library version: 3.3.6
2025.06.12 09:14:48 INFO  no build target found for C:\Users\oscar\OneDrive\Documentos\CICLO VII\Leng黙jes de Programaci髇\Trabajo de Referencia\prueba\prueba v5\play-scala-seed\app\controllers\UserController.scala. Using presentation compiler with project's scala-library version: 3.3.6
2025.06.12 09:14:57 INFO  no build target found for C:\Users\oscar\OneDrive\Documentos\CICLO VII\Leng黙jes de Programaci髇\Trabajo de Referencia\prueba\prueba v5\play-scala-seed\app\controllers\UserController.scala. Using presentation compiler with project's scala-library version: 3.3.6
2025.06.12 09:14:57 INFO  no build target found for C:\Users\oscar\OneDrive\Documentos\CICLO VII\Leng黙jes de Programaci髇\Trabajo de Referencia\prueba\prueba v5\play-scala-seed\app\controllers\UserController.scala. Using presentation compiler with project's scala-library version: 3.3.6
2025.06.12 09:14:57 INFO  no build target found for C:\Users\oscar\OneDrive\Documentos\CICLO VII\Leng黙jes de Programaci髇\Trabajo de Referencia\prueba\prueba v5\play-scala-seed\app\controllers\UserController.scala. Using presentation compiler with project's scala-library version: 3.3.6
2025.06.12 09:14:57 INFO  no build target found for C:\Users\oscar\OneDrive\Documentos\CICLO VII\Leng黙jes de Programaci髇\Trabajo de Referencia\prueba\prueba v5\play-scala-seed\app\controllers\UserController.scala. Using presentation compiler with project's scala-library version: 3.3.6
2025.06.12 09:14:58 INFO  no build target found for C:\Users\oscar\OneDrive\Documentos\CICLO VII\Leng黙jes de Programaci髇\Trabajo de Referencia\prueba\prueba v5\play-scala-seed\app\controllers\UserController.scala. Using presentation compiler with project's scala-library version: 3.3.6
2025.06.12 09:14:57 INFO  no build target found for C:\Users\oscar\OneDrive\Documentos\CICLO VII\Leng黙jes de Programaci髇\Trabajo de Referencia\prueba\prueba v5\play-scala-seed\app\controllers\UserController.scala. Using presentation compiler with project's scala-library version: 3.3.6
2025.06.12 09:14:58 INFO  no build target found for C:\Users\oscar\OneDrive\Documentos\CICLO VII\Leng黙jes de Programaci髇\Trabajo de Referencia\prueba\prueba v5\play-scala-seed\app\controllers\UserController.scala. Using presentation compiler with project's scala-library version: 3.3.6
2025.06.12 09:14:58 INFO  no build target found for C:\Users\oscar\OneDrive\Documentos\CICLO VII\Leng黙jes de Programaci髇\Trabajo de Referencia\prueba\prueba v5\play-scala-seed\app\controllers\UserController.scala. Using presentation compiler with project's scala-library version: 3.3.6
2025.06.12 09:14:57 INFO  no build target found for C:\Users\oscar\OneDrive\Documentos\CICLO VII\Leng黙jes de Programaci髇\Trabajo de Referencia\prueba\prueba v5\play-scala-seed\app\controllers\UserController.scala. Using presentation compiler with project's scala-library version: 3.3.6
2025.06.12 09:14:59 INFO  Created report: Optional[file:///C:/Users/oscar/OneDrive/Documentos/CICLO%20VII/Leng黙jes%20de%20Programaci髇/Trabajo%20de%20Referencia/prueba/prueba%20v5/play-scala-seed/app/controllers/UserController.scala]
2025.06.12 09:14:59 INFO  empty definition using pc, found symbol in pc: `<none>`. (full report at: "C:\Users\oscar\OneDrive\Documentos\CICLO VII\Leng黙jes de Programaci髇\Trabajo de Referencia\prueba\prueba v5\play-scala-seed\.metals\.reports\metals-full\2025-06-12\r_empty-definition_09-14-59-120.md")
2025.06.12 09:14:59 INFO  no build target found for C:\Users\oscar\OneDrive\Documentos\CICLO VII\Leng黙jes de Programaci髇\Trabajo de Referencia\prueba\prueba v5\play-scala-seed\app\controllers\UserController.scala. Using presentation compiler with project's scala-library version: 3.3.6
2025.06.12 09:14:59 INFO  empty definition using pc, found symbol in pc: `<none>`. (full report at: "C:\Users\oscar\OneDrive\Documentos\CICLO VII\Leng黙jes de Programaci髇\Trabajo de Referencia\prueba\prueba v5\play-scala-seed\.metals\.reports\metals-full\2025-06-12\r_empty-definition_09-14-59-120.md")
2025.06.12 09:14:59 INFO  no build target found for C:\Users\oscar\OneDrive\Documentos\CICLO VII\Leng黙jes de Programaci髇\Trabajo de Referencia\prueba\prueba v5\play-scala-seed\app\controllers\UserController.scala. Using presentation compiler with project's scala-library version: 3.3.6
2025.06.12 09:15:00 INFO  no build target found for C:\Users\oscar\OneDrive\Documentos\CICLO VII\Leng黙jes de Programaci髇\Trabajo de Referencia\prueba\prueba v5\play-scala-seed\app\controllers\UserController.scala. Using presentation compiler with project's scala-library version: 3.3.6
2025.06.12 09:15:29 INFO  no build target found for C:\Users\oscar\OneDrive\Documentos\CICLO VII\Leng黙jes de Programaci髇\Trabajo de Referencia\prueba\prueba v5\play-scala-seed\app\controllers\UserController.scala. Using presentation compiler with project's scala-library version: 3.3.6
2025.06.12 09:15:45 INFO  no build target found for C:\Users\oscar\OneDrive\Documentos\CICLO VII\Leng黙jes de Programaci髇\Trabajo de Referencia\prueba\prueba v5\play-scala-seed\app\controllers\UserController.scala. Using presentation compiler with project's scala-library version: 3.3.6
2025.06.12 09:15:49 INFO  no build target found for C:\Users\oscar\OneDrive\Documentos\CICLO VII\Leng黙jes de Programaci髇\Trabajo de Referencia\prueba\prueba v5\play-scala-seed\app\controllers\UserController.scala. Using presentation compiler with project's scala-library version: 3.3.6
2025.06.12 09:15:53 INFO  no build target found for C:\Users\oscar\OneDrive\Documentos\CICLO VII\Leng黙jes de Programaci髇\Trabajo de Referencia\prueba\prueba v5\play-scala-seed\app\controllers\UserController.scala. Using presentation compiler with project's scala-library version: 3.3.6
2025.06.12 09:16:00 INFO  no build target found for C:\Users\oscar\OneDrive\Documentos\CICLO VII\Leng黙jes de Programaci髇\Trabajo de Referencia\prueba\prueba v5\play-scala-seed\app\controllers\UserController.scala. Using presentation compiler with project's scala-library version: 3.3.6
2025.06.12 09:16:03 INFO  no build target found for C:\Users\oscar\OneDrive\Documentos\CICLO VII\Leng黙jes de Programaci髇\Trabajo de Referencia\prueba\prueba v5\play-scala-seed\app\controllers\UserController.scala. Using presentation compiler with project's scala-library version: 3.3.6
2025.06.12 09:16:03 INFO  no build target found for C:\Users\oscar\OneDrive\Documentos\CICLO VII\Leng黙jes de Programaci髇\Trabajo de Referencia\prueba\prueba v5\play-scala-seed\app\controllers\UserController.scala. Using presentation compiler with project's scala-library version: 3.3.6
2025.06.12 09:16:05 INFO  no build target found for C:\Users\oscar\OneDrive\Documentos\CICLO VII\Leng黙jes de Programaci髇\Trabajo de Referencia\prueba\prueba v5\play-scala-seed\app\controllers\UserController.scala. Using presentation compiler with project's scala-library version: 3.3.6
2025.06.12 09:16:06 INFO  no build target found for C:\Users\oscar\OneDrive\Documentos\CICLO VII\Leng黙jes de Programaci髇\Trabajo de Referencia\prueba\prueba v5\play-scala-seed\app\controllers\UserController.scala. Using presentation compiler with project's scala-library version: 3.3.6
jun. 12, 2025 9:16:06 A.燤. org.eclipse.lsp4j.jsonrpc.RemoteEndpoint handleCancellation
WARNING: Unmatched cancel notification for request id 338
2025.06.12 09:16:41 INFO  no build target found for C:\Users\oscar\OneDrive\Documentos\CICLO VII\Leng黙jes de Programaci髇\Trabajo de Referencia\prueba\prueba v5\play-scala-seed\app\db\MongoConnection.scala. Using presentation compiler with project's scala-library version: 3.3.6
2025.06.12 09:16:45 INFO  no build target found for C:\Users\oscar\OneDrive\Documentos\CICLO VII\Leng黙jes de Programaci髇\Trabajo de Referencia\prueba\prueba v5\play-scala-seed\app\db\MongoConnection.scala. Using presentation compiler with project's scala-library version: 3.3.6
2025.06.12 09:16:45 WARN  no build target for: C:\Users\oscar\OneDrive\Documentos\CICLO VII\Leng黙jes de Programaci髇\Trabajo de Referencia\prueba\prueba v5\play-scala-seed\app\db\MongoConnection.scala
2025.06.12 09:16:49 INFO  no build target found for C:\Users\oscar\OneDrive\Documentos\CICLO VII\Leng黙jes de Programaci髇\Trabajo de Referencia\prueba\prueba v5\play-scala-seed\app\db\MongoConnection.scala. Using presentation compiler with project's scala-library version: 3.3.6
2025.06.12 09:25:27 WARN  no build target for: C:\Users\oscar\OneDrive\Documentos\CICLO VII\Leng黙jes de Programaci髇\Trabajo de Referencia\prueba\prueba v5\play-scala-seed\app\models\User.scala
2025.06.12 09:25:27 INFO  no build target found for C:\Users\oscar\OneDrive\Documentos\CICLO VII\Leng黙jes de Programaci髇\Trabajo de Referencia\prueba\prueba v5\play-scala-seed\app\models\User.scala. Using presentation compiler with project's scala-library version: 3.3.6
2025.06.12 09:25:30 WARN  no build target for: C:\Users\oscar\OneDrive\Documentos\CICLO VII\Leng黙jes de Programaci髇\Trabajo de Referencia\prueba\prueba v5\play-scala-seed\app\db\MongoConnection.scala
2025.06.12 09:25:30 INFO  no build target found for C:\Users\oscar\OneDrive\Documentos\CICLO VII\Leng黙jes de Programaci髇\Trabajo de Referencia\prueba\prueba v5\play-scala-seed\app\db\MongoConnection.scala. Using presentation compiler with project's scala-library version: 3.3.6
2025.06.12 09:25:30 WARN  no build target for: C:\Users\oscar\OneDrive\Documentos\CICLO VII\Leng黙jes de Programaci髇\Trabajo de Referencia\prueba\prueba v5\play-scala-seed\app\controllers\UserController.scala
2025.06.12 09:25:30 INFO  no build target found for C:\Users\oscar\OneDrive\Documentos\CICLO VII\Leng黙jes de Programaci髇\Trabajo de Referencia\prueba\prueba v5\play-scala-seed\app\controllers\UserController.scala. Using presentation compiler with project's scala-library version: 3.3.6
2025.06.12 09:25:31 INFO  no build target found for C:\Users\oscar\OneDrive\Documentos\CICLO VII\Leng黙jes de Programaci髇\Trabajo de Referencia\prueba\prueba v5\play-scala-seed\app\controllers\UserController.scala. Using presentation compiler with project's scala-library version: 3.3.6
2025.06.12 09:25:31 INFO  no build target found for C:\Users\oscar\OneDrive\Documentos\CICLO VII\Leng黙jes de Programaci髇\Trabajo de Referencia\prueba\prueba v5\play-scala-seed\app\controllers\UserController.scala. Using presentation compiler with project's scala-library version: 3.3.6
2025.06.12 09:25:36 INFO  no build target found for C:\Users\oscar\OneDrive\Documentos\CICLO VII\Leng黙jes de Programaci髇\Trabajo de Referencia\prueba\prueba v5\play-scala-seed\app\controllers\UserController.scala. Using presentation compiler with project's scala-library version: 3.3.6
2025.06.12 09:27:54 WARN  no build target for: C:\Users\oscar\OneDrive\Documentos\CICLO VII\Leng黙jes de Programaci髇\Trabajo de Referencia\prueba\prueba v5\play-scala-seed\app\controllers\UserController.scala
2025.06.12 09:27:54 INFO  no build target found for C:\Users\oscar\OneDrive\Documentos\CICLO VII\Leng黙jes de Programaci髇\Trabajo de Referencia\prueba\prueba v5\play-scala-seed\app\controllers\UserController.scala. Using presentation compiler with project's scala-library version: 3.3.6
2025.06.12 09:27:54 INFO  no build target found for C:\Users\oscar\OneDrive\Documentos\CICLO VII\Leng黙jes de Programaci髇\Trabajo de Referencia\prueba\prueba v5\play-scala-seed\app\controllers\UserController.scala. Using presentation compiler with project's scala-library version: 3.3.6
2025.06.12 09:27:55 INFO  no build target found for C:\Users\oscar\OneDrive\Documentos\CICLO VII\Leng黙jes de Programaci髇\Trabajo de Referencia\prueba\prueba v5\play-scala-seed\app\controllers\HomeController.scala. Using presentation compiler with project's scala-library version: 3.3.6
2025.06.12 09:27:56 WARN  no build target for: C:\Users\oscar\OneDrive\Documentos\CICLO VII\Leng黙jes de Programaci髇\Trabajo de Referencia\prueba\prueba v5\play-scala-seed\app\controllers\UserController.scala
2025.06.12 09:27:55 INFO  no build target found for C:\Users\oscar\OneDrive\Documentos\CICLO VII\Leng黙jes de Programaci髇\Trabajo de Referencia\prueba\prueba v5\play-scala-seed\app\controllers\UserController.scala. Using presentation compiler with project's scala-library version: 3.3.6
jun. 12, 2025 9:27:56 A.燤. org.eclipse.lsp4j.jsonrpc.RemoteEndpoint handleCancellation
WARNING: Unmatched cancel notification for request id 422
2025.06.12 09:27:55 INFO  no build target found for C:\Users\oscar\OneDrive\Documentos\CICLO VII\Leng黙jes de Programaci髇\Trabajo de Referencia\prueba\prueba v5\play-scala-seed\app\controllers\UserController.scala. Using presentation compiler with project's scala-library version: 3.3.6
2025.06.12 09:27:57 INFO  no build target found for C:\Users\oscar\OneDrive\Documentos\CICLO VII\Leng黙jes de Programaci髇\Trabajo de Referencia\prueba\prueba v5\play-scala-seed\app\controllers\UserController.scala. Using presentation compiler with project's scala-library version: 3.3.6
2025.06.12 09:27:59 WARN  no build target for: C:\Users\oscar\OneDrive\Documentos\CICLO VII\Leng黙jes de Programaci髇\Trabajo de Referencia\prueba\prueba v5\play-scala-seed\app\db\MongoConnection.scala
2025.06.12 09:27:59 INFO  no build target found for C:\Users\oscar\OneDrive\Documentos\CICLO VII\Leng黙jes de Programaci髇\Trabajo de Referencia\prueba\prueba v5\play-scala-seed\app\db\MongoConnection.scala. Using presentation compiler with project's scala-library version: 3.3.6
2025.06.12 09:28:00 WARN  no build target for: C:\Users\oscar\OneDrive\Documentos\CICLO VII\Leng黙jes de Programaci髇\Trabajo de Referencia\prueba\prueba v5\play-scala-seed\app\controllers\UserController.scala
2025.06.12 09:27:59 INFO  no build target found for C:\Users\oscar\OneDrive\Documentos\CICLO VII\Leng黙jes de Programaci髇\Trabajo de Referencia\prueba\prueba v5\play-scala-seed\app\controllers\UserController.scala. Using presentation compiler with project's scala-library version: 3.3.6
2025.06.12 09:28:00 INFO  no build target found for C:\Users\oscar\OneDrive\Documentos\CICLO VII\Leng黙jes de Programaci髇\Trabajo de Referencia\prueba\prueba v5\play-scala-seed\app\controllers\UserController.scala. Using presentation compiler with project's scala-library version: 3.3.6
2025.06.12 09:28:09 INFO  no build target found for C:\Users\oscar\OneDrive\Documentos\CICLO VII\Leng黙jes de Programaci髇\Trabajo de Referencia\prueba\prueba v5\play-scala-seed\app\controllers\UserController.scala. Using presentation compiler with project's scala-library version: 3.3.6
2025.06.12 09:28:13 INFO  no build target found for C:\Users\oscar\OneDrive\Documentos\CICLO VII\Leng黙jes de Programaci髇\Trabajo de Referencia\prueba\prueba v5\play-scala-seed\app\controllers\UserController.scala. Using presentation compiler with project's scala-library version: 3.3.6
2025.06.12 09:28:13 INFO  no build target found for C:\Users\oscar\OneDrive\Documentos\CICLO VII\Leng黙jes de Programaci髇\Trabajo de Referencia\prueba\prueba v5\play-scala-seed\app\controllers\UserController.scala. Using presentation compiler with project's scala-library version: 3.3.6
2025.06.12 09:28:19 WARN  no build target for: C:\Users\oscar\OneDrive\Documentos\CICLO VII\Leng黙jes de Programaci髇\Trabajo de Referencia\prueba\prueba v5\play-scala-seed\app\controllers\HomeController.scala
2025.06.12 09:28:19 INFO  no build target found for C:\Users\oscar\OneDrive\Documentos\CICLO VII\Leng黙jes de Programaci髇\Trabajo de Referencia\prueba\prueba v5\play-scala-seed\app\controllers\HomeController.scala. Using presentation compiler with project's scala-library version: 3.3.6
2025.06.12 09:28:20 WARN  no build target for: C:\Users\oscar\OneDrive\Documentos\CICLO VII\Leng黙jes de Programaci髇\Trabajo de Referencia\prueba\prueba v5\play-scala-seed\app\controllers\UserController.scala
2025.06.12 09:28:19 INFO  no build target found for C:\Users\oscar\OneDrive\Documentos\CICLO VII\Leng黙jes de Programaci髇\Trabajo de Referencia\prueba\prueba v5\play-scala-seed\app\controllers\UserController.scala. Using presentation compiler with project's scala-library version: 3.3.6
2025.06.12 09:28:20 INFO  no build target found for C:\Users\oscar\OneDrive\Documentos\CICLO VII\Leng黙jes de Programaci髇\Trabajo de Referencia\prueba\prueba v5\play-scala-seed\app\controllers\UserController.scala. Using presentation compiler with project's scala-library version: 3.3.6
2025.06.12 09:28:20 INFO  no build target found for C:\Users\oscar\OneDrive\Documentos\CICLO VII\Leng黙jes de Programaci髇\Trabajo de Referencia\prueba\prueba v5\play-scala-seed\app\controllers\UserController.scala. Using presentation compiler with project's scala-library version: 3.3.6
2025.06.12 09:28:27 INFO  no build target found for C:\Users\oscar\OneDrive\Documentos\CICLO VII\Leng黙jes de Programaci髇\Trabajo de Referencia\prueba\prueba v5\play-scala-seed\app\controllers\UserController.scala. Using presentation compiler with project's scala-library version: 3.3.6
2025.06.12 09:28:39 WARN  no build target for: C:\Users\oscar\OneDrive\Documentos\CICLO VII\Leng黙jes de Programaci髇\Trabajo de Referencia\prueba\prueba v5\play-scala-seed\app\controllers\UserController.scala
2025.06.12 09:28:39 INFO  no build target found for C:\Users\oscar\OneDrive\Documentos\CICLO VII\Leng黙jes de Programaci髇\Trabajo de Referencia\prueba\prueba v5\play-scala-seed\app\controllers\UserController.scala. Using presentation compiler with project's scala-library version: 3.3.6
2025.06.12 09:28:39 INFO  no build target found for C:\Users\oscar\OneDrive\Documentos\CICLO VII\Leng黙jes de Programaci髇\Trabajo de Referencia\prueba\prueba v5\play-scala-seed\app\controllers\UserController.scala. Using presentation compiler with project's scala-library version: 3.3.6
2025.06.12 09:28:39 INFO  no build target found for C:\Users\oscar\OneDrive\Documentos\CICLO VII\Leng黙jes de Programaci髇\Trabajo de Referencia\prueba\prueba v5\play-scala-seed\app\controllers\UserController.scala. Using presentation compiler with project's scala-library version: 3.3.6
2025.06.12 09:28:41 INFO  no build target found for C:\Users\oscar\OneDrive\Documentos\CICLO VII\Leng黙jes de Programaci髇\Trabajo de Referencia\prueba\prueba v5\play-scala-seed\app\controllers\UserController.scala. Using presentation compiler with project's scala-library version: 3.3.6
2025.06.12 09:28:41 INFO  no build target found for C:\Users\oscar\OneDrive\Documentos\CICLO VII\Leng黙jes de Programaci髇\Trabajo de Referencia\prueba\prueba v5\play-scala-seed\app\controllers\UserController.scala. Using presentation compiler with project's scala-library version: 3.3.6
2025.06.12 09:28:44 INFO  no build target found for C:\Users\oscar\OneDrive\Documentos\CICLO VII\Leng黙jes de Programaci髇\Trabajo de Referencia\prueba\prueba v5\play-scala-seed\app\controllers\UserController.scala. Using presentation compiler with project's scala-library version: 3.3.6
2025.06.12 09:28:46 WARN  no build target for: C:\Users\oscar\OneDrive\Documentos\CICLO VII\Leng黙jes de Programaci髇\Trabajo de Referencia\prueba\prueba v5\play-scala-seed\app\controllers\Supplier.scala
2025.06.12 09:29:12 WARN  no build target for: C:\Users\oscar\OneDrive\Documentos\CICLO VII\Leng黙jes de Programaci髇\Trabajo de Referencia\prueba\prueba v5\play-scala-seed\app\models\User.scala
2025.06.12 09:29:12 INFO  no build target found for C:\Users\oscar\OneDrive\Documentos\CICLO VII\Leng黙jes de Programaci髇\Trabajo de Referencia\prueba\prueba v5\play-scala-seed\app\models\User.scala. Using presentation compiler with project's scala-library version: 3.3.6
2025.06.12 09:29:13 INFO  no build target found for C:\Users\oscar\OneDrive\Documentos\CICLO VII\Leng黙jes de Programaci髇\Trabajo de Referencia\prueba\prueba v5\play-scala-seed\app\models\User.scala. Using presentation compiler with project's scala-library version: 3.3.6
2025.06.12 09:29:14 WARN  no build target for: C:\Users\oscar\OneDrive\Documentos\CICLO VII\Leng黙jes de Programaci髇\Trabajo de Referencia\prueba\prueba v5\play-scala-seed\app\models\Supplier.scala
2025.06.12 09:29:15 INFO  no build target found for C:\Users\oscar\OneDrive\Documentos\CICLO VII\Leng黙jes de Programaci髇\Trabajo de Referencia\prueba\prueba v5\play-scala-seed\app\models\Supplier.scala. Using presentation compiler with project's scala-library version: 3.3.6
2025.06.12 09:29:49 WARN  no build target for: C:\Users\oscar\OneDrive\Documentos\CICLO VII\Leng黙jes de Programaci髇\Trabajo de Referencia\prueba\prueba v5\play-scala-seed\app\models\User.scala
2025.06.12 09:29:49 INFO  no build target found for C:\Users\oscar\OneDrive\Documentos\CICLO VII\Leng黙jes de Programaci髇\Trabajo de Referencia\prueba\prueba v5\play-scala-seed\app\models\User.scala. Using presentation compiler with project's scala-library version: 3.3.6
2025.06.12 09:29:49 INFO  no build target found for C:\Users\oscar\OneDrive\Documentos\CICLO VII\Leng黙jes de Programaci髇\Trabajo de Referencia\prueba\prueba v5\play-scala-seed\app\models\User.scala. Using presentation compiler with project's scala-library version: 3.3.6
2025.06.12 09:29:51 WARN  no build target for: C:\Users\oscar\OneDrive\Documentos\CICLO VII\Leng黙jes de Programaci髇\Trabajo de Referencia\prueba\prueba v5\play-scala-seed\app\models\Supplier.scala
2025.06.12 09:29:51 INFO  no build target found for C:\Users\oscar\OneDrive\Documentos\CICLO VII\Leng黙jes de Programaci髇\Trabajo de Referencia\prueba\prueba v5\play-scala-seed\app\models\Supplier.scala. Using presentation compiler with project's scala-library version: 3.3.6
2025.06.12 09:29:53 INFO  no build target found for C:\Users\oscar\OneDrive\Documentos\CICLO VII\Leng黙jes de Programaci髇\Trabajo de Referencia\prueba\prueba v5\play-scala-seed\app\models\Supplier.scala. Using presentation compiler with project's scala-library version: 3.3.6
2025.06.12 09:29:53 INFO  no build target found for C:\Users\oscar\OneDrive\Documentos\CICLO VII\Leng黙jes de Programaci髇\Trabajo de Referencia\prueba\prueba v5\play-scala-seed\app\models\Supplier.scala. Using presentation compiler with project's scala-library version: 3.3.6
2025.06.12 09:29:53 INFO  no build target found for C:\Users\oscar\OneDrive\Documentos\CICLO VII\Leng黙jes de Programaci髇\Trabajo de Referencia\prueba\prueba v5\play-scala-seed\app\models\Supplier.scala. Using presentation compiler with project's scala-library version: 3.3.6
2025.06.12 09:29:53 INFO  no build target found for C:\Users\oscar\OneDrive\Documentos\CICLO VII\Leng黙jes de Programaci髇\Trabajo de Referencia\prueba\prueba v5\play-scala-seed\app\models\Supplier.scala. Using presentation compiler with project's scala-library version: 3.3.6
2025.06.12 09:29:53 INFO  no build target found for C:\Users\oscar\OneDrive\Documentos\CICLO VII\Leng黙jes de Programaci髇\Trabajo de Referencia\prueba\prueba v5\play-scala-seed\app\models\Supplier.scala. Using presentation compiler with project's scala-library version: 3.3.6
2025.06.12 09:29:53 INFO  no build target found for C:\Users\oscar\OneDrive\Documentos\CICLO VII\Leng黙jes de Programaci髇\Trabajo de Referencia\prueba\prueba v5\play-scala-seed\app\models\Supplier.scala. Using presentation compiler with project's scala-library version: 3.3.6
2025.06.12 09:29:54 INFO  no build target found for C:\Users\oscar\OneDrive\Documentos\CICLO VII\Leng黙jes de Programaci髇\Trabajo de Referencia\prueba\prueba v5\play-scala-seed\app\models\Supplier.scala. Using presentation compiler with project's scala-library version: 3.3.6
2025.06.12 09:29:54 INFO  no build target found for C:\Users\oscar\OneDrive\Documentos\CICLO VII\Leng黙jes de Programaci髇\Trabajo de Referencia\prueba\prueba v5\play-scala-seed\app\models\Supplier.scala. Using presentation compiler with project's scala-library version: 3.3.6
2025.06.12 09:29:54 INFO  no build target found for C:\Users\oscar\OneDrive\Documentos\CICLO VII\Leng黙jes de Programaci髇\Trabajo de Referencia\prueba\prueba v5\play-scala-seed\app\models\Supplier.scala. Using presentation compiler with project's scala-library version: 3.3.6
2025.06.12 09:29:54 INFO  no build target found for C:\Users\oscar\OneDrive\Documentos\CICLO VII\Leng黙jes de Programaci髇\Trabajo de Referencia\prueba\prueba v5\play-scala-seed\app\models\Supplier.scala. Using presentation compiler with project's scala-library version: 3.3.6
2025.06.12 09:29:54 INFO  no build target found for C:\Users\oscar\OneDrive\Documentos\CICLO VII\Leng黙jes de Programaci髇\Trabajo de Referencia\prueba\prueba v5\play-scala-seed\app\models\Supplier.scala. Using presentation compiler with project's scala-library version: 3.3.6
2025.06.12 09:29:54 INFO  no build target found for C:\Users\oscar\OneDrive\Documentos\CICLO VII\Leng黙jes de Programaci髇\Trabajo de Referencia\prueba\prueba v5\play-scala-seed\app\models\Supplier.scala. Using presentation compiler with project's scala-library version: 3.3.6
2025.06.12 09:29:54 INFO  no build target found for C:\Users\oscar\OneDrive\Documentos\CICLO VII\Leng黙jes de Programaci髇\Trabajo de Referencia\prueba\prueba v5\play-scala-seed\app\models\Supplier.scala. Using presentation compiler with project's scala-library version: 3.3.6
2025.06.12 09:29:54 INFO  no build target found for C:\Users\oscar\OneDrive\Documentos\CICLO VII\Leng黙jes de Programaci髇\Trabajo de Referencia\prueba\prueba v5\play-scala-seed\app\models\Supplier.scala. Using presentation compiler with project's scala-library version: 3.3.6
2025.06.12 09:29:55 INFO  no build target found for C:\Users\oscar\OneDrive\Documentos\CICLO VII\Leng黙jes de Programaci髇\Trabajo de Referencia\prueba\prueba v5\play-scala-seed\app\models\Supplier.scala. Using presentation compiler with project's scala-library version: 3.3.6
2025.06.12 09:29:55 INFO  no build target found for C:\Users\oscar\OneDrive\Documentos\CICLO VII\Leng黙jes de Programaci髇\Trabajo de Referencia\prueba\prueba v5\play-scala-seed\app\models\Supplier.scala. Using presentation compiler with project's scala-library version: 3.3.6
2025.06.12 09:29:57 INFO  no build target found for C:\Users\oscar\OneDrive\Documentos\CICLO VII\Leng黙jes de Programaci髇\Trabajo de Referencia\prueba\prueba v5\play-scala-seed\app\models\Supplier.scala. Using presentation compiler with project's scala-library version: 3.3.6
2025.06.12 09:29:57 INFO  no build target found for C:\Users\oscar\OneDrive\Documentos\CICLO VII\Leng黙jes de Programaci髇\Trabajo de Referencia\prueba\prueba v5\play-scala-seed\app\models\Supplier.scala. Using presentation compiler with project's scala-library version: 3.3.6
2025.06.12 09:29:57 INFO  no build target found for C:\Users\oscar\OneDrive\Documentos\CICLO VII\Leng黙jes de Programaci髇\Trabajo de Referencia\prueba\prueba v5\play-scala-seed\app\models\Supplier.scala. Using presentation compiler with project's scala-library version: 3.3.6
2025.06.12 09:30:00 INFO  no build target found for C:\Users\oscar\OneDrive\Documentos\CICLO VII\Leng黙jes de Programaci髇\Trabajo de Referencia\prueba\prueba v5\play-scala-seed\app\models\Supplier.scala. Using presentation compiler with project's scala-library version: 3.3.6
2025.06.12 09:30:00 INFO  no build target found for C:\Users\oscar\OneDrive\Documentos\CICLO VII\Leng黙jes de Programaci髇\Trabajo de Referencia\prueba\prueba v5\play-scala-seed\app\models\Supplier.scala. Using presentation compiler with project's scala-library version: 3.3.6
2025.06.12 09:30:00 INFO  no build target found for C:\Users\oscar\OneDrive\Documentos\CICLO VII\Leng黙jes de Programaci髇\Trabajo de Referencia\prueba\prueba v5\play-scala-seed\app\models\Supplier.scala. Using presentation compiler with project's scala-library version: 3.3.6
2025.06.12 09:30:00 INFO  no build target found for C:\Users\oscar\OneDrive\Documentos\CICLO VII\Leng黙jes de Programaci髇\Trabajo de Referencia\prueba\prueba v5\play-scala-seed\app\models\Supplier.scala. Using presentation compiler with project's scala-library version: 3.3.6
2025.06.12 09:30:00 INFO  no build target found for C:\Users\oscar\OneDrive\Documentos\CICLO VII\Leng黙jes de Programaci髇\Trabajo de Referencia\prueba\prueba v5\play-scala-seed\app\models\Supplier.scala. Using presentation compiler with project's scala-library version: 3.3.6
2025.06.12 09:30:03 INFO  no build target found for C:\Users\oscar\OneDrive\Documentos\CICLO VII\Leng黙jes de Programaci髇\Trabajo de Referencia\prueba\prueba v5\play-scala-seed\app\models\Supplier.scala. Using presentation compiler with project's scala-library version: 3.3.6
2025.06.12 09:30:03 INFO  no build target found for C:\Users\oscar\OneDrive\Documentos\CICLO VII\Leng黙jes de Programaci髇\Trabajo de Referencia\prueba\prueba v5\play-scala-seed\app\models\Supplier.scala. Using presentation compiler with project's scala-library version: 3.3.6
2025.06.12 09:30:03 INFO  no build target found for C:\Users\oscar\OneDrive\Documentos\CICLO VII\Leng黙jes de Programaci髇\Trabajo de Referencia\prueba\prueba v5\play-scala-seed\app\models\Supplier.scala. Using presentation compiler with project's scala-library version: 3.3.6
2025.06.12 09:30:05 INFO  no build target found for C:\Users\oscar\OneDrive\Documentos\CICLO VII\Leng黙jes de Programaci髇\Trabajo de Referencia\prueba\prueba v5\play-scala-seed\app\models\Supplier.scala. Using presentation compiler with project's scala-library version: 3.3.6
2025.06.12 09:30:05 INFO  no build target found for C:\Users\oscar\OneDrive\Documentos\CICLO VII\Leng黙jes de Programaci髇\Trabajo de Referencia\prueba\prueba v5\play-scala-seed\app\models\Supplier.scala. Using presentation compiler with project's scala-library version: 3.3.6
2025.06.12 09:30:05 INFO  no build target found for C:\Users\oscar\OneDrive\Documentos\CICLO VII\Leng黙jes de Programaci髇\Trabajo de Referencia\prueba\prueba v5\play-scala-seed\app\models\Supplier.scala. Using presentation compiler with project's scala-library version: 3.3.6
2025.06.12 09:30:05 INFO  no build target found for C:\Users\oscar\OneDrive\Documentos\CICLO VII\Leng黙jes de Programaci髇\Trabajo de Referencia\prueba\prueba v5\play-scala-seed\app\models\Supplier.scala. Using presentation compiler with project's scala-library version: 3.3.6
2025.06.12 09:30:05 INFO  no build target found for C:\Users\oscar\OneDrive\Documentos\CICLO VII\Leng黙jes de Programaci髇\Trabajo de Referencia\prueba\prueba v5\play-scala-seed\app\models\Supplier.scala. Using presentation compiler with project's scala-library version: 3.3.6
2025.06.12 09:30:06 INFO  no build target found for C:\Users\oscar\OneDrive\Documentos\CICLO VII\Leng黙jes de Programaci髇\Trabajo de Referencia\prueba\prueba v5\play-scala-seed\app\models\Supplier.scala. Using presentation compiler with project's scala-library version: 3.3.6
2025.06.12 09:30:06 INFO  no build target found for C:\Users\oscar\OneDrive\Documentos\CICLO VII\Leng黙jes de Programaci髇\Trabajo de Referencia\prueba\prueba v5\play-scala-seed\app\models\Supplier.scala. Using presentation compiler with project's scala-library version: 3.3.6
2025.06.12 09:30:06 INFO  no build target found for C:\Users\oscar\OneDrive\Documentos\CICLO VII\Leng黙jes de Programaci髇\Trabajo de Referencia\prueba\prueba v5\play-scala-seed\app\models\Supplier.scala. Using presentation compiler with project's scala-library version: 3.3.6
2025.06.12 09:30:07 INFO  no build target found for C:\Users\oscar\OneDrive\Documentos\CICLO VII\Leng黙jes de Programaci髇\Trabajo de Referencia\prueba\prueba v5\play-scala-seed\app\models\Supplier.scala. Using presentation compiler with project's scala-library version: 3.3.6
2025.06.12 09:30:07 INFO  no build target found for C:\Users\oscar\OneDrive\Documentos\CICLO VII\Leng黙jes de Programaci髇\Trabajo de Referencia\prueba\prueba v5\play-scala-seed\app\models\Supplier.scala. Using presentation compiler with project's scala-library version: 3.3.6
2025.06.12 09:30:07 INFO  no build target found for C:\Users\oscar\OneDrive\Documentos\CICLO VII\Leng黙jes de Programaci髇\Trabajo de Referencia\prueba\prueba v5\play-scala-seed\app\models\Supplier.scala. Using presentation compiler with project's scala-library version: 3.3.6
2025.06.12 09:30:07 INFO  no build target found for C:\Users\oscar\OneDrive\Documentos\CICLO VII\Leng黙jes de Programaci髇\Trabajo de Referencia\prueba\prueba v5\play-scala-seed\app\models\Supplier.scala. Using presentation compiler with project's scala-library version: 3.3.6
2025.06.12 09:30:10 WARN  no build target for: C:\Users\oscar\OneDrive\Documentos\CICLO VII\Leng黙jes de Programaci髇\Trabajo de Referencia\prueba\prueba v5\play-scala-seed\app\models\Supplier.scala
2025.06.12 09:30:10 INFO  no build target found for C:\Users\oscar\OneDrive\Documentos\CICLO VII\Leng黙jes de Programaci髇\Trabajo de Referencia\prueba\prueba v5\play-scala-seed\app\models\Supplier.scala. Using presentation compiler with project's scala-library version: 3.3.6
2025.06.12 09:30:13 WARN  no build target for: C:\Users\oscar\OneDrive\Documentos\CICLO VII\Leng黙jes de Programaci髇\Trabajo de Referencia\prueba\prueba v5\play-scala-seed\app\controllers\UserController.scala
2025.06.12 09:30:13 INFO  no build target found for C:\Users\oscar\OneDrive\Documentos\CICLO VII\Leng黙jes de Programaci髇\Trabajo de Referencia\prueba\prueba v5\play-scala-seed\app\controllers\UserController.scala. Using presentation compiler with project's scala-library version: 3.3.6
2025.06.12 09:30:13 INFO  no build target found for C:\Users\oscar\OneDrive\Documentos\CICLO VII\Leng黙jes de Programaci髇\Trabajo de Referencia\prueba\prueba v5\play-scala-seed\app\controllers\UserController.scala. Using presentation compiler with project's scala-library version: 3.3.6
2025.06.12 09:30:13 INFO  no build target found for C:\Users\oscar\OneDrive\Documentos\CICLO VII\Leng黙jes de Programaci髇\Trabajo de Referencia\prueba\prueba v5\play-scala-seed\app\controllers\UserController.scala. Using presentation compiler with project's scala-library version: 3.3.6
2025.06.12 09:30:15 INFO  no build target found for C:\Users\oscar\OneDrive\Documentos\CICLO VII\Leng黙jes de Programaci髇\Trabajo de Referencia\prueba\prueba v5\play-scala-seed\app\controllers\UserController.scala. Using presentation compiler with project's scala-library version: 3.3.6
2025.06.12 09:30:17 WARN  no build target for: C:\Users\oscar\OneDrive\Documentos\CICLO VII\Leng黙jes de Programaci髇\Trabajo de Referencia\prueba\prueba v5\play-scala-seed\app\controllers\Supplier.scala
2025.06.12 09:30:18 INFO  no build target found for C:\Users\oscar\OneDrive\Documentos\CICLO VII\Leng黙jes de Programaci髇\Trabajo de Referencia\prueba\prueba v5\play-scala-seed\app\controllers\Supplier.scala. Using presentation compiler with project's scala-library version: 3.3.6
2025.06.12 09:30:19 INFO  no build target found for C:\Users\oscar\OneDrive\Documentos\CICLO VII\Leng黙jes de Programaci髇\Trabajo de Referencia\prueba\prueba v5\play-scala-seed\app\controllers\Supplier.scala. Using presentation compiler with project's scala-library version: 3.3.6
2025.06.12 09:30:19 INFO  no build target found for C:\Users\oscar\OneDrive\Documentos\CICLO VII\Leng黙jes de Programaci髇\Trabajo de Referencia\prueba\prueba v5\play-scala-seed\app\controllers\Supplier.scala. Using presentation compiler with project's scala-library version: 3.3.6
2025.06.12 09:30:19 INFO  no build target found for C:\Users\oscar\OneDrive\Documentos\CICLO VII\Leng黙jes de Programaci髇\Trabajo de Referencia\prueba\prueba v5\play-scala-seed\app\controllers\Supplier.scala. Using presentation compiler with project's scala-library version: 3.3.6
2025.06.12 09:30:19 INFO  no build target found for C:\Users\oscar\OneDrive\Documentos\CICLO VII\Leng黙jes de Programaci髇\Trabajo de Referencia\prueba\prueba v5\play-scala-seed\app\controllers\Supplier.scala. Using presentation compiler with project's scala-library version: 3.3.6
2025.06.12 09:30:19 INFO  no build target found for C:\Users\oscar\OneDrive\Documentos\CICLO VII\Leng黙jes de Programaci髇\Trabajo de Referencia\prueba\prueba v5\play-scala-seed\app\controllers\Supplier.scala. Using presentation compiler with project's scala-library version: 3.3.6
2025.06.12 09:30:20 INFO  no build target found for C:\Users\oscar\OneDrive\Documentos\CICLO VII\Leng黙jes de Programaci髇\Trabajo de Referencia\prueba\prueba v5\play-scala-seed\app\controllers\Supplier.scala. Using presentation compiler with project's scala-library version: 3.3.6
2025.06.12 09:30:20 INFO  no build target found for C:\Users\oscar\OneDrive\Documentos\CICLO VII\Leng黙jes de Programaci髇\Trabajo de Referencia\prueba\prueba v5\play-scala-seed\app\controllers\Supplier.scala. Using presentation compiler with project's scala-library version: 3.3.6
2025.06.12 09:30:20 INFO  no build target found for C:\Users\oscar\OneDrive\Documentos\CICLO VII\Leng黙jes de Programaci髇\Trabajo de Referencia\prueba\prueba v5\play-scala-seed\app\controllers\Supplier.scala. Using presentation compiler with project's scala-library version: 3.3.6
2025.06.12 09:30:20 INFO  no build target found for C:\Users\oscar\OneDrive\Documentos\CICLO VII\Leng黙jes de Programaci髇\Trabajo de Referencia\prueba\prueba v5\play-scala-seed\app\controllers\Supplier.scala. Using presentation compiler with project's scala-library version: 3.3.6
2025.06.12 09:30:20 INFO  no build target found for C:\Users\oscar\OneDrive\Documentos\CICLO VII\Leng黙jes de Programaci髇\Trabajo de Referencia\prueba\prueba v5\play-scala-seed\app\controllers\Supplier.scala. Using presentation compiler with project's scala-library version: 3.3.6
2025.06.12 09:30:23 INFO  no build target found for C:\Users\oscar\OneDrive\Documentos\CICLO VII\Leng黙jes de Programaci髇\Trabajo de Referencia\prueba\prueba v5\play-scala-seed\app\controllers\Supplier.scala. Using presentation compiler with project's scala-library version: 3.3.6
2025.06.12 09:30:23 INFO  no build target found for C:\Users\oscar\OneDrive\Documentos\CICLO VII\Leng黙jes de Programaci髇\Trabajo de Referencia\prueba\prueba v5\play-scala-seed\app\controllers\Supplier.scala. Using presentation compiler with project's scala-library version: 3.3.6
2025.06.12 09:30:23 INFO  no build target found for C:\Users\oscar\OneDrive\Documentos\CICLO VII\Leng黙jes de Programaci髇\Trabajo de Referencia\prueba\prueba v5\play-scala-seed\app\controllers\Supplier.scala. Using presentation compiler with project's scala-library version: 3.3.6
jun. 12, 2025 9:30:23 A.燤. org.eclipse.lsp4j.jsonrpc.RemoteEndpoint handleCancellation
WARNING: Unmatched cancel notification for request id 657
2025.06.12 09:30:23 INFO  no build target found for C:\Users\oscar\OneDrive\Documentos\CICLO VII\Leng黙jes de Programaci髇\Trabajo de Referencia\prueba\prueba v5\play-scala-seed\app\controllers\Supplier.scala. Using presentation compiler with project's scala-library version: 3.3.6
2025.06.12 09:30:23 INFO  no build target found for C:\Users\oscar\OneDrive\Documentos\CICLO VII\Leng黙jes de Programaci髇\Trabajo de Referencia\prueba\prueba v5\play-scala-seed\app\controllers\Supplier.scala. Using presentation compiler with project's scala-library version: 3.3.6
2025.06.12 09:30:23 INFO  no build target found for C:\Users\oscar\OneDrive\Documentos\CICLO VII\Leng黙jes de Programaci髇\Trabajo de Referencia\prueba\prueba v5\play-scala-seed\app\controllers\Supplier.scala. Using presentation compiler with project's scala-library version: 3.3.6
2025.06.12 09:30:23 INFO  no build target found for C:\Users\oscar\OneDrive\Documentos\CICLO VII\Leng黙jes de Programaci髇\Trabajo de Referencia\prueba\prueba v5\play-scala-seed\app\controllers\Supplier.scala. Using presentation compiler with project's scala-library version: 3.3.6
2025.06.12 09:30:24 INFO  no build target found for C:\Users\oscar\OneDrive\Documentos\CICLO VII\Leng黙jes de Programaci髇\Trabajo de Referencia\prueba\prueba v5\play-scala-seed\app\controllers\Supplier.scala. Using presentation compiler with project's scala-library version: 3.3.6
2025.06.12 09:30:24 INFO  no build target found for C:\Users\oscar\OneDrive\Documentos\CICLO VII\Leng黙jes de Programaci髇\Trabajo de Referencia\prueba\prueba v5\play-scala-seed\app\controllers\Supplier.scala. Using presentation compiler with project's scala-library version: 3.3.6
2025.06.12 09:30:24 INFO  no build target found for C:\Users\oscar\OneDrive\Documentos\CICLO VII\Leng黙jes de Programaci髇\Trabajo de Referencia\prueba\prueba v5\play-scala-seed\app\controllers\Supplier.scala. Using presentation compiler with project's scala-library version: 3.3.6
2025.06.12 09:30:24 INFO  no build target found for C:\Users\oscar\OneDrive\Documentos\CICLO VII\Leng黙jes de Programaci髇\Trabajo de Referencia\prueba\prueba v5\play-scala-seed\app\controllers\Supplier.scala. Using presentation compiler with project's scala-library version: 3.3.6
2025.06.12 09:30:26 INFO  no build target found for C:\Users\oscar\OneDrive\Documentos\CICLO VII\Leng黙jes de Programaci髇\Trabajo de Referencia\prueba\prueba v5\play-scala-seed\app\controllers\Supplier.scala. Using presentation compiler with project's scala-library version: 3.3.6
2025.06.12 09:30:26 INFO  no build target found for C:\Users\oscar\OneDrive\Documentos\CICLO VII\Leng黙jes de Programaci髇\Trabajo de Referencia\prueba\prueba v5\play-scala-seed\app\controllers\Supplier.scala. Using presentation compiler with project's scala-library version: 3.3.6
2025.06.12 09:30:28 INFO  no build target found for C:\Users\oscar\OneDrive\Documentos\CICLO VII\Leng黙jes de Programaci髇\Trabajo de Referencia\prueba\prueba v5\play-scala-seed\app\controllers\Supplier.scala. Using presentation compiler with project's scala-library version: 3.3.6
Exception in thread "pool-81-thread-1" java.lang.InterruptedException
	at scala.meta.internal.metals.FutureCancelToken.checkCanceled(FutureCancelToken.scala:29)
	at scala.meta.internal.pc.CompilerAccess.onCompilerJobQueue$$anonfun$1(CompilerAccess.scala:244)
	at scala.meta.internal.pc.CompilerJobQueue$Job.run(CompilerJobQueue.scala:153)
	at java.base/java.util.concurrent.ThreadPoolExecutor.runWorker(ThreadPoolExecutor.java:1136)
	at java.base/java.util.concurrent.ThreadPoolExecutor$Worker.run(ThreadPoolExecutor.java:635)
	at java.base/java.lang.Thread.run(Thread.java:842)
2025.06.12 09:30:28 INFO  no build target found for C:\Users\oscar\OneDrive\Documentos\CICLO VII\Leng黙jes de Programaci髇\Trabajo de Referencia\prueba\prueba v5\play-scala-seed\app\controllers\Supplier.scala. Using presentation compiler with project's scala-library version: 3.3.6
2025.06.12 09:30:39 INFO  no build target found for C:\Users\oscar\OneDrive\Documentos\CICLO VII\Leng黙jes de Programaci髇\Trabajo de Referencia\prueba\prueba v5\play-scala-seed\app\controllers\Supplier.scala. Using presentation compiler with project's scala-library version: 3.3.6
2025.06.12 09:30:39 INFO  no build target found for c:\Users\oscar\OneDrive\Documentos\CICLO VII\Leng黙jes de Programaci髇\Trabajo de Referencia\prueba\prueba v5\play-scala-seed\app\controllers\Supplier.scala. Using presentation compiler with project's scala-library version: 3.3.6
2025.06.12 09:30:39 INFO  no build target found for C:\Users\oscar\OneDrive\Documentos\CICLO VII\Leng黙jes de Programaci髇\Trabajo de Referencia\prueba\prueba v5\play-scala-seed\app\controllers\SupplierController.scala. Using presentation compiler with project's scala-library version: 3.3.6
2025.06.12 09:30:39 INFO  no build target found for C:\Users\oscar\OneDrive\Documentos\CICLO VII\Leng黙jes de Programaci髇\Trabajo de Referencia\prueba\prueba v5\play-scala-seed\app\controllers\SupplierController.scala. Using presentation compiler with project's scala-library version: 3.3.6
2025.06.12 09:30:41 INFO  no build target found for C:\Users\oscar\OneDrive\Documentos\CICLO VII\Leng黙jes de Programaci髇\Trabajo de Referencia\prueba\prueba v5\play-scala-seed\app\controllers\SupplierController.scala. Using presentation compiler with project's scala-library version: 3.3.6
2025.06.12 09:30:44 INFO  no build target found for C:\Users\oscar\OneDrive\Documentos\CICLO VII\Leng黙jes de Programaci髇\Trabajo de Referencia\prueba\prueba v5\play-scala-seed\app\controllers\SupplierController.scala. Using presentation compiler with project's scala-library version: 3.3.6
2025.06.12 09:30:44 INFO  no build target found for C:\Users\oscar\OneDrive\Documentos\CICLO VII\Leng黙jes de Programaci髇\Trabajo de Referencia\prueba\prueba v5\play-scala-seed\app\controllers\SupplierController.scala. Using presentation compiler with project's scala-library version: 3.3.6
2025.06.12 09:30:44 INFO  no build target found for C:\Users\oscar\OneDrive\Documentos\CICLO VII\Leng黙jes de Programaci髇\Trabajo de Referencia\prueba\prueba v5\play-scala-seed\app\controllers\SupplierController.scala. Using presentation compiler with project's scala-library version: 3.3.6
2025.06.12 09:30:46 INFO  no build target found for C:\Users\oscar\OneDrive\Documentos\CICLO VII\Leng黙jes de Programaci髇\Trabajo de Referencia\prueba\prueba v5\play-scala-seed\app\controllers\SupplierController.scala. Using presentation compiler with project's scala-library version: 3.3.6
2025.06.12 09:30:46 INFO  no build target found for C:\Users\oscar\OneDrive\Documentos\CICLO VII\Leng黙jes de Programaci髇\Trabajo de Referencia\prueba\prueba v5\play-scala-seed\app\controllers\SupplierController.scala. Using presentation compiler with project's scala-library version: 3.3.6
2025.06.12 09:30:46 INFO  no build target found for C:\Users\oscar\OneDrive\Documentos\CICLO VII\Leng黙jes de Programaci髇\Trabajo de Referencia\prueba\prueba v5\play-scala-seed\app\controllers\SupplierController.scala. Using presentation compiler with project's scala-library version: 3.3.6
2025.06.12 09:30:46 INFO  no build target found for C:\Users\oscar\OneDrive\Documentos\CICLO VII\Leng黙jes de Programaci髇\Trabajo de Referencia\prueba\prueba v5\play-scala-seed\app\controllers\SupplierController.scala. Using presentation compiler with project's scala-library version: 3.3.6
2025.06.12 09:30:46 INFO  no build target found for C:\Users\oscar\OneDrive\Documentos\CICLO VII\Leng黙jes de Programaci髇\Trabajo de Referencia\prueba\prueba v5\play-scala-seed\app\controllers\SupplierController.scala. Using presentation compiler with project's scala-library version: 3.3.6
2025.06.12 09:30:47 INFO  no build target found for C:\Users\oscar\OneDrive\Documentos\CICLO VII\Leng黙jes de Programaci髇\Trabajo de Referencia\prueba\prueba v5\play-scala-seed\app\controllers\SupplierController.scala. Using presentation compiler with project's scala-library version: 3.3.6
2025.06.12 09:30:49 INFO  no build target found for C:\Users\oscar\OneDrive\Documentos\CICLO VII\Leng黙jes de Programaci髇\Trabajo de Referencia\prueba\prueba v5\play-scala-seed\app\controllers\SupplierController.scala. Using presentation compiler with project's scala-library version: 3.3.6
2025.06.12 09:30:49 INFO  no build target found for C:\Users\oscar\OneDrive\Documentos\CICLO VII\Leng黙jes de Programaci髇\Trabajo de Referencia\prueba\prueba v5\play-scala-seed\app\controllers\SupplierController.scala. Using presentation compiler with project's scala-library version: 3.3.6
2025.06.12 09:30:49 INFO  no build target found for C:\Users\oscar\OneDrive\Documentos\CICLO VII\Leng黙jes de Programaci髇\Trabajo de Referencia\prueba\prueba v5\play-scala-seed\app\controllers\SupplierController.scala. Using presentation compiler with project's scala-library version: 3.3.6
2025.06.12 09:30:50 INFO  no build target found for C:\Users\oscar\OneDrive\Documentos\CICLO VII\Leng黙jes de Programaci髇\Trabajo de Referencia\prueba\prueba v5\play-scala-seed\app\controllers\SupplierController.scala. Using presentation compiler with project's scala-library version: 3.3.6
2025.06.12 09:30:50 INFO  no build target found for C:\Users\oscar\OneDrive\Documentos\CICLO VII\Leng黙jes de Programaci髇\Trabajo de Referencia\prueba\prueba v5\play-scala-seed\app\controllers\SupplierController.scala. Using presentation compiler with project's scala-library version: 3.3.6
2025.06.12 09:30:50 INFO  no build target found for C:\Users\oscar\OneDrive\Documentos\CICLO VII\Leng黙jes de Programaci髇\Trabajo de Referencia\prueba\prueba v5\play-scala-seed\app\controllers\SupplierController.scala. Using presentation compiler with project's scala-library version: 3.3.6
2025.06.12 09:30:50 INFO  no build target found for C:\Users\oscar\OneDrive\Documentos\CICLO VII\Leng黙jes de Programaci髇\Trabajo de Referencia\prueba\prueba v5\play-scala-seed\app\controllers\SupplierController.scala. Using presentation compiler with project's scala-library version: 3.3.6
2025.06.12 09:30:50 INFO  no build target found for C:\Users\oscar\OneDrive\Documentos\CICLO VII\Leng黙jes de Programaci髇\Trabajo de Referencia\prueba\prueba v5\play-scala-seed\app\controllers\SupplierController.scala. Using presentation compiler with project's scala-library version: 3.3.6
2025.06.12 09:30:50 INFO  no build target found for C:\Users\oscar\OneDrive\Documentos\CICLO VII\Leng黙jes de Programaci髇\Trabajo de Referencia\prueba\prueba v5\play-scala-seed\app\controllers\SupplierController.scala. Using presentation compiler with project's scala-library version: 3.3.6
2025.06.12 09:30:51 INFO  no build target found for C:\Users\oscar\OneDrive\Documentos\CICLO VII\Leng黙jes de Programaci髇\Trabajo de Referencia\prueba\prueba v5\play-scala-seed\app\controllers\SupplierController.scala. Using presentation compiler with project's scala-library version: 3.3.6
2025.06.12 09:30:51 INFO  no build target found for C:\Users\oscar\OneDrive\Documentos\CICLO VII\Leng黙jes de Programaci髇\Trabajo de Referencia\prueba\prueba v5\play-scala-seed\app\controllers\SupplierController.scala. Using presentation compiler with project's scala-library version: 3.3.6
2025.06.12 09:30:51 INFO  no build target found for C:\Users\oscar\OneDrive\Documentos\CICLO VII\Leng黙jes de Programaci髇\Trabajo de Referencia\prueba\prueba v5\play-scala-seed\app\controllers\SupplierController.scala. Using presentation compiler with project's scala-library version: 3.3.6
2025.06.12 09:30:51 INFO  no build target found for C:\Users\oscar\OneDrive\Documentos\CICLO VII\Leng黙jes de Programaci髇\Trabajo de Referencia\prueba\prueba v5\play-scala-seed\app\controllers\SupplierController.scala. Using presentation compiler with project's scala-library version: 3.3.6
2025.06.12 09:30:51 INFO  no build target found for C:\Users\oscar\OneDrive\Documentos\CICLO VII\Leng黙jes de Programaci髇\Trabajo de Referencia\prueba\prueba v5\play-scala-seed\app\controllers\SupplierController.scala. Using presentation compiler with project's scala-library version: 3.3.6
2025.06.12 09:30:51 INFO  no build target found for C:\Users\oscar\OneDrive\Documentos\CICLO VII\Leng黙jes de Programaci髇\Trabajo de Referencia\prueba\prueba v5\play-scala-seed\app\controllers\SupplierController.scala. Using presentation compiler with project's scala-library version: 3.3.6
2025.06.12 09:30:51 INFO  no build target found for C:\Users\oscar\OneDrive\Documentos\CICLO VII\Leng黙jes de Programaci髇\Trabajo de Referencia\prueba\prueba v5\play-scala-seed\app\controllers\SupplierController.scala. Using presentation compiler with project's scala-library version: 3.3.6
2025.06.12 09:30:52 INFO  no build target found for C:\Users\oscar\OneDrive\Documentos\CICLO VII\Leng黙jes de Programaci髇\Trabajo de Referencia\prueba\prueba v5\play-scala-seed\app\controllers\SupplierController.scala. Using presentation compiler with project's scala-library version: 3.3.6
2025.06.12 09:30:52 INFO  no build target found for C:\Users\oscar\OneDrive\Documentos\CICLO VII\Leng黙jes de Programaci髇\Trabajo de Referencia\prueba\prueba v5\play-scala-seed\app\controllers\SupplierController.scala. Using presentation compiler with project's scala-library version: 3.3.6
2025.06.12 09:30:52 INFO  no build target found for C:\Users\oscar\OneDrive\Documentos\CICLO VII\Leng黙jes de Programaci髇\Trabajo de Referencia\prueba\prueba v5\play-scala-seed\app\controllers\SupplierController.scala. Using presentation compiler with project's scala-library version: 3.3.6
2025.06.12 09:30:52 INFO  no build target found for C:\Users\oscar\OneDrive\Documentos\CICLO VII\Leng黙jes de Programaci髇\Trabajo de Referencia\prueba\prueba v5\play-scala-seed\app\controllers\SupplierController.scala. Using presentation compiler with project's scala-library version: 3.3.6
2025.06.12 09:30:54 INFO  no build target found for C:\Users\oscar\OneDrive\Documentos\CICLO VII\Leng黙jes de Programaci髇\Trabajo de Referencia\prueba\prueba v5\play-scala-seed\app\controllers\SupplierController.scala. Using presentation compiler with project's scala-library version: 3.3.6
2025.06.12 09:30:54 INFO  no build target found for C:\Users\oscar\OneDrive\Documentos\CICLO VII\Leng黙jes de Programaci髇\Trabajo de Referencia\prueba\prueba v5\play-scala-seed\app\controllers\SupplierController.scala. Using presentation compiler with project's scala-library version: 3.3.6
2025.06.12 09:30:54 INFO  no build target found for C:\Users\oscar\OneDrive\Documentos\CICLO VII\Leng黙jes de Programaci髇\Trabajo de Referencia\prueba\prueba v5\play-scala-seed\app\controllers\SupplierController.scala. Using presentation compiler with project's scala-library version: 3.3.6
2025.06.12 09:30:54 INFO  no build target found for C:\Users\oscar\OneDrive\Documentos\CICLO VII\Leng黙jes de Programaci髇\Trabajo de Referencia\prueba\prueba v5\play-scala-seed\app\controllers\SupplierController.scala. Using presentation compiler with project's scala-library version: 3.3.6
2025.06.12 09:30:54 INFO  no build target found for C:\Users\oscar\OneDrive\Documentos\CICLO VII\Leng黙jes de Programaci髇\Trabajo de Referencia\prueba\prueba v5\play-scala-seed\app\controllers\SupplierController.scala. Using presentation compiler with project's scala-library version: 3.3.6
2025.06.12 09:30:55 INFO  no build target found for C:\Users\oscar\OneDrive\Documentos\CICLO VII\Leng黙jes de Programaci髇\Trabajo de Referencia\prueba\prueba v5\play-scala-seed\app\controllers\SupplierController.scala. Using presentation compiler with project's scala-library version: 3.3.6
2025.06.12 09:30:55 INFO  no build target found for C:\Users\oscar\OneDrive\Documentos\CICLO VII\Leng黙jes de Programaci髇\Trabajo de Referencia\prueba\prueba v5\play-scala-seed\app\controllers\SupplierController.scala. Using presentation compiler with project's scala-library version: 3.3.6
2025.06.12 09:30:55 INFO  no build target found for C:\Users\oscar\OneDrive\Documentos\CICLO VII\Leng黙jes de Programaci髇\Trabajo de Referencia\prueba\prueba v5\play-scala-seed\app\controllers\SupplierController.scala. Using presentation compiler with project's scala-library version: 3.3.6
2025.06.12 09:30:55 INFO  no build target found for C:\Users\oscar\OneDrive\Documentos\CICLO VII\Leng黙jes de Programaci髇\Trabajo de Referencia\prueba\prueba v5\play-scala-seed\app\controllers\SupplierController.scala. Using presentation compiler with project's scala-library version: 3.3.6
2025.06.12 09:30:57 INFO  no build target found for C:\Users\oscar\OneDrive\Documentos\CICLO VII\Leng黙jes de Programaci髇\Trabajo de Referencia\prueba\prueba v5\play-scala-seed\app\controllers\SupplierController.scala. Using presentation compiler with project's scala-library version: 3.3.6
2025.06.12 09:30:57 INFO  no build target found for C:\Users\oscar\OneDrive\Documentos\CICLO VII\Leng黙jes de Programaci髇\Trabajo de Referencia\prueba\prueba v5\play-scala-seed\app\controllers\SupplierController.scala. Using presentation compiler with project's scala-library version: 3.3.6
2025.06.12 09:30:57 INFO  no build target found for C:\Users\oscar\OneDrive\Documentos\CICLO VII\Leng黙jes de Programaci髇\Trabajo de Referencia\prueba\prueba v5\play-scala-seed\app\controllers\SupplierController.scala. Using presentation compiler with project's scala-library version: 3.3.6
2025.06.12 09:30:57 INFO  no build target found for C:\Users\oscar\OneDrive\Documentos\CICLO VII\Leng黙jes de Programaci髇\Trabajo de Referencia\prueba\prueba v5\play-scala-seed\app\controllers\SupplierController.scala. Using presentation compiler with project's scala-library version: 3.3.6
2025.06.12 09:30:58 INFO  no build target found for C:\Users\oscar\OneDrive\Documentos\CICLO VII\Leng黙jes de Programaci髇\Trabajo de Referencia\prueba\prueba v5\play-scala-seed\app\controllers\SupplierController.scala. Using presentation compiler with project's scala-library version: 3.3.6
2025.06.12 09:30:58 INFO  no build target found for C:\Users\oscar\OneDrive\Documentos\CICLO VII\Leng黙jes de Programaci髇\Trabajo de Referencia\prueba\prueba v5\play-scala-seed\app\controllers\SupplierController.scala. Using presentation compiler with project's scala-library version: 3.3.6
2025.06.12 09:30:58 INFO  no build target found for C:\Users\oscar\OneDrive\Documentos\CICLO VII\Leng黙jes de Programaci髇\Trabajo de Referencia\prueba\prueba v5\play-scala-seed\app\controllers\SupplierController.scala. Using presentation compiler with project's scala-library version: 3.3.6
2025.06.12 09:30:58 INFO  no build target found for C:\Users\oscar\OneDrive\Documentos\CICLO VII\Leng黙jes de Programaci髇\Trabajo de Referencia\prueba\prueba v5\play-scala-seed\app\controllers\SupplierController.scala. Using presentation compiler with project's scala-library version: 3.3.6
2025.06.12 09:30:58 INFO  no build target found for C:\Users\oscar\OneDrive\Documentos\CICLO VII\Leng黙jes de Programaci髇\Trabajo de Referencia\prueba\prueba v5\play-scala-seed\app\controllers\SupplierController.scala. Using presentation compiler with project's scala-library version: 3.3.6
2025.06.12 09:31:00 INFO  no build target found for C:\Users\oscar\OneDrive\Documentos\CICLO VII\Leng黙jes de Programaci髇\Trabajo de Referencia\prueba\prueba v5\play-scala-seed\app\controllers\SupplierController.scala. Using presentation compiler with project's scala-library version: 3.3.6
2025.06.12 09:31:11 INFO  no build target found for C:\Users\oscar\OneDrive\Documentos\CICLO VII\Leng黙jes de Programaci髇\Trabajo de Referencia\prueba\prueba v5\play-scala-seed\app\controllers\SupplierController.scala. Using presentation compiler with project's scala-library version: 3.3.6
2025.06.12 09:31:18 INFO  no build target found for C:\Users\oscar\OneDrive\Documentos\CICLO VII\Leng黙jes de Programaci髇\Trabajo de Referencia\prueba\prueba v5\play-scala-seed\app\controllers\SupplierController.scala. Using presentation compiler with project's scala-library version: 3.3.6
2025.06.12 09:31:18 INFO  no build target found for C:\Users\oscar\OneDrive\Documentos\CICLO VII\Leng黙jes de Programaci髇\Trabajo de Referencia\prueba\prueba v5\play-scala-seed\app\controllers\SupplierController.scala. Using presentation compiler with project's scala-library version: 3.3.6
2025.06.12 09:31:19 INFO  no build target found for C:\Users\oscar\OneDrive\Documentos\CICLO VII\Leng黙jes de Programaci髇\Trabajo de Referencia\prueba\prueba v5\play-scala-seed\app\controllers\SupplierController.scala. Using presentation compiler with project's scala-library version: 3.3.6
2025.06.12 09:31:19 INFO  no build target found for C:\Users\oscar\OneDrive\Documentos\CICLO VII\Leng黙jes de Programaci髇\Trabajo de Referencia\prueba\prueba v5\play-scala-seed\app\controllers\SupplierController.scala. Using presentation compiler with project's scala-library version: 3.3.6
2025.06.12 09:31:19 INFO  no build target found for C:\Users\oscar\OneDrive\Documentos\CICLO VII\Leng黙jes de Programaci髇\Trabajo de Referencia\prueba\prueba v5\play-scala-seed\app\controllers\SupplierController.scala. Using presentation compiler with project's scala-library version: 3.3.6
2025.06.12 09:31:20 INFO  no build target found for C:\Users\oscar\OneDrive\Documentos\CICLO VII\Leng黙jes de Programaci髇\Trabajo de Referencia\prueba\prueba v5\play-scala-seed\app\controllers\SupplierController.scala. Using presentation compiler with project's scala-library version: 3.3.6
2025.06.12 09:31:20 INFO  no build target found for C:\Users\oscar\OneDrive\Documentos\CICLO VII\Leng黙jes de Programaci髇\Trabajo de Referencia\prueba\prueba v5\play-scala-seed\app\controllers\SupplierController.scala. Using presentation compiler with project's scala-library version: 3.3.6
2025.06.12 09:31:20 INFO  no build target found for C:\Users\oscar\OneDrive\Documentos\CICLO VII\Leng黙jes de Programaci髇\Trabajo de Referencia\prueba\prueba v5\play-scala-seed\app\controllers\SupplierController.scala. Using presentation compiler with project's scala-library version: 3.3.6
2025.06.12 09:31:20 INFO  no build target found for C:\Users\oscar\OneDrive\Documentos\CICLO VII\Leng黙jes de Programaci髇\Trabajo de Referencia\prueba\prueba v5\play-scala-seed\app\controllers\SupplierController.scala. Using presentation compiler with project's scala-library version: 3.3.6
2025.06.12 09:31:20 INFO  no build target found for C:\Users\oscar\OneDrive\Documentos\CICLO VII\Leng黙jes de Programaci髇\Trabajo de Referencia\prueba\prueba v5\play-scala-seed\app\controllers\SupplierController.scala. Using presentation compiler with project's scala-library version: 3.3.6
2025.06.12 09:31:21 INFO  no build target found for C:\Users\oscar\OneDrive\Documentos\CICLO VII\Leng黙jes de Programaci髇\Trabajo de Referencia\prueba\prueba v5\play-scala-seed\app\controllers\SupplierController.scala. Using presentation compiler with project's scala-library version: 3.3.6
2025.06.12 09:31:21 INFO  no build target found for C:\Users\oscar\OneDrive\Documentos\CICLO VII\Leng黙jes de Programaci髇\Trabajo de Referencia\prueba\prueba v5\play-scala-seed\app\controllers\SupplierController.scala. Using presentation compiler with project's scala-library version: 3.3.6
2025.06.12 09:31:21 INFO  no build target found for C:\Users\oscar\OneDrive\Documentos\CICLO VII\Leng黙jes de Programaci髇\Trabajo de Referencia\prueba\prueba v5\play-scala-seed\app\controllers\SupplierController.scala. Using presentation compiler with project's scala-library version: 3.3.6
2025.06.12 09:31:21 INFO  no build target found for C:\Users\oscar\OneDrive\Documentos\CICLO VII\Leng黙jes de Programaci髇\Trabajo de Referencia\prueba\prueba v5\play-scala-seed\app\controllers\SupplierController.scala. Using presentation compiler with project's scala-library version: 3.3.6
2025.06.12 09:31:21 INFO  no build target found for C:\Users\oscar\OneDrive\Documentos\CICLO VII\Leng黙jes de Programaci髇\Trabajo de Referencia\prueba\prueba v5\play-scala-seed\app\controllers\SupplierController.scala. Using presentation compiler with project's scala-library version: 3.3.6
2025.06.12 09:31:21 INFO  no build target found for C:\Users\oscar\OneDrive\Documentos\CICLO VII\Leng黙jes de Programaci髇\Trabajo de Referencia\prueba\prueba v5\play-scala-seed\app\controllers\SupplierController.scala. Using presentation compiler with project's scala-library version: 3.3.6
2025.06.12 09:31:22 INFO  no build target found for C:\Users\oscar\OneDrive\Documentos\CICLO VII\Leng黙jes de Programaci髇\Trabajo de Referencia\prueba\prueba v5\play-scala-seed\app\controllers\SupplierController.scala. Using presentation compiler with project's scala-library version: 3.3.6
2025.06.12 09:31:22 INFO  no build target found for C:\Users\oscar\OneDrive\Documentos\CICLO VII\Leng黙jes de Programaci髇\Trabajo de Referencia\prueba\prueba v5\play-scala-seed\app\controllers\SupplierController.scala. Using presentation compiler with project's scala-library version: 3.3.6
2025.06.12 09:31:26 INFO  no build target found for C:\Users\oscar\OneDrive\Documentos\CICLO VII\Leng黙jes de Programaci髇\Trabajo de Referencia\prueba\prueba v5\play-scala-seed\app\controllers\SupplierController.scala. Using presentation compiler with project's scala-library version: 3.3.6
2025.06.12 09:31:26 INFO  no build target found for C:\Users\oscar\OneDrive\Documentos\CICLO VII\Leng黙jes de Programaci髇\Trabajo de Referencia\prueba\prueba v5\play-scala-seed\app\controllers\SupplierController.scala. Using presentation compiler with project's scala-library version: 3.3.6
2025.06.12 09:31:26 INFO  no build target found for C:\Users\oscar\OneDrive\Documentos\CICLO VII\Leng黙jes de Programaci髇\Trabajo de Referencia\prueba\prueba v5\play-scala-seed\app\controllers\SupplierController.scala. Using presentation compiler with project's scala-library version: 3.3.6
2025.06.12 09:31:27 INFO  no build target found for C:\Users\oscar\OneDrive\Documentos\CICLO VII\Leng黙jes de Programaci髇\Trabajo de Referencia\prueba\prueba v5\play-scala-seed\app\controllers\SupplierController.scala. Using presentation compiler with project's scala-library version: 3.3.6
2025.06.12 09:31:31 INFO  no build target found for C:\Users\oscar\OneDrive\Documentos\CICLO VII\Leng黙jes de Programaci髇\Trabajo de Referencia\prueba\prueba v5\play-scala-seed\app\controllers\SupplierController.scala. Using presentation compiler with project's scala-library version: 3.3.6
2025.06.12 09:31:31 INFO  no build target found for C:\Users\oscar\OneDrive\Documentos\CICLO VII\Leng黙jes de Programaci髇\Trabajo de Referencia\prueba\prueba v5\play-scala-seed\app\controllers\SupplierController.scala. Using presentation compiler with project's scala-library version: 3.3.6
2025.06.12 09:31:31 INFO  no build target found for C:\Users\oscar\OneDrive\Documentos\CICLO VII\Leng黙jes de Programaci髇\Trabajo de Referencia\prueba\prueba v5\play-scala-seed\app\controllers\SupplierController.scala. Using presentation compiler with project's scala-library version: 3.3.6
2025.06.12 09:31:31 INFO  no build target found for C:\Users\oscar\OneDrive\Documentos\CICLO VII\Leng黙jes de Programaci髇\Trabajo de Referencia\prueba\prueba v5\play-scala-seed\app\controllers\SupplierController.scala. Using presentation compiler with project's scala-library version: 3.3.6
2025.06.12 09:31:31 INFO  no build target found for C:\Users\oscar\OneDrive\Documentos\CICLO VII\Leng黙jes de Programaci髇\Trabajo de Referencia\prueba\prueba v5\play-scala-seed\app\controllers\SupplierController.scala. Using presentation compiler with project's scala-library version: 3.3.6
2025.06.12 09:31:32 INFO  no build target found for C:\Users\oscar\OneDrive\Documentos\CICLO VII\Leng黙jes de Programaci髇\Trabajo de Referencia\prueba\prueba v5\play-scala-seed\app\controllers\SupplierController.scala. Using presentation compiler with project's scala-library version: 3.3.6
jun. 12, 2025 9:31:32 A.燤. org.eclipse.lsp4j.jsonrpc.RemoteEndpoint handleCancellation
WARNING: Unmatched cancel notification for request id 864
2025.06.12 09:31:32 INFO  no build target found for C:\Users\oscar\OneDrive\Documentos\CICLO VII\Leng黙jes de Programaci髇\Trabajo de Referencia\prueba\prueba v5\play-scala-seed\app\controllers\SupplierController.scala. Using presentation compiler with project's scala-library version: 3.3.6
2025.06.12 09:31:32 INFO  no build target found for C:\Users\oscar\OneDrive\Documentos\CICLO VII\Leng黙jes de Programaci髇\Trabajo de Referencia\prueba\prueba v5\play-scala-seed\app\controllers\SupplierController.scala. Using presentation compiler with project's scala-library version: 3.3.6
2025.06.12 09:31:32 INFO  no build target found for C:\Users\oscar\OneDrive\Documentos\CICLO VII\Leng黙jes de Programaci髇\Trabajo de Referencia\prueba\prueba v5\play-scala-seed\app\controllers\SupplierController.scala. Using presentation compiler with project's scala-library version: 3.3.6
2025.06.12 09:31:32 INFO  no build target found for C:\Users\oscar\OneDrive\Documentos\CICLO VII\Leng黙jes de Programaci髇\Trabajo de Referencia\prueba\prueba v5\play-scala-seed\app\controllers\SupplierController.scala. Using presentation compiler with project's scala-library version: 3.3.6
2025.06.12 09:31:32 INFO  no build target found for C:\Users\oscar\OneDrive\Documentos\CICLO VII\Leng黙jes de Programaci髇\Trabajo de Referencia\prueba\prueba v5\play-scala-seed\app\controllers\SupplierController.scala. Using presentation compiler with project's scala-library version: 3.3.6
2025.06.12 09:31:32 INFO  no build target found for C:\Users\oscar\OneDrive\Documentos\CICLO VII\Leng黙jes de Programaci髇\Trabajo de Referencia\prueba\prueba v5\play-scala-seed\app\controllers\SupplierController.scala. Using presentation compiler with project's scala-library version: 3.3.6
2025.06.12 09:31:33 INFO  no build target found for C:\Users\oscar\OneDrive\Documentos\CICLO VII\Leng黙jes de Programaci髇\Trabajo de Referencia\prueba\prueba v5\play-scala-seed\app\controllers\SupplierController.scala. Using presentation compiler with project's scala-library version: 3.3.6
2025.06.12 09:31:33 INFO  no build target found for C:\Users\oscar\OneDrive\Documentos\CICLO VII\Leng黙jes de Programaci髇\Trabajo de Referencia\prueba\prueba v5\play-scala-seed\app\controllers\SupplierController.scala. Using presentation compiler with project's scala-library version: 3.3.6
2025.06.12 09:31:33 INFO  no build target found for C:\Users\oscar\OneDrive\Documentos\CICLO VII\Leng黙jes de Programaci髇\Trabajo de Referencia\prueba\prueba v5\play-scala-seed\app\controllers\SupplierController.scala. Using presentation compiler with project's scala-library version: 3.3.6
2025.06.12 09:31:33 INFO  no build target found for C:\Users\oscar\OneDrive\Documentos\CICLO VII\Leng黙jes de Programaci髇\Trabajo de Referencia\prueba\prueba v5\play-scala-seed\app\controllers\SupplierController.scala. Using presentation compiler with project's scala-library version: 3.3.6
2025.06.12 09:31:33 INFO  no build target found for C:\Users\oscar\OneDrive\Documentos\CICLO VII\Leng黙jes de Programaci髇\Trabajo de Referencia\prueba\prueba v5\play-scala-seed\app\controllers\SupplierController.scala. Using presentation compiler with project's scala-library version: 3.3.6
2025.06.12 09:31:33 INFO  no build target found for C:\Users\oscar\OneDrive\Documentos\CICLO VII\Leng黙jes de Programaci髇\Trabajo de Referencia\prueba\prueba v5\play-scala-seed\app\controllers\SupplierController.scala. Using presentation compiler with project's scala-library version: 3.3.6
2025.06.12 09:31:35 INFO  no build target found for C:\Users\oscar\OneDrive\Documentos\CICLO VII\Leng黙jes de Programaci髇\Trabajo de Referencia\prueba\prueba v5\play-scala-seed\app\controllers\SupplierController.scala. Using presentation compiler with project's scala-library version: 3.3.6
2025.06.12 09:31:35 INFO  no build target found for C:\Users\oscar\OneDrive\Documentos\CICLO VII\Leng黙jes de Programaci髇\Trabajo de Referencia\prueba\prueba v5\play-scala-seed\app\controllers\SupplierController.scala. Using presentation compiler with project's scala-library version: 3.3.6
2025.06.12 09:31:35 INFO  no build target found for C:\Users\oscar\OneDrive\Documentos\CICLO VII\Leng黙jes de Programaci髇\Trabajo de Referencia\prueba\prueba v5\play-scala-seed\app\controllers\SupplierController.scala. Using presentation compiler with project's scala-library version: 3.3.6
2025.06.12 09:31:35 INFO  no build target found for C:\Users\oscar\OneDrive\Documentos\CICLO VII\Leng黙jes de Programaci髇\Trabajo de Referencia\prueba\prueba v5\play-scala-seed\app\controllers\SupplierController.scala. Using presentation compiler with project's scala-library version: 3.3.6
2025.06.12 09:31:44 INFO  no build target found for C:\Users\oscar\OneDrive\Documentos\CICLO VII\Leng黙jes de Programaci髇\Trabajo de Referencia\prueba\prueba v5\play-scala-seed\app\controllers\SupplierController.scala. Using presentation compiler with project's scala-library version: 3.3.6
2025.06.12 09:31:44 INFO  no build target found for C:\Users\oscar\OneDrive\Documentos\CICLO VII\Leng黙jes de Programaci髇\Trabajo de Referencia\prueba\prueba v5\play-scala-seed\app\controllers\SupplierController.scala. Using presentation compiler with project's scala-library version: 3.3.6
2025.06.12 09:31:44 INFO  no build target found for C:\Users\oscar\OneDrive\Documentos\CICLO VII\Leng黙jes de Programaci髇\Trabajo de Referencia\prueba\prueba v5\play-scala-seed\app\controllers\SupplierController.scala. Using presentation compiler with project's scala-library version: 3.3.6
2025.06.12 09:31:44 INFO  no build target found for C:\Users\oscar\OneDrive\Documentos\CICLO VII\Leng黙jes de Programaci髇\Trabajo de Referencia\prueba\prueba v5\play-scala-seed\app\controllers\SupplierController.scala. Using presentation compiler with project's scala-library version: 3.3.6
2025.06.12 09:31:44 INFO  no build target found for C:\Users\oscar\OneDrive\Documentos\CICLO VII\Leng黙jes de Programaci髇\Trabajo de Referencia\prueba\prueba v5\play-scala-seed\app\controllers\SupplierController.scala. Using presentation compiler with project's scala-library version: 3.3.6
2025.06.12 09:31:44 INFO  no build target found for C:\Users\oscar\OneDrive\Documentos\CICLO VII\Leng黙jes de Programaci髇\Trabajo de Referencia\prueba\prueba v5\play-scala-seed\app\controllers\SupplierController.scala. Using presentation compiler with project's scala-library version: 3.3.6
2025.06.12 09:31:45 INFO  no build target found for C:\Users\oscar\OneDrive\Documentos\CICLO VII\Leng黙jes de Programaci髇\Trabajo de Referencia\prueba\prueba v5\play-scala-seed\app\controllers\SupplierController.scala. Using presentation compiler with project's scala-library version: 3.3.6
2025.06.12 09:31:45 INFO  no build target found for C:\Users\oscar\OneDrive\Documentos\CICLO VII\Leng黙jes de Programaci髇\Trabajo de Referencia\prueba\prueba v5\play-scala-seed\app\controllers\SupplierController.scala. Using presentation compiler with project's scala-library version: 3.3.6
2025.06.12 09:31:45 INFO  no build target found for C:\Users\oscar\OneDrive\Documentos\CICLO VII\Leng黙jes de Programaci髇\Trabajo de Referencia\prueba\prueba v5\play-scala-seed\app\controllers\SupplierController.scala. Using presentation compiler with project's scala-library version: 3.3.6
2025.06.12 09:31:45 INFO  no build target found for C:\Users\oscar\OneDrive\Documentos\CICLO VII\Leng黙jes de Programaci髇\Trabajo de Referencia\prueba\prueba v5\play-scala-seed\app\controllers\SupplierController.scala. Using presentation compiler with project's scala-library version: 3.3.6
2025.06.12 09:31:45 INFO  no build target found for C:\Users\oscar\OneDrive\Documentos\CICLO VII\Leng黙jes de Programaci髇\Trabajo de Referencia\prueba\prueba v5\play-scala-seed\app\controllers\SupplierController.scala. Using presentation compiler with project's scala-library version: 3.3.6
2025.06.12 09:31:45 INFO  no build target found for C:\Users\oscar\OneDrive\Documentos\CICLO VII\Leng黙jes de Programaci髇\Trabajo de Referencia\prueba\prueba v5\play-scala-seed\app\controllers\SupplierController.scala. Using presentation compiler with project's scala-library version: 3.3.6
2025.06.12 09:31:46 INFO  no build target found for C:\Users\oscar\OneDrive\Documentos\CICLO VII\Leng黙jes de Programaci髇\Trabajo de Referencia\prueba\prueba v5\play-scala-seed\app\controllers\SupplierController.scala. Using presentation compiler with project's scala-library version: 3.3.6
2025.06.12 09:31:46 INFO  no build target found for C:\Users\oscar\OneDrive\Documentos\CICLO VII\Leng黙jes de Programaci髇\Trabajo de Referencia\prueba\prueba v5\play-scala-seed\app\controllers\SupplierController.scala. Using presentation compiler with project's scala-library version: 3.3.6
2025.06.12 09:31:46 INFO  no build target found for C:\Users\oscar\OneDrive\Documentos\CICLO VII\Leng黙jes de Programaci髇\Trabajo de Referencia\prueba\prueba v5\play-scala-seed\app\controllers\SupplierController.scala. Using presentation compiler with project's scala-library version: 3.3.6
2025.06.12 09:31:47 INFO  no build target found for C:\Users\oscar\OneDrive\Documentos\CICLO VII\Leng黙jes de Programaci髇\Trabajo de Referencia\prueba\prueba v5\play-scala-seed\app\controllers\SupplierController.scala. Using presentation compiler with project's scala-library version: 3.3.6
2025.06.12 09:31:48 INFO  no build target found for C:\Users\oscar\OneDrive\Documentos\CICLO VII\Leng黙jes de Programaci髇\Trabajo de Referencia\prueba\prueba v5\play-scala-seed\app\controllers\SupplierController.scala. Using presentation compiler with project's scala-library version: 3.3.6
2025.06.12 09:31:58 INFO  no build target found for C:\Users\oscar\OneDrive\Documentos\CICLO VII\Leng黙jes de Programaci髇\Trabajo de Referencia\prueba\prueba v5\play-scala-seed\app\controllers\SupplierController.scala. Using presentation compiler with project's scala-library version: 3.3.6
2025.06.12 09:31:58 INFO  no build target found for C:\Users\oscar\OneDrive\Documentos\CICLO VII\Leng黙jes de Programaci髇\Trabajo de Referencia\prueba\prueba v5\play-scala-seed\app\controllers\SupplierController.scala. Using presentation compiler with project's scala-library version: 3.3.6
2025.06.12 09:31:58 INFO  no build target found for C:\Users\oscar\OneDrive\Documentos\CICLO VII\Leng黙jes de Programaci髇\Trabajo de Referencia\prueba\prueba v5\play-scala-seed\app\controllers\SupplierController.scala. Using presentation compiler with project's scala-library version: 3.3.6
2025.06.12 09:32:00 INFO  no build target found for C:\Users\oscar\OneDrive\Documentos\CICLO VII\Leng黙jes de Programaci髇\Trabajo de Referencia\prueba\prueba v5\play-scala-seed\app\controllers\SupplierController.scala. Using presentation compiler with project's scala-library version: 3.3.6
2025.06.12 09:32:00 INFO  no build target found for C:\Users\oscar\OneDrive\Documentos\CICLO VII\Leng黙jes de Programaci髇\Trabajo de Referencia\prueba\prueba v5\play-scala-seed\app\controllers\SupplierController.scala. Using presentation compiler with project's scala-library version: 3.3.6
2025.06.12 09:32:00 INFO  no build target found for C:\Users\oscar\OneDrive\Documentos\CICLO VII\Leng黙jes de Programaci髇\Trabajo de Referencia\prueba\prueba v5\play-scala-seed\app\controllers\SupplierController.scala. Using presentation compiler with project's scala-library version: 3.3.6
2025.06.12 09:32:00 INFO  no build target found for C:\Users\oscar\OneDrive\Documentos\CICLO VII\Leng黙jes de Programaci髇\Trabajo de Referencia\prueba\prueba v5\play-scala-seed\app\controllers\SupplierController.scala. Using presentation compiler with project's scala-library version: 3.3.6
2025.06.12 09:32:00 INFO  no build target found for C:\Users\oscar\OneDrive\Documentos\CICLO VII\Leng黙jes de Programaci髇\Trabajo de Referencia\prueba\prueba v5\play-scala-seed\app\controllers\SupplierController.scala. Using presentation compiler with project's scala-library version: 3.3.6
2025.06.12 09:32:08 INFO  no build target found for C:\Users\oscar\OneDrive\Documentos\CICLO VII\Leng黙jes de Programaci髇\Trabajo de Referencia\prueba\prueba v5\play-scala-seed\app\controllers\SupplierController.scala. Using presentation compiler with project's scala-library version: 3.3.6
2025.06.12 09:32:08 INFO  no build target found for C:\Users\oscar\OneDrive\Documentos\CICLO VII\Leng黙jes de Programaci髇\Trabajo de Referencia\prueba\prueba v5\play-scala-seed\app\controllers\SupplierController.scala. Using presentation compiler with project's scala-library version: 3.3.6
2025.06.12 09:32:08 INFO  no build target found for C:\Users\oscar\OneDrive\Documentos\CICLO VII\Leng黙jes de Programaci髇\Trabajo de Referencia\prueba\prueba v5\play-scala-seed\app\controllers\SupplierController.scala. Using presentation compiler with project's scala-library version: 3.3.6
2025.06.12 09:32:08 INFO  no build target found for C:\Users\oscar\OneDrive\Documentos\CICLO VII\Leng黙jes de Programaci髇\Trabajo de Referencia\prueba\prueba v5\play-scala-seed\app\controllers\SupplierController.scala. Using presentation compiler with project's scala-library version: 3.3.6
2025.06.12 09:32:08 INFO  no build target found for C:\Users\oscar\OneDrive\Documentos\CICLO VII\Leng黙jes de Programaci髇\Trabajo de Referencia\prueba\prueba v5\play-scala-seed\app\controllers\SupplierController.scala. Using presentation compiler with project's scala-library version: 3.3.6
2025.06.12 09:32:09 INFO  no build target found for C:\Users\oscar\OneDrive\Documentos\CICLO VII\Leng黙jes de Programaci髇\Trabajo de Referencia\prueba\prueba v5\play-scala-seed\app\controllers\SupplierController.scala. Using presentation compiler with project's scala-library version: 3.3.6
2025.06.12 09:32:09 INFO  no build target found for C:\Users\oscar\OneDrive\Documentos\CICLO VII\Leng黙jes de Programaci髇\Trabajo de Referencia\prueba\prueba v5\play-scala-seed\app\controllers\SupplierController.scala. Using presentation compiler with project's scala-library version: 3.3.6
2025.06.12 09:32:09 INFO  no build target found for C:\Users\oscar\OneDrive\Documentos\CICLO VII\Leng黙jes de Programaci髇\Trabajo de Referencia\prueba\prueba v5\play-scala-seed\app\controllers\SupplierController.scala. Using presentation compiler with project's scala-library version: 3.3.6
2025.06.12 09:32:09 INFO  no build target found for C:\Users\oscar\OneDrive\Documentos\CICLO VII\Leng黙jes de Programaci髇\Trabajo de Referencia\prueba\prueba v5\play-scala-seed\app\controllers\SupplierController.scala. Using presentation compiler with project's scala-library version: 3.3.6
2025.06.12 09:32:09 INFO  no build target found for C:\Users\oscar\OneDrive\Documentos\CICLO VII\Leng黙jes de Programaci髇\Trabajo de Referencia\prueba\prueba v5\play-scala-seed\app\controllers\SupplierController.scala. Using presentation compiler with project's scala-library version: 3.3.6
2025.06.12 09:32:11 INFO  no build target found for C:\Users\oscar\OneDrive\Documentos\CICLO VII\Leng黙jes de Programaci髇\Trabajo de Referencia\prueba\prueba v5\play-scala-seed\app\controllers\SupplierController.scala. Using presentation compiler with project's scala-library version: 3.3.6
2025.06.12 09:32:11 INFO  no build target found for C:\Users\oscar\OneDrive\Documentos\CICLO VII\Leng黙jes de Programaci髇\Trabajo de Referencia\prueba\prueba v5\play-scala-seed\app\controllers\SupplierController.scala. Using presentation compiler with project's scala-library version: 3.3.6
2025.06.12 09:32:11 INFO  no build target found for C:\Users\oscar\OneDrive\Documentos\CICLO VII\Leng黙jes de Programaci髇\Trabajo de Referencia\prueba\prueba v5\play-scala-seed\app\controllers\SupplierController.scala. Using presentation compiler with project's scala-library version: 3.3.6
2025.06.12 09:32:11 INFO  no build target found for C:\Users\oscar\OneDrive\Documentos\CICLO VII\Leng黙jes de Programaci髇\Trabajo de Referencia\prueba\prueba v5\play-scala-seed\app\controllers\SupplierController.scala. Using presentation compiler with project's scala-library version: 3.3.6
jun. 12, 2025 9:32:11 A.燤. org.eclipse.lsp4j.jsonrpc.RemoteEndpoint handleCancellation
WARNING: Unmatched cancel notification for request id 1042
2025.06.12 09:32:11 INFO  no build target found for C:\Users\oscar\OneDrive\Documentos\CICLO VII\Leng黙jes de Programaci髇\Trabajo de Referencia\prueba\prueba v5\play-scala-seed\app\controllers\SupplierController.scala. Using presentation compiler with project's scala-library version: 3.3.6
2025.06.12 09:32:11 INFO  no build target found for C:\Users\oscar\OneDrive\Documentos\CICLO VII\Leng黙jes de Programaci髇\Trabajo de Referencia\prueba\prueba v5\play-scala-seed\app\controllers\SupplierController.scala. Using presentation compiler with project's scala-library version: 3.3.6
2025.06.12 09:32:11 INFO  no build target found for C:\Users\oscar\OneDrive\Documentos\CICLO VII\Leng黙jes de Programaci髇\Trabajo de Referencia\prueba\prueba v5\play-scala-seed\app\controllers\SupplierController.scala. Using presentation compiler with project's scala-library version: 3.3.6
2025.06.12 09:32:11 INFO  no build target found for C:\Users\oscar\OneDrive\Documentos\CICLO VII\Leng黙jes de Programaci髇\Trabajo de Referencia\prueba\prueba v5\play-scala-seed\app\controllers\SupplierController.scala. Using presentation compiler with project's scala-library version: 3.3.6
2025.06.12 09:32:12 INFO  no build target found for C:\Users\oscar\OneDrive\Documentos\CICLO VII\Leng黙jes de Programaci髇\Trabajo de Referencia\prueba\prueba v5\play-scala-seed\app\controllers\SupplierController.scala. Using presentation compiler with project's scala-library version: 3.3.6
2025.06.12 09:32:12 INFO  no build target found for C:\Users\oscar\OneDrive\Documentos\CICLO VII\Leng黙jes de Programaci髇\Trabajo de Referencia\prueba\prueba v5\play-scala-seed\app\controllers\SupplierController.scala. Using presentation compiler with project's scala-library version: 3.3.6
2025.06.12 09:32:12 INFO  no build target found for C:\Users\oscar\OneDrive\Documentos\CICLO VII\Leng黙jes de Programaci髇\Trabajo de Referencia\prueba\prueba v5\play-scala-seed\app\controllers\SupplierController.scala. Using presentation compiler with project's scala-library version: 3.3.6
2025.06.12 09:32:12 INFO  no build target found for C:\Users\oscar\OneDrive\Documentos\CICLO VII\Leng黙jes de Programaci髇\Trabajo de Referencia\prueba\prueba v5\play-scala-seed\app\controllers\SupplierController.scala. Using presentation compiler with project's scala-library version: 3.3.6
2025.06.12 09:32:12 INFO  no build target found for C:\Users\oscar\OneDrive\Documentos\CICLO VII\Leng黙jes de Programaci髇\Trabajo de Referencia\prueba\prueba v5\play-scala-seed\app\controllers\SupplierController.scala. Using presentation compiler with project's scala-library version: 3.3.6
2025.06.12 09:32:12 INFO  no build target found for C:\Users\oscar\OneDrive\Documentos\CICLO VII\Leng黙jes de Programaci髇\Trabajo de Referencia\prueba\prueba v5\play-scala-seed\app\controllers\SupplierController.scala. Using presentation compiler with project's scala-library version: 3.3.6
2025.06.12 09:32:13 INFO  no build target found for C:\Users\oscar\OneDrive\Documentos\CICLO VII\Leng黙jes de Programaci髇\Trabajo de Referencia\prueba\prueba v5\play-scala-seed\app\controllers\SupplierController.scala. Using presentation compiler with project's scala-library version: 3.3.6
2025.06.12 09:32:15 INFO  no build target found for C:\Users\oscar\OneDrive\Documentos\CICLO VII\Leng黙jes de Programaci髇\Trabajo de Referencia\prueba\prueba v5\play-scala-seed\app\controllers\SupplierController.scala. Using presentation compiler with project's scala-library version: 3.3.6
2025.06.12 09:32:16 INFO  no build target found for C:\Users\oscar\OneDrive\Documentos\CICLO VII\Leng黙jes de Programaci髇\Trabajo de Referencia\prueba\prueba v5\play-scala-seed\app\controllers\SupplierController.scala. Using presentation compiler with project's scala-library version: 3.3.6
2025.06.12 09:32:16 INFO  no build target found for C:\Users\oscar\OneDrive\Documentos\CICLO VII\Leng黙jes de Programaci髇\Trabajo de Referencia\prueba\prueba v5\play-scala-seed\app\controllers\SupplierController.scala. Using presentation compiler with project's scala-library version: 3.3.6
2025.06.12 09:32:16 INFO  no build target found for C:\Users\oscar\OneDrive\Documentos\CICLO VII\Leng黙jes de Programaci髇\Trabajo de Referencia\prueba\prueba v5\play-scala-seed\app\controllers\SupplierController.scala. Using presentation compiler with project's scala-library version: 3.3.6
2025.06.12 09:32:16 INFO  no build target found for C:\Users\oscar\OneDrive\Documentos\CICLO VII\Leng黙jes de Programaci髇\Trabajo de Referencia\prueba\prueba v5\play-scala-seed\app\controllers\SupplierController.scala. Using presentation compiler with project's scala-library version: 3.3.6
2025.06.12 09:32:17 INFO  no build target found for C:\Users\oscar\OneDrive\Documentos\CICLO VII\Leng黙jes de Programaci髇\Trabajo de Referencia\prueba\prueba v5\play-scala-seed\app\controllers\SupplierController.scala. Using presentation compiler with project's scala-library version: 3.3.6
2025.06.12 09:32:17 INFO  no build target found for C:\Users\oscar\OneDrive\Documentos\CICLO VII\Leng黙jes de Programaci髇\Trabajo de Referencia\prueba\prueba v5\play-scala-seed\app\controllers\SupplierController.scala. Using presentation compiler with project's scala-library version: 3.3.6
2025.06.12 09:32:17 INFO  no build target found for C:\Users\oscar\OneDrive\Documentos\CICLO VII\Leng黙jes de Programaci髇\Trabajo de Referencia\prueba\prueba v5\play-scala-seed\app\controllers\SupplierController.scala. Using presentation compiler with project's scala-library version: 3.3.6
2025.06.12 09:32:17 INFO  no build target found for C:\Users\oscar\OneDrive\Documentos\CICLO VII\Leng黙jes de Programaci髇\Trabajo de Referencia\prueba\prueba v5\play-scala-seed\app\controllers\SupplierController.scala. Using presentation compiler with project's scala-library version: 3.3.6
2025.06.12 09:32:17 INFO  no build target found for C:\Users\oscar\OneDrive\Documentos\CICLO VII\Leng黙jes de Programaci髇\Trabajo de Referencia\prueba\prueba v5\play-scala-seed\app\controllers\SupplierController.scala. Using presentation compiler with project's scala-library version: 3.3.6
2025.06.12 09:32:17 INFO  no build target found for C:\Users\oscar\OneDrive\Documentos\CICLO VII\Leng黙jes de Programaci髇\Trabajo de Referencia\prueba\prueba v5\play-scala-seed\app\controllers\SupplierController.scala. Using presentation compiler with project's scala-library version: 3.3.6
2025.06.12 09:32:18 INFO  no build target found for C:\Users\oscar\OneDrive\Documentos\CICLO VII\Leng黙jes de Programaci髇\Trabajo de Referencia\prueba\prueba v5\play-scala-seed\app\controllers\SupplierController.scala. Using presentation compiler with project's scala-library version: 3.3.6
2025.06.12 09:32:18 INFO  no build target found for C:\Users\oscar\OneDrive\Documentos\CICLO VII\Leng黙jes de Programaci髇\Trabajo de Referencia\prueba\prueba v5\play-scala-seed\app\controllers\SupplierController.scala. Using presentation compiler with project's scala-library version: 3.3.6
2025.06.12 09:32:18 INFO  no build target found for C:\Users\oscar\OneDrive\Documentos\CICLO VII\Leng黙jes de Programaci髇\Trabajo de Referencia\prueba\prueba v5\play-scala-seed\app\controllers\SupplierController.scala. Using presentation compiler with project's scala-library version: 3.3.6
2025.06.12 09:32:18 INFO  no build target found for C:\Users\oscar\OneDrive\Documentos\CICLO VII\Leng黙jes de Programaci髇\Trabajo de Referencia\prueba\prueba v5\play-scala-seed\app\controllers\SupplierController.scala. Using presentation compiler with project's scala-library version: 3.3.6
2025.06.12 09:32:18 INFO  no build target found for C:\Users\oscar\OneDrive\Documentos\CICLO VII\Leng黙jes de Programaci髇\Trabajo de Referencia\prueba\prueba v5\play-scala-seed\app\controllers\SupplierController.scala. Using presentation compiler with project's scala-library version: 3.3.6
2025.06.12 09:32:18 INFO  no build target found for C:\Users\oscar\OneDrive\Documentos\CICLO VII\Leng黙jes de Programaci髇\Trabajo de Referencia\prueba\prueba v5\play-scala-seed\app\controllers\SupplierController.scala. Using presentation compiler with project's scala-library version: 3.3.6
2025.06.12 09:32:21 INFO  no build target found for C:\Users\oscar\OneDrive\Documentos\CICLO VII\Leng黙jes de Programaci髇\Trabajo de Referencia\prueba\prueba v5\play-scala-seed\app\controllers\SupplierController.scala. Using presentation compiler with project's scala-library version: 3.3.6
2025.06.12 09:32:21 INFO  no build target found for C:\Users\oscar\OneDrive\Documentos\CICLO VII\Leng黙jes de Programaci髇\Trabajo de Referencia\prueba\prueba v5\play-scala-seed\app\controllers\SupplierController.scala. Using presentation compiler with project's scala-library version: 3.3.6
2025.06.12 09:32:21 INFO  no build target found for C:\Users\oscar\OneDrive\Documentos\CICLO VII\Leng黙jes de Programaci髇\Trabajo de Referencia\prueba\prueba v5\play-scala-seed\app\controllers\SupplierController.scala. Using presentation compiler with project's scala-library version: 3.3.6
2025.06.12 09:32:23 INFO  no build target found for C:\Users\oscar\OneDrive\Documentos\CICLO VII\Leng黙jes de Programaci髇\Trabajo de Referencia\prueba\prueba v5\play-scala-seed\app\controllers\SupplierController.scala. Using presentation compiler with project's scala-library version: 3.3.6
2025.06.12 09:32:23 INFO  no build target found for C:\Users\oscar\OneDrive\Documentos\CICLO VII\Leng黙jes de Programaci髇\Trabajo de Referencia\prueba\prueba v5\play-scala-seed\app\controllers\SupplierController.scala. Using presentation compiler with project's scala-library version: 3.3.6
2025.06.12 09:32:23 INFO  no build target found for C:\Users\oscar\OneDrive\Documentos\CICLO VII\Leng黙jes de Programaci髇\Trabajo de Referencia\prueba\prueba v5\play-scala-seed\app\controllers\SupplierController.scala. Using presentation compiler with project's scala-library version: 3.3.6
2025.06.12 09:32:23 INFO  no build target found for C:\Users\oscar\OneDrive\Documentos\CICLO VII\Leng黙jes de Programaci髇\Trabajo de Referencia\prueba\prueba v5\play-scala-seed\app\controllers\SupplierController.scala. Using presentation compiler with project's scala-library version: 3.3.6
2025.06.12 09:32:23 INFO  no build target found for C:\Users\oscar\OneDrive\Documentos\CICLO VII\Leng黙jes de Programaci髇\Trabajo de Referencia\prueba\prueba v5\play-scala-seed\app\controllers\SupplierController.scala. Using presentation compiler with project's scala-library version: 3.3.6
2025.06.12 09:32:23 INFO  no build target found for C:\Users\oscar\OneDrive\Documentos\CICLO VII\Leng黙jes de Programaci髇\Trabajo de Referencia\prueba\prueba v5\play-scala-seed\app\controllers\SupplierController.scala. Using presentation compiler with project's scala-library version: 3.3.6
2025.06.12 09:32:24 INFO  no build target found for C:\Users\oscar\OneDrive\Documentos\CICLO VII\Leng黙jes de Programaci髇\Trabajo de Referencia\prueba\prueba v5\play-scala-seed\app\controllers\SupplierController.scala. Using presentation compiler with project's scala-library version: 3.3.6
2025.06.12 09:32:24 INFO  no build target found for C:\Users\oscar\OneDrive\Documentos\CICLO VII\Leng黙jes de Programaci髇\Trabajo de Referencia\prueba\prueba v5\play-scala-seed\app\controllers\SupplierController.scala. Using presentation compiler with project's scala-library version: 3.3.6
2025.06.12 09:32:24 INFO  no build target found for C:\Users\oscar\OneDrive\Documentos\CICLO VII\Leng黙jes de Programaci髇\Trabajo de Referencia\prueba\prueba v5\play-scala-seed\app\controllers\SupplierController.scala. Using presentation compiler with project's scala-library version: 3.3.6
2025.06.12 09:32:24 INFO  no build target found for C:\Users\oscar\OneDrive\Documentos\CICLO VII\Leng黙jes de Programaci髇\Trabajo de Referencia\prueba\prueba v5\play-scala-seed\app\controllers\SupplierController.scala. Using presentation compiler with project's scala-library version: 3.3.6
2025.06.12 09:32:24 INFO  no build target found for C:\Users\oscar\OneDrive\Documentos\CICLO VII\Leng黙jes de Programaci髇\Trabajo de Referencia\prueba\prueba v5\play-scala-seed\app\controllers\SupplierController.scala. Using presentation compiler with project's scala-library version: 3.3.6
2025.06.12 09:32:24 INFO  no build target found for C:\Users\oscar\OneDrive\Documentos\CICLO VII\Leng黙jes de Programaci髇\Trabajo de Referencia\prueba\prueba v5\play-scala-seed\app\controllers\SupplierController.scala. Using presentation compiler with project's scala-library version: 3.3.6
2025.06.12 09:32:24 INFO  no build target found for C:\Users\oscar\OneDrive\Documentos\CICLO VII\Leng黙jes de Programaci髇\Trabajo de Referencia\prueba\prueba v5\play-scala-seed\app\controllers\SupplierController.scala. Using presentation compiler with project's scala-library version: 3.3.6
2025.06.12 09:32:24 INFO  no build target found for C:\Users\oscar\OneDrive\Documentos\CICLO VII\Leng黙jes de Programaci髇\Trabajo de Referencia\prueba\prueba v5\play-scala-seed\app\controllers\SupplierController.scala. Using presentation compiler with project's scala-library version: 3.3.6
2025.06.12 09:32:25 INFO  no build target found for C:\Users\oscar\OneDrive\Documentos\CICLO VII\Leng黙jes de Programaci髇\Trabajo de Referencia\prueba\prueba v5\play-scala-seed\app\controllers\SupplierController.scala. Using presentation compiler with project's scala-library version: 3.3.6
2025.06.12 09:32:26 INFO  no build target found for C:\Users\oscar\OneDrive\Documentos\CICLO VII\Leng黙jes de Programaci髇\Trabajo de Referencia\prueba\prueba v5\play-scala-seed\app\controllers\SupplierController.scala. Using presentation compiler with project's scala-library version: 3.3.6
2025.06.12 09:32:26 INFO  no build target found for C:\Users\oscar\OneDrive\Documentos\CICLO VII\Leng黙jes de Programaci髇\Trabajo de Referencia\prueba\prueba v5\play-scala-seed\app\controllers\SupplierController.scala. Using presentation compiler with project's scala-library version: 3.3.6
2025.06.12 09:32:26 INFO  no build target found for C:\Users\oscar\OneDrive\Documentos\CICLO VII\Leng黙jes de Programaci髇\Trabajo de Referencia\prueba\prueba v5\play-scala-seed\app\controllers\SupplierController.scala. Using presentation compiler with project's scala-library version: 3.3.6
2025.06.12 09:32:28 INFO  no build target found for C:\Users\oscar\OneDrive\Documentos\CICLO VII\Leng黙jes de Programaci髇\Trabajo de Referencia\prueba\prueba v5\play-scala-seed\app\controllers\SupplierController.scala. Using presentation compiler with project's scala-library version: 3.3.6
2025.06.12 09:32:29 INFO  no build target found for C:\Users\oscar\OneDrive\Documentos\CICLO VII\Leng黙jes de Programaci髇\Trabajo de Referencia\prueba\prueba v5\play-scala-seed\app\controllers\SupplierController.scala. Using presentation compiler with project's scala-library version: 3.3.6
2025.06.12 09:32:29 INFO  no build target found for C:\Users\oscar\OneDrive\Documentos\CICLO VII\Leng黙jes de Programaci髇\Trabajo de Referencia\prueba\prueba v5\play-scala-seed\app\controllers\SupplierController.scala. Using presentation compiler with project's scala-library version: 3.3.6
2025.06.12 09:32:29 INFO  no build target found for C:\Users\oscar\OneDrive\Documentos\CICLO VII\Leng黙jes de Programaci髇\Trabajo de Referencia\prueba\prueba v5\play-scala-seed\app\controllers\SupplierController.scala. Using presentation compiler with project's scala-library version: 3.3.6
2025.06.12 09:32:30 INFO  no build target found for C:\Users\oscar\OneDrive\Documentos\CICLO VII\Leng黙jes de Programaci髇\Trabajo de Referencia\prueba\prueba v5\play-scala-seed\app\controllers\SupplierController.scala. Using presentation compiler with project's scala-library version: 3.3.6
2025.06.12 09:32:30 INFO  no build target found for C:\Users\oscar\OneDrive\Documentos\CICLO VII\Leng黙jes de Programaci髇\Trabajo de Referencia\prueba\prueba v5\play-scala-seed\app\controllers\SupplierController.scala. Using presentation compiler with project's scala-library version: 3.3.6
2025.06.12 09:32:30 INFO  no build target found for C:\Users\oscar\OneDrive\Documentos\CICLO VII\Leng黙jes de Programaci髇\Trabajo de Referencia\prueba\prueba v5\play-scala-seed\app\controllers\SupplierController.scala. Using presentation compiler with project's scala-library version: 3.3.6
2025.06.12 09:32:30 INFO  no build target found for C:\Users\oscar\OneDrive\Documentos\CICLO VII\Leng黙jes de Programaci髇\Trabajo de Referencia\prueba\prueba v5\play-scala-seed\app\controllers\SupplierController.scala. Using presentation compiler with project's scala-library version: 3.3.6
2025.06.12 09:32:30 INFO  no build target found for C:\Users\oscar\OneDrive\Documentos\CICLO VII\Leng黙jes de Programaci髇\Trabajo de Referencia\prueba\prueba v5\play-scala-seed\app\controllers\SupplierController.scala. Using presentation compiler with project's scala-library version: 3.3.6
2025.06.12 09:32:30 INFO  no build target found for C:\Users\oscar\OneDrive\Documentos\CICLO VII\Leng黙jes de Programaci髇\Trabajo de Referencia\prueba\prueba v5\play-scala-seed\app\controllers\SupplierController.scala. Using presentation compiler with project's scala-library version: 3.3.6
2025.06.12 09:32:32 INFO  no build target found for C:\Users\oscar\OneDrive\Documentos\CICLO VII\Leng黙jes de Programaci髇\Trabajo de Referencia\prueba\prueba v5\play-scala-seed\app\controllers\SupplierController.scala. Using presentation compiler with project's scala-library version: 3.3.6
2025.06.12 09:32:32 INFO  no build target found for C:\Users\oscar\OneDrive\Documentos\CICLO VII\Leng黙jes de Programaci髇\Trabajo de Referencia\prueba\prueba v5\play-scala-seed\app\controllers\SupplierController.scala. Using presentation compiler with project's scala-library version: 3.3.6
2025.06.12 09:32:32 INFO  no build target found for C:\Users\oscar\OneDrive\Documentos\CICLO VII\Leng黙jes de Programaci髇\Trabajo de Referencia\prueba\prueba v5\play-scala-seed\app\controllers\SupplierController.scala. Using presentation compiler with project's scala-library version: 3.3.6
2025.06.12 09:32:32 INFO  no build target found for C:\Users\oscar\OneDrive\Documentos\CICLO VII\Leng黙jes de Programaci髇\Trabajo de Referencia\prueba\prueba v5\play-scala-seed\app\controllers\SupplierController.scala. Using presentation compiler with project's scala-library version: 3.3.6
2025.06.12 09:32:33 INFO  no build target found for C:\Users\oscar\OneDrive\Documentos\CICLO VII\Leng黙jes de Programaci髇\Trabajo de Referencia\prueba\prueba v5\play-scala-seed\app\controllers\SupplierController.scala. Using presentation compiler with project's scala-library version: 3.3.6
2025.06.12 09:32:33 INFO  no build target found for C:\Users\oscar\OneDrive\Documentos\CICLO VII\Leng黙jes de Programaci髇\Trabajo de Referencia\prueba\prueba v5\play-scala-seed\app\controllers\SupplierController.scala. Using presentation compiler with project's scala-library version: 3.3.6
2025.06.12 09:32:33 INFO  no build target found for C:\Users\oscar\OneDrive\Documentos\CICLO VII\Leng黙jes de Programaci髇\Trabajo de Referencia\prueba\prueba v5\play-scala-seed\app\controllers\SupplierController.scala. Using presentation compiler with project's scala-library version: 3.3.6
2025.06.12 09:32:33 INFO  no build target found for C:\Users\oscar\OneDrive\Documentos\CICLO VII\Leng黙jes de Programaci髇\Trabajo de Referencia\prueba\prueba v5\play-scala-seed\app\controllers\SupplierController.scala. Using presentation compiler with project's scala-library version: 3.3.6
2025.06.12 09:32:34 INFO  no build target found for C:\Users\oscar\OneDrive\Documentos\CICLO VII\Leng黙jes de Programaci髇\Trabajo de Referencia\prueba\prueba v5\play-scala-seed\app\controllers\SupplierController.scala. Using presentation compiler with project's scala-library version: 3.3.6
2025.06.12 09:32:34 INFO  no build target found for C:\Users\oscar\OneDrive\Documentos\CICLO VII\Leng黙jes de Programaci髇\Trabajo de Referencia\prueba\prueba v5\play-scala-seed\app\controllers\SupplierController.scala. Using presentation compiler with project's scala-library version: 3.3.6
2025.06.12 09:32:34 INFO  no build target found for C:\Users\oscar\OneDrive\Documentos\CICLO VII\Leng黙jes de Programaci髇\Trabajo de Referencia\prueba\prueba v5\play-scala-seed\app\controllers\SupplierController.scala. Using presentation compiler with project's scala-library version: 3.3.6
2025.06.12 09:32:35 INFO  no build target found for C:\Users\oscar\OneDrive\Documentos\CICLO VII\Leng黙jes de Programaci髇\Trabajo de Referencia\prueba\prueba v5\play-scala-seed\app\controllers\SupplierController.scala. Using presentation compiler with project's scala-library version: 3.3.6
2025.06.12 09:32:36 INFO  no build target found for C:\Users\oscar\OneDrive\Documentos\CICLO VII\Leng黙jes de Programaci髇\Trabajo de Referencia\prueba\prueba v5\play-scala-seed\app\controllers\SupplierController.scala. Using presentation compiler with project's scala-library version: 3.3.6
2025.06.12 09:32:37 INFO  no build target found for C:\Users\oscar\OneDrive\Documentos\CICLO VII\Leng黙jes de Programaci髇\Trabajo de Referencia\prueba\prueba v5\play-scala-seed\app\controllers\SupplierController.scala. Using presentation compiler with project's scala-library version: 3.3.6
2025.06.12 09:32:39 INFO  no build target found for C:\Users\oscar\OneDrive\Documentos\CICLO VII\Leng黙jes de Programaci髇\Trabajo de Referencia\prueba\prueba v5\play-scala-seed\app\controllers\SupplierController.scala. Using presentation compiler with project's scala-library version: 3.3.6
2025.06.12 09:32:39 INFO  no build target found for C:\Users\oscar\OneDrive\Documentos\CICLO VII\Leng黙jes de Programaci髇\Trabajo de Referencia\prueba\prueba v5\play-scala-seed\app\controllers\SupplierController.scala. Using presentation compiler with project's scala-library version: 3.3.6
2025.06.12 09:32:39 INFO  no build target found for C:\Users\oscar\OneDrive\Documentos\CICLO VII\Leng黙jes de Programaci髇\Trabajo de Referencia\prueba\prueba v5\play-scala-seed\app\controllers\SupplierController.scala. Using presentation compiler with project's scala-library version: 3.3.6
2025.06.12 09:32:44 INFO  no build target found for C:\Users\oscar\OneDrive\Documentos\CICLO VII\Leng黙jes de Programaci髇\Trabajo de Referencia\prueba\prueba v5\play-scala-seed\app\controllers\SupplierController.scala. Using presentation compiler with project's scala-library version: 3.3.6
2025.06.12 09:32:44 INFO  no build target found for C:\Users\oscar\OneDrive\Documentos\CICLO VII\Leng黙jes de Programaci髇\Trabajo de Referencia\prueba\prueba v5\play-scala-seed\app\controllers\SupplierController.scala. Using presentation compiler with project's scala-library version: 3.3.6
2025.06.12 09:32:44 INFO  no build target found for C:\Users\oscar\OneDrive\Documentos\CICLO VII\Leng黙jes de Programaci髇\Trabajo de Referencia\prueba\prueba v5\play-scala-seed\app\controllers\SupplierController.scala. Using presentation compiler with project's scala-library version: 3.3.6
2025.06.12 09:32:44 INFO  no build target found for C:\Users\oscar\OneDrive\Documentos\CICLO VII\Leng黙jes de Programaci髇\Trabajo de Referencia\prueba\prueba v5\play-scala-seed\app\controllers\SupplierController.scala. Using presentation compiler with project's scala-library version: 3.3.6
2025.06.12 09:32:44 INFO  no build target found for C:\Users\oscar\OneDrive\Documentos\CICLO VII\Leng黙jes de Programaci髇\Trabajo de Referencia\prueba\prueba v5\play-scala-seed\app\controllers\SupplierController.scala. Using presentation compiler with project's scala-library version: 3.3.6
2025.06.12 09:32:44 INFO  no build target found for C:\Users\oscar\OneDrive\Documentos\CICLO VII\Leng黙jes de Programaci髇\Trabajo de Referencia\prueba\prueba v5\play-scala-seed\app\controllers\SupplierController.scala. Using presentation compiler with project's scala-library version: 3.3.6
2025.06.12 09:32:45 INFO  no build target found for C:\Users\oscar\OneDrive\Documentos\CICLO VII\Leng黙jes de Programaci髇\Trabajo de Referencia\prueba\prueba v5\play-scala-seed\app\controllers\SupplierController.scala. Using presentation compiler with project's scala-library version: 3.3.6
2025.06.12 09:32:45 INFO  no build target found for C:\Users\oscar\OneDrive\Documentos\CICLO VII\Leng黙jes de Programaci髇\Trabajo de Referencia\prueba\prueba v5\play-scala-seed\app\controllers\SupplierController.scala. Using presentation compiler with project's scala-library version: 3.3.6
2025.06.12 09:32:45 INFO  no build target found for C:\Users\oscar\OneDrive\Documentos\CICLO VII\Leng黙jes de Programaci髇\Trabajo de Referencia\prueba\prueba v5\play-scala-seed\app\controllers\SupplierController.scala. Using presentation compiler with project's scala-library version: 3.3.6
jun. 12, 2025 9:32:45 A.燤. org.eclipse.lsp4j.jsonrpc.RemoteEndpoint handleCancellation
WARNING: Unmatched cancel notification for request id 1172
2025.06.12 09:32:45 INFO  no build target found for C:\Users\oscar\OneDrive\Documentos\CICLO VII\Leng黙jes de Programaci髇\Trabajo de Referencia\prueba\prueba v5\play-scala-seed\app\controllers\SupplierController.scala. Using presentation compiler with project's scala-library version: 3.3.6
2025.06.12 09:32:45 INFO  no build target found for C:\Users\oscar\OneDrive\Documentos\CICLO VII\Leng黙jes de Programaci髇\Trabajo de Referencia\prueba\prueba v5\play-scala-seed\app\controllers\SupplierController.scala. Using presentation compiler with project's scala-library version: 3.3.6
2025.06.12 09:32:45 INFO  no build target found for C:\Users\oscar\OneDrive\Documentos\CICLO VII\Leng黙jes de Programaci髇\Trabajo de Referencia\prueba\prueba v5\play-scala-seed\app\controllers\SupplierController.scala. Using presentation compiler with project's scala-library version: 3.3.6
2025.06.12 09:32:45 INFO  no build target found for C:\Users\oscar\OneDrive\Documentos\CICLO VII\Leng黙jes de Programaci髇\Trabajo de Referencia\prueba\prueba v5\play-scala-seed\app\controllers\SupplierController.scala. Using presentation compiler with project's scala-library version: 3.3.6
2025.06.12 09:32:45 INFO  no build target found for C:\Users\oscar\OneDrive\Documentos\CICLO VII\Leng黙jes de Programaci髇\Trabajo de Referencia\prueba\prueba v5\play-scala-seed\app\controllers\SupplierController.scala. Using presentation compiler with project's scala-library version: 3.3.6
2025.06.12 09:32:46 INFO  no build target found for C:\Users\oscar\OneDrive\Documentos\CICLO VII\Leng黙jes de Programaci髇\Trabajo de Referencia\prueba\prueba v5\play-scala-seed\app\controllers\SupplierController.scala. Using presentation compiler with project's scala-library version: 3.3.6
2025.06.12 09:32:46 INFO  no build target found for C:\Users\oscar\OneDrive\Documentos\CICLO VII\Leng黙jes de Programaci髇\Trabajo de Referencia\prueba\prueba v5\play-scala-seed\app\controllers\SupplierController.scala. Using presentation compiler with project's scala-library version: 3.3.6
2025.06.12 09:32:50 INFO  no build target found for C:\Users\oscar\OneDrive\Documentos\CICLO VII\Leng黙jes de Programaci髇\Trabajo de Referencia\prueba\prueba v5\play-scala-seed\app\controllers\SupplierController.scala. Using presentation compiler with project's scala-library version: 3.3.6
2025.06.12 09:32:52 INFO  no build target found for C:\Users\oscar\OneDrive\Documentos\CICLO VII\Leng黙jes de Programaci髇\Trabajo de Referencia\prueba\prueba v5\play-scala-seed\app\controllers\SupplierController.scala. Using presentation compiler with project's scala-library version: 3.3.6
2025.06.12 09:32:52 INFO  no build target found for C:\Users\oscar\OneDrive\Documentos\CICLO VII\Leng黙jes de Programaci髇\Trabajo de Referencia\prueba\prueba v5\play-scala-seed\app\controllers\SupplierController.scala. Using presentation compiler with project's scala-library version: 3.3.6
2025.06.12 09:32:52 INFO  no build target found for C:\Users\oscar\OneDrive\Documentos\CICLO VII\Leng黙jes de Programaci髇\Trabajo de Referencia\prueba\prueba v5\play-scala-seed\app\controllers\SupplierController.scala. Using presentation compiler with project's scala-library version: 3.3.6
2025.06.12 09:32:52 INFO  no build target found for C:\Users\oscar\OneDrive\Documentos\CICLO VII\Leng黙jes de Programaci髇\Trabajo de Referencia\prueba\prueba v5\play-scala-seed\app\controllers\SupplierController.scala. Using presentation compiler with project's scala-library version: 3.3.6
2025.06.12 09:32:52 INFO  no build target found for C:\Users\oscar\OneDrive\Documentos\CICLO VII\Leng黙jes de Programaci髇\Trabajo de Referencia\prueba\prueba v5\play-scala-seed\app\controllers\SupplierController.scala. Using presentation compiler with project's scala-library version: 3.3.6
2025.06.12 09:32:52 INFO  no build target found for C:\Users\oscar\OneDrive\Documentos\CICLO VII\Leng黙jes de Programaci髇\Trabajo de Referencia\prueba\prueba v5\play-scala-seed\app\controllers\SupplierController.scala. Using presentation compiler with project's scala-library version: 3.3.6
2025.06.12 09:32:53 INFO  no build target found for C:\Users\oscar\OneDrive\Documentos\CICLO VII\Leng黙jes de Programaci髇\Trabajo de Referencia\prueba\prueba v5\play-scala-seed\app\controllers\SupplierController.scala. Using presentation compiler with project's scala-library version: 3.3.6
2025.06.12 09:32:53 INFO  no build target found for C:\Users\oscar\OneDrive\Documentos\CICLO VII\Leng黙jes de Programaci髇\Trabajo de Referencia\prueba\prueba v5\play-scala-seed\app\controllers\SupplierController.scala. Using presentation compiler with project's scala-library version: 3.3.6
2025.06.12 09:32:53 INFO  no build target found for C:\Users\oscar\OneDrive\Documentos\CICLO VII\Leng黙jes de Programaci髇\Trabajo de Referencia\prueba\prueba v5\play-scala-seed\app\controllers\SupplierController.scala. Using presentation compiler with project's scala-library version: 3.3.6
2025.06.12 09:32:53 INFO  no build target found for C:\Users\oscar\OneDrive\Documentos\CICLO VII\Leng黙jes de Programaci髇\Trabajo de Referencia\prueba\prueba v5\play-scala-seed\app\controllers\SupplierController.scala. Using presentation compiler with project's scala-library version: 3.3.6
2025.06.12 09:32:53 INFO  no build target found for C:\Users\oscar\OneDrive\Documentos\CICLO VII\Leng黙jes de Programaci髇\Trabajo de Referencia\prueba\prueba v5\play-scala-seed\app\controllers\SupplierController.scala. Using presentation compiler with project's scala-library version: 3.3.6
2025.06.12 09:32:53 INFO  no build target found for C:\Users\oscar\OneDrive\Documentos\CICLO VII\Leng黙jes de Programaci髇\Trabajo de Referencia\prueba\prueba v5\play-scala-seed\app\controllers\SupplierController.scala. Using presentation compiler with project's scala-library version: 3.3.6
2025.06.12 09:32:53 INFO  no build target found for C:\Users\oscar\OneDrive\Documentos\CICLO VII\Leng黙jes de Programaci髇\Trabajo de Referencia\prueba\prueba v5\play-scala-seed\app\controllers\SupplierController.scala. Using presentation compiler with project's scala-library version: 3.3.6
2025.06.12 09:32:53 INFO  no build target found for C:\Users\oscar\OneDrive\Documentos\CICLO VII\Leng黙jes de Programaci髇\Trabajo de Referencia\prueba\prueba v5\play-scala-seed\app\controllers\SupplierController.scala. Using presentation compiler with project's scala-library version: 3.3.6
2025.06.12 09:32:54 INFO  no build target found for C:\Users\oscar\OneDrive\Documentos\CICLO VII\Leng黙jes de Programaci髇\Trabajo de Referencia\prueba\prueba v5\play-scala-seed\app\controllers\SupplierController.scala. Using presentation compiler with project's scala-library version: 3.3.6
2025.06.12 09:32:54 INFO  no build target found for C:\Users\oscar\OneDrive\Documentos\CICLO VII\Leng黙jes de Programaci髇\Trabajo de Referencia\prueba\prueba v5\play-scala-seed\app\controllers\SupplierController.scala. Using presentation compiler with project's scala-library version: 3.3.6
2025.06.12 09:32:55 INFO  no build target found for C:\Users\oscar\OneDrive\Documentos\CICLO VII\Leng黙jes de Programaci髇\Trabajo de Referencia\prueba\prueba v5\play-scala-seed\app\controllers\SupplierController.scala. Using presentation compiler with project's scala-library version: 3.3.6
2025.06.12 09:32:55 INFO  no build target found for C:\Users\oscar\OneDrive\Documentos\CICLO VII\Leng黙jes de Programaci髇\Trabajo de Referencia\prueba\prueba v5\play-scala-seed\app\controllers\SupplierController.scala. Using presentation compiler with project's scala-library version: 3.3.6
2025.06.12 09:32:56 INFO  no build target found for C:\Users\oscar\OneDrive\Documentos\CICLO VII\Leng黙jes de Programaci髇\Trabajo de Referencia\prueba\prueba v5\play-scala-seed\app\controllers\SupplierController.scala. Using presentation compiler with project's scala-library version: 3.3.6
2025.06.12 09:32:56 WARN  no build target for: C:\Users\oscar\OneDrive\Documentos\CICLO VII\Leng黙jes de Programaci髇\Trabajo de Referencia\prueba\prueba v5\play-scala-seed\app\controllers\SupplierController.scala
2025.06.12 09:32:56 INFO  Created report: Optional[file:///C:/Users/oscar/OneDrive/Documentos/CICLO%20VII/Leng黙jes%20de%20Programaci髇/Trabajo%20de%20Referencia/prueba/prueba%20v5/play-scala-seed/app/controllers/SupplierController.scala]
2025.06.12 09:32:56 INFO  empty definition using pc, found symbol in pc: `<none>`. (full report at: "C:\Users\oscar\OneDrive\Documentos\CICLO VII\Leng黙jes de Programaci髇\Trabajo de Referencia\prueba\prueba v5\play-scala-seed\.metals\.reports\metals-full\2025-06-12\r_empty-definition_09-32-56-384.md")
2025.06.12 09:33:00 WARN  no build target for: C:\Users\oscar\OneDrive\Documentos\CICLO VII\Leng黙jes de Programaci髇\Trabajo de Referencia\prueba\prueba v5\play-scala-seed\app\controllers\SupplierController.scala
2025.06.12 09:33:01 INFO  no build target found for C:\Users\oscar\OneDrive\Documentos\CICLO VII\Leng黙jes de Programaci髇\Trabajo de Referencia\prueba\prueba v5\play-scala-seed\app\controllers\SupplierController.scala. Using presentation compiler with project's scala-library version: 3.3.6
2025.06.12 09:33:04 WARN  no build target for: C:\Users\oscar\OneDrive\Documentos\CICLO VII\Leng黙jes de Programaci髇\Trabajo de Referencia\prueba\prueba v5\play-scala-seed\app\models\Supplier.scala
2025.06.12 09:33:04 INFO  no build target found for C:\Users\oscar\OneDrive\Documentos\CICLO VII\Leng黙jes de Programaci髇\Trabajo de Referencia\prueba\prueba v5\play-scala-seed\app\models\Supplier.scala. Using presentation compiler with project's scala-library version: 3.3.6
2025.06.12 09:33:07 INFO  no build target found for C:\Users\oscar\OneDrive\Documentos\CICLO VII\Leng黙jes de Programaci髇\Trabajo de Referencia\prueba\prueba v5\play-scala-seed\app\models\Supplier.scala. Using presentation compiler with project's scala-library version: 3.3.6
2025.06.12 09:35:10 WARN  no build target for: C:\Users\oscar\OneDrive\Documentos\CICLO VII\Leng黙jes de Programaci髇\Trabajo de Referencia\prueba\prueba v5\play-scala-seed\app\controllers\SupplierController.scala
2025.06.12 09:35:10 INFO  no build target found for C:\Users\oscar\OneDrive\Documentos\CICLO VII\Leng黙jes de Programaci髇\Trabajo de Referencia\prueba\prueba v5\play-scala-seed\app\controllers\SupplierController.scala. Using presentation compiler with project's scala-library version: 3.3.6
2025.06.12 09:35:10 INFO  no build target found for C:\Users\oscar\OneDrive\Documentos\CICLO VII\Leng黙jes de Programaci髇\Trabajo de Referencia\prueba\prueba v5\play-scala-seed\app\controllers\SupplierController.scala. Using presentation compiler with project's scala-library version: 3.3.6
2025.06.12 09:35:10 INFO  no build target found for C:\Users\oscar\OneDrive\Documentos\CICLO VII\Leng黙jes de Programaci髇\Trabajo de Referencia\prueba\prueba v5\play-scala-seed\app\controllers\SupplierController.scala. Using presentation compiler with project's scala-library version: 3.3.6
2025.06.12 09:35:10 INFO  no build target found for C:\Users\oscar\OneDrive\Documentos\CICLO VII\Leng黙jes de Programaci髇\Trabajo de Referencia\prueba\prueba v5\play-scala-seed\app\controllers\SupplierController.scala. Using presentation compiler with project's scala-library version: 3.3.6
2025.06.12 09:35:14 INFO  no build target found for C:\Users\oscar\OneDrive\Documentos\CICLO VII\Leng黙jes de Programaci髇\Trabajo de Referencia\prueba\prueba v5\play-scala-seed\app\controllers\SupplierController.scala. Using presentation compiler with project's scala-library version: 3.3.6
2025.06.12 09:35:14 INFO  no build target found for C:\Users\oscar\OneDrive\Documentos\CICLO VII\Leng黙jes de Programaci髇\Trabajo de Referencia\prueba\prueba v5\play-scala-seed\app\controllers\SupplierController.scala. Using presentation compiler with project's scala-library version: 3.3.6
2025.06.12 09:35:14 INFO  no build target found for C:\Users\oscar\OneDrive\Documentos\CICLO VII\Leng黙jes de Programaci髇\Trabajo de Referencia\prueba\prueba v5\play-scala-seed\app\controllers\SupplierController.scala. Using presentation compiler with project's scala-library version: 3.3.6
2025.06.12 09:35:15 INFO  no build target found for C:\Users\oscar\OneDrive\Documentos\CICLO VII\Leng黙jes de Programaci髇\Trabajo de Referencia\prueba\prueba v5\play-scala-seed\app\controllers\SupplierController.scala. Using presentation compiler with project's scala-library version: 3.3.6
2025.06.12 09:35:15 INFO  no build target found for C:\Users\oscar\OneDrive\Documentos\CICLO VII\Leng黙jes de Programaci髇\Trabajo de Referencia\prueba\prueba v5\play-scala-seed\app\controllers\SupplierController.scala. Using presentation compiler with project's scala-library version: 3.3.6
2025.06.12 09:35:17 INFO  no build target found for C:\Users\oscar\OneDrive\Documentos\CICLO VII\Leng黙jes de Programaci髇\Trabajo de Referencia\prueba\prueba v5\play-scala-seed\app\controllers\SupplierController.scala. Using presentation compiler with project's scala-library version: 3.3.6
2025.06.12 09:35:17 INFO  no build target found for C:\Users\oscar\OneDrive\Documentos\CICLO VII\Leng黙jes de Programaci髇\Trabajo de Referencia\prueba\prueba v5\play-scala-seed\app\controllers\SupplierController.scala. Using presentation compiler with project's scala-library version: 3.3.6
2025.06.12 09:35:17 INFO  no build target found for C:\Users\oscar\OneDrive\Documentos\CICLO VII\Leng黙jes de Programaci髇\Trabajo de Referencia\prueba\prueba v5\play-scala-seed\app\controllers\SupplierController.scala. Using presentation compiler with project's scala-library version: 3.3.6
2025.06.12 09:35:17 INFO  no build target found for C:\Users\oscar\OneDrive\Documentos\CICLO VII\Leng黙jes de Programaci髇\Trabajo de Referencia\prueba\prueba v5\play-scala-seed\app\controllers\SupplierController.scala. Using presentation compiler with project's scala-library version: 3.3.6
2025.06.12 09:35:17 INFO  no build target found for C:\Users\oscar\OneDrive\Documentos\CICLO VII\Leng黙jes de Programaci髇\Trabajo de Referencia\prueba\prueba v5\play-scala-seed\app\controllers\SupplierController.scala. Using presentation compiler with project's scala-library version: 3.3.6
2025.06.12 09:35:18 INFO  no build target found for C:\Users\oscar\OneDrive\Documentos\CICLO VII\Leng黙jes de Programaci髇\Trabajo de Referencia\prueba\prueba v5\play-scala-seed\app\controllers\SupplierController.scala. Using presentation compiler with project's scala-library version: 3.3.6
2025.06.12 09:35:18 INFO  no build target found for C:\Users\oscar\OneDrive\Documentos\CICLO VII\Leng黙jes de Programaci髇\Trabajo de Referencia\prueba\prueba v5\play-scala-seed\app\controllers\SupplierController.scala. Using presentation compiler with project's scala-library version: 3.3.6
jun. 12, 2025 9:35:18 A.燤. org.eclipse.lsp4j.jsonrpc.RemoteEndpoint handleCancellation
WARNING: Unmatched cancel notification for request id 1264
2025.06.12 09:35:18 INFO  no build target found for C:\Users\oscar\OneDrive\Documentos\CICLO VII\Leng黙jes de Programaci髇\Trabajo de Referencia\prueba\prueba v5\play-scala-seed\app\controllers\SupplierController.scala. Using presentation compiler with project's scala-library version: 3.3.6
2025.06.12 09:35:18 INFO  no build target found for C:\Users\oscar\OneDrive\Documentos\CICLO VII\Leng黙jes de Programaci髇\Trabajo de Referencia\prueba\prueba v5\play-scala-seed\app\controllers\SupplierController.scala. Using presentation compiler with project's scala-library version: 3.3.6
2025.06.12 09:35:18 INFO  no build target found for C:\Users\oscar\OneDrive\Documentos\CICLO VII\Leng黙jes de Programaci髇\Trabajo de Referencia\prueba\prueba v5\play-scala-seed\app\controllers\SupplierController.scala. Using presentation compiler with project's scala-library version: 3.3.6
2025.06.12 09:35:18 INFO  no build target found for C:\Users\oscar\OneDrive\Documentos\CICLO VII\Leng黙jes de Programaci髇\Trabajo de Referencia\prueba\prueba v5\play-scala-seed\app\controllers\SupplierController.scala. Using presentation compiler with project's scala-library version: 3.3.6
2025.06.12 09:35:18 INFO  no build target found for C:\Users\oscar\OneDrive\Documentos\CICLO VII\Leng黙jes de Programaci髇\Trabajo de Referencia\prueba\prueba v5\play-scala-seed\app\controllers\SupplierController.scala. Using presentation compiler with project's scala-library version: 3.3.6
2025.06.12 09:35:18 INFO  no build target found for C:\Users\oscar\OneDrive\Documentos\CICLO VII\Leng黙jes de Programaci髇\Trabajo de Referencia\prueba\prueba v5\play-scala-seed\app\controllers\SupplierController.scala. Using presentation compiler with project's scala-library version: 3.3.6
2025.06.12 09:35:19 INFO  no build target found for C:\Users\oscar\OneDrive\Documentos\CICLO VII\Leng黙jes de Programaci髇\Trabajo de Referencia\prueba\prueba v5\play-scala-seed\app\controllers\SupplierController.scala. Using presentation compiler with project's scala-library version: 3.3.6
2025.06.12 09:35:19 INFO  no build target found for C:\Users\oscar\OneDrive\Documentos\CICLO VII\Leng黙jes de Programaci髇\Trabajo de Referencia\prueba\prueba v5\play-scala-seed\app\controllers\SupplierController.scala. Using presentation compiler with project's scala-library version: 3.3.6
2025.06.12 09:35:19 INFO  no build target found for C:\Users\oscar\OneDrive\Documentos\CICLO VII\Leng黙jes de Programaci髇\Trabajo de Referencia\prueba\prueba v5\play-scala-seed\app\controllers\SupplierController.scala. Using presentation compiler with project's scala-library version: 3.3.6
2025.06.12 09:35:19 INFO  no build target found for C:\Users\oscar\OneDrive\Documentos\CICLO VII\Leng黙jes de Programaci髇\Trabajo de Referencia\prueba\prueba v5\play-scala-seed\app\controllers\SupplierController.scala. Using presentation compiler with project's scala-library version: 3.3.6
2025.06.12 09:35:19 INFO  no build target found for C:\Users\oscar\OneDrive\Documentos\CICLO VII\Leng黙jes de Programaci髇\Trabajo de Referencia\prueba\prueba v5\play-scala-seed\app\controllers\SupplierController.scala. Using presentation compiler with project's scala-library version: 3.3.6
2025.06.12 09:35:19 INFO  no build target found for C:\Users\oscar\OneDrive\Documentos\CICLO VII\Leng黙jes de Programaci髇\Trabajo de Referencia\prueba\prueba v5\play-scala-seed\app\controllers\SupplierController.scala. Using presentation compiler with project's scala-library version: 3.3.6
2025.06.12 09:35:19 INFO  no build target found for C:\Users\oscar\OneDrive\Documentos\CICLO VII\Leng黙jes de Programaci髇\Trabajo de Referencia\prueba\prueba v5\play-scala-seed\app\controllers\SupplierController.scala. Using presentation compiler with project's scala-library version: 3.3.6
2025.06.12 09:35:20 INFO  no build target found for C:\Users\oscar\OneDrive\Documentos\CICLO VII\Leng黙jes de Programaci髇\Trabajo de Referencia\prueba\prueba v5\play-scala-seed\app\controllers\SupplierController.scala. Using presentation compiler with project's scala-library version: 3.3.6
2025.06.12 09:35:20 INFO  no build target found for C:\Users\oscar\OneDrive\Documentos\CICLO VII\Leng黙jes de Programaci髇\Trabajo de Referencia\prueba\prueba v5\play-scala-seed\app\controllers\SupplierController.scala. Using presentation compiler with project's scala-library version: 3.3.6
2025.06.12 09:35:20 INFO  no build target found for C:\Users\oscar\OneDrive\Documentos\CICLO VII\Leng黙jes de Programaci髇\Trabajo de Referencia\prueba\prueba v5\play-scala-seed\app\controllers\SupplierController.scala. Using presentation compiler with project's scala-library version: 3.3.6
2025.06.12 09:35:21 INFO  no build target found for C:\Users\oscar\OneDrive\Documentos\CICLO VII\Leng黙jes de Programaci髇\Trabajo de Referencia\prueba\prueba v5\play-scala-seed\app\controllers\SupplierController.scala. Using presentation compiler with project's scala-library version: 3.3.6
2025.06.12 09:35:21 INFO  no build target found for C:\Users\oscar\OneDrive\Documentos\CICLO VII\Leng黙jes de Programaci髇\Trabajo de Referencia\prueba\prueba v5\play-scala-seed\app\controllers\SupplierController.scala. Using presentation compiler with project's scala-library version: 3.3.6
2025.06.12 09:35:21 INFO  no build target found for C:\Users\oscar\OneDrive\Documentos\CICLO VII\Leng黙jes de Programaci髇\Trabajo de Referencia\prueba\prueba v5\play-scala-seed\app\controllers\SupplierController.scala. Using presentation compiler with project's scala-library version: 3.3.6
2025.06.12 09:35:23 INFO  no build target found for C:\Users\oscar\OneDrive\Documentos\CICLO VII\Leng黙jes de Programaci髇\Trabajo de Referencia\prueba\prueba v5\play-scala-seed\app\controllers\SupplierController.scala. Using presentation compiler with project's scala-library version: 3.3.6
2025.06.12 09:35:23 INFO  no build target found for C:\Users\oscar\OneDrive\Documentos\CICLO VII\Leng黙jes de Programaci髇\Trabajo de Referencia\prueba\prueba v5\play-scala-seed\app\controllers\SupplierController.scala. Using presentation compiler with project's scala-library version: 3.3.6
2025.06.12 09:35:23 INFO  no build target found for C:\Users\oscar\OneDrive\Documentos\CICLO VII\Leng黙jes de Programaci髇\Trabajo de Referencia\prueba\prueba v5\play-scala-seed\app\controllers\SupplierController.scala. Using presentation compiler with project's scala-library version: 3.3.6
2025.06.12 09:35:23 INFO  no build target found for C:\Users\oscar\OneDrive\Documentos\CICLO VII\Leng黙jes de Programaci髇\Trabajo de Referencia\prueba\prueba v5\play-scala-seed\app\controllers\SupplierController.scala. Using presentation compiler with project's scala-library version: 3.3.6
2025.06.12 09:35:23 INFO  no build target found for C:\Users\oscar\OneDrive\Documentos\CICLO VII\Leng黙jes de Programaci髇\Trabajo de Referencia\prueba\prueba v5\play-scala-seed\app\controllers\SupplierController.scala. Using presentation compiler with project's scala-library version: 3.3.6
2025.06.12 09:35:24 INFO  no build target found for C:\Users\oscar\OneDrive\Documentos\CICLO VII\Leng黙jes de Programaci髇\Trabajo de Referencia\prueba\prueba v5\play-scala-seed\app\controllers\SupplierController.scala. Using presentation compiler with project's scala-library version: 3.3.6
2025.06.12 09:35:24 WARN  no build target for: C:\Users\oscar\OneDrive\Documentos\CICLO VII\Leng黙jes de Programaci髇\Trabajo de Referencia\prueba\prueba v5\play-scala-seed\app\controllers\SupplierController.scala
2025.06.12 09:35:27 INFO  no build target found for C:\Users\oscar\OneDrive\Documentos\CICLO VII\Leng黙jes de Programaci髇\Trabajo de Referencia\prueba\prueba v5\play-scala-seed\app\controllers\SupplierController.scala. Using presentation compiler with project's scala-library version: 3.3.6
2025.06.12 09:35:54 INFO  no build target found for C:\Users\oscar\OneDrive\Documentos\CICLO VII\Leng黙jes de Programaci髇\Trabajo de Referencia\prueba\prueba v5\play-scala-seed\app\controllers\SupplierController.scala. Using presentation compiler with project's scala-library version: 3.3.6
2025.06.12 09:35:54 INFO  no build target found for C:\Users\oscar\OneDrive\Documentos\CICLO VII\Leng黙jes de Programaci髇\Trabajo de Referencia\prueba\prueba v5\play-scala-seed\app\controllers\SupplierController.scala. Using presentation compiler with project's scala-library version: 3.3.6
2025.06.12 09:35:58 WARN  no build target for: C:\Users\oscar\OneDrive\Documentos\CICLO VII\Leng黙jes de Programaci髇\Trabajo de Referencia\prueba\prueba v5\play-scala-seed\app\models\Supplier.scala
2025.06.12 09:35:58 INFO  no build target found for C:\Users\oscar\OneDrive\Documentos\CICLO VII\Leng黙jes de Programaci髇\Trabajo de Referencia\prueba\prueba v5\play-scala-seed\app\models\Supplier.scala. Using presentation compiler with project's scala-library version: 3.3.6
2025.06.12 09:40:29 INFO  no build target found for C:\Users\oscar\OneDrive\Documentos\CICLO VII\Leng黙jes de Programaci髇\Trabajo de Referencia\prueba\prueba v5\play-scala-seed\app\models\Supplier.scala. Using presentation compiler with project's scala-library version: 3.3.6
2025.06.12 09:49:13 WARN  no build target for: C:\Users\oscar\OneDrive\Documentos\CICLO VII\Leng黙jes de Programaci髇\Trabajo de Referencia\prueba\prueba v5\play-scala-seed\app\models\Supplier.scala
2025.06.12 09:49:13 INFO  no build target found for C:\Users\oscar\OneDrive\Documentos\CICLO VII\Leng黙jes de Programaci髇\Trabajo de Referencia\prueba\prueba v5\play-scala-seed\app\models\Supplier.scala. Using presentation compiler with project's scala-library version: 3.3.6
2025.06.12 09:49:15 INFO  no build target found for C:\Users\oscar\OneDrive\Documentos\CICLO VII\Leng黙jes de Programaci髇\Trabajo de Referencia\prueba\prueba v5\play-scala-seed\app\models\Supplier.scala. Using presentation compiler with project's scala-library version: 3.3.6
2025.06.12 09:49:16 WARN  no build target for: C:\Users\oscar\OneDrive\Documentos\CICLO VII\Leng黙jes de Programaci髇\Trabajo de Referencia\prueba\prueba v5\play-scala-seed\app\models\Ordenes.scala
2025.06.12 09:49:17 INFO  no build target found for C:\Users\oscar\OneDrive\Documentos\CICLO VII\Leng黙jes de Programaci髇\Trabajo de Referencia\prueba\prueba v5\play-scala-seed\app\models\Ordenes.scala. Using presentation compiler with project's scala-library version: 3.3.6
2025.06.12 09:49:19 INFO  no build target found for C:\Users\oscar\OneDrive\Documentos\CICLO VII\Leng黙jes de Programaci髇\Trabajo de Referencia\prueba\prueba v5\play-scala-seed\app\models\Ordenes.scala. Using presentation compiler with project's scala-library version: 3.3.6
2025.06.12 09:49:20 INFO  no build target found for C:\Users\oscar\OneDrive\Documentos\CICLO VII\Leng黙jes de Programaci髇\Trabajo de Referencia\prueba\prueba v5\play-scala-seed\app\models\Ordenes.scala. Using presentation compiler with project's scala-library version: 3.3.6
2025.06.12 09:49:20 INFO  no build target found for C:\Users\oscar\OneDrive\Documentos\CICLO VII\Leng黙jes de Programaci髇\Trabajo de Referencia\prueba\prueba v5\play-scala-seed\app\models\Ordenes.scala. Using presentation compiler with project's scala-library version: 3.3.6
2025.06.12 09:49:20 INFO  no build target found for C:\Users\oscar\OneDrive\Documentos\CICLO VII\Leng黙jes de Programaci髇\Trabajo de Referencia\prueba\prueba v5\play-scala-seed\app\models\Ordenes.scala. Using presentation compiler with project's scala-library version: 3.3.6
2025.06.12 09:49:20 INFO  no build target found for C:\Users\oscar\OneDrive\Documentos\CICLO VII\Leng黙jes de Programaci髇\Trabajo de Referencia\prueba\prueba v5\play-scala-seed\app\models\Ordenes.scala. Using presentation compiler with project's scala-library version: 3.3.6
2025.06.12 09:49:21 INFO  no build target found for C:\Users\oscar\OneDrive\Documentos\CICLO VII\Leng黙jes de Programaci髇\Trabajo de Referencia\prueba\prueba v5\play-scala-seed\app\models\Ordenes.scala. Using presentation compiler with project's scala-library version: 3.3.6
2025.06.12 09:49:21 INFO  no build target found for C:\Users\oscar\OneDrive\Documentos\CICLO VII\Leng黙jes de Programaci髇\Trabajo de Referencia\prueba\prueba v5\play-scala-seed\app\models\Ordenes.scala. Using presentation compiler with project's scala-library version: 3.3.6
2025.06.12 09:49:21 INFO  no build target found for C:\Users\oscar\OneDrive\Documentos\CICLO VII\Leng黙jes de Programaci髇\Trabajo de Referencia\prueba\prueba v5\play-scala-seed\app\models\Ordenes.scala. Using presentation compiler with project's scala-library version: 3.3.6
2025.06.12 09:49:21 INFO  no build target found for C:\Users\oscar\OneDrive\Documentos\CICLO VII\Leng黙jes de Programaci髇\Trabajo de Referencia\prueba\prueba v5\play-scala-seed\app\models\Ordenes.scala. Using presentation compiler with project's scala-library version: 3.3.6
2025.06.12 09:49:21 INFO  no build target found for C:\Users\oscar\OneDrive\Documentos\CICLO VII\Leng黙jes de Programaci髇\Trabajo de Referencia\prueba\prueba v5\play-scala-seed\app\models\Ordenes.scala. Using presentation compiler with project's scala-library version: 3.3.6
2025.06.12 09:49:21 INFO  no build target found for C:\Users\oscar\OneDrive\Documentos\CICLO VII\Leng黙jes de Programaci髇\Trabajo de Referencia\prueba\prueba v5\play-scala-seed\app\models\Ordenes.scala. Using presentation compiler with project's scala-library version: 3.3.6
2025.06.12 09:49:21 INFO  no build target found for C:\Users\oscar\OneDrive\Documentos\CICLO VII\Leng黙jes de Programaci髇\Trabajo de Referencia\prueba\prueba v5\play-scala-seed\app\models\Ordenes.scala. Using presentation compiler with project's scala-library version: 3.3.6
2025.06.12 09:49:21 INFO  no build target found for C:\Users\oscar\OneDrive\Documentos\CICLO VII\Leng黙jes de Programaci髇\Trabajo de Referencia\prueba\prueba v5\play-scala-seed\app\models\Ordenes.scala. Using presentation compiler with project's scala-library version: 3.3.6
2025.06.12 09:49:22 INFO  no build target found for C:\Users\oscar\OneDrive\Documentos\CICLO VII\Leng黙jes de Programaci髇\Trabajo de Referencia\prueba\prueba v5\play-scala-seed\app\models\Ordenes.scala. Using presentation compiler with project's scala-library version: 3.3.6
2025.06.12 09:49:22 INFO  no build target found for C:\Users\oscar\OneDrive\Documentos\CICLO VII\Leng黙jes de Programaci髇\Trabajo de Referencia\prueba\prueba v5\play-scala-seed\app\models\Ordenes.scala. Using presentation compiler with project's scala-library version: 3.3.6
2025.06.12 09:49:22 INFO  no build target found for C:\Users\oscar\OneDrive\Documentos\CICLO VII\Leng黙jes de Programaci髇\Trabajo de Referencia\prueba\prueba v5\play-scala-seed\app\models\Ordenes.scala. Using presentation compiler with project's scala-library version: 3.3.6
2025.06.12 09:49:24 INFO  no build target found for C:\Users\oscar\OneDrive\Documentos\CICLO VII\Leng黙jes de Programaci髇\Trabajo de Referencia\prueba\prueba v5\play-scala-seed\app\models\Ordenes.scala. Using presentation compiler with project's scala-library version: 3.3.6
2025.06.12 09:49:27 INFO  no build target found for C:\Users\oscar\OneDrive\Documentos\CICLO VII\Leng黙jes de Programaci髇\Trabajo de Referencia\prueba\prueba v5\play-scala-seed\app\models\Ordenes.scala. Using presentation compiler with project's scala-library version: 3.3.6
2025.06.12 09:49:27 INFO  no build target found for C:\Users\oscar\OneDrive\Documentos\CICLO VII\Leng黙jes de Programaci髇\Trabajo de Referencia\prueba\prueba v5\play-scala-seed\app\models\Ordenes.scala. Using presentation compiler with project's scala-library version: 3.3.6
2025.06.12 09:49:27 INFO  no build target found for C:\Users\oscar\OneDrive\Documentos\CICLO VII\Leng黙jes de Programaci髇\Trabajo de Referencia\prueba\prueba v5\play-scala-seed\app\models\Ordenes.scala. Using presentation compiler with project's scala-library version: 3.3.6
2025.06.12 09:49:31 INFO  no build target found for C:\Users\oscar\OneDrive\Documentos\CICLO VII\Leng黙jes de Programaci髇\Trabajo de Referencia\prueba\prueba v5\play-scala-seed\app\models\Ordenes.scala. Using presentation compiler with project's scala-library version: 3.3.6
2025.06.12 09:49:31 INFO  no build target found for C:\Users\oscar\OneDrive\Documentos\CICLO VII\Leng黙jes de Programaci髇\Trabajo de Referencia\prueba\prueba v5\play-scala-seed\app\models\Ordenes.scala. Using presentation compiler with project's scala-library version: 3.3.6
2025.06.12 09:49:31 INFO  no build target found for C:\Users\oscar\OneDrive\Documentos\CICLO VII\Leng黙jes de Programaci髇\Trabajo de Referencia\prueba\prueba v5\play-scala-seed\app\models\Ordenes.scala. Using presentation compiler with project's scala-library version: 3.3.6
2025.06.12 09:49:32 INFO  no build target found for C:\Users\oscar\OneDrive\Documentos\CICLO VII\Leng黙jes de Programaci髇\Trabajo de Referencia\prueba\prueba v5\play-scala-seed\app\models\Ordenes.scala. Using presentation compiler with project's scala-library version: 3.3.6
2025.06.12 09:49:32 INFO  no build target found for C:\Users\oscar\OneDrive\Documentos\CICLO VII\Leng黙jes de Programaci髇\Trabajo de Referencia\prueba\prueba v5\play-scala-seed\app\models\Ordenes.scala. Using presentation compiler with project's scala-library version: 3.3.6
2025.06.12 09:49:34 INFO  no build target found for C:\Users\oscar\OneDrive\Documentos\CICLO VII\Leng黙jes de Programaci髇\Trabajo de Referencia\prueba\prueba v5\play-scala-seed\app\models\Ordenes.scala. Using presentation compiler with project's scala-library version: 3.3.6
2025.06.12 09:49:34 INFO  no build target found for C:\Users\oscar\OneDrive\Documentos\CICLO VII\Leng黙jes de Programaci髇\Trabajo de Referencia\prueba\prueba v5\play-scala-seed\app\models\Ordenes.scala. Using presentation compiler with project's scala-library version: 3.3.6
2025.06.12 09:49:34 INFO  no build target found for C:\Users\oscar\OneDrive\Documentos\CICLO VII\Leng黙jes de Programaci髇\Trabajo de Referencia\prueba\prueba v5\play-scala-seed\app\models\Ordenes.scala. Using presentation compiler with project's scala-library version: 3.3.6
2025.06.12 09:49:34 INFO  no build target found for C:\Users\oscar\OneDrive\Documentos\CICLO VII\Leng黙jes de Programaci髇\Trabajo de Referencia\prueba\prueba v5\play-scala-seed\app\models\Ordenes.scala. Using presentation compiler with project's scala-library version: 3.3.6
2025.06.12 09:49:35 INFO  no build target found for C:\Users\oscar\OneDrive\Documentos\CICLO VII\Leng黙jes de Programaci髇\Trabajo de Referencia\prueba\prueba v5\play-scala-seed\app\models\Ordenes.scala. Using presentation compiler with project's scala-library version: 3.3.6
2025.06.12 09:49:35 INFO  no build target found for C:\Users\oscar\OneDrive\Documentos\CICLO VII\Leng黙jes de Programaci髇\Trabajo de Referencia\prueba\prueba v5\play-scala-seed\app\models\Ordenes.scala. Using presentation compiler with project's scala-library version: 3.3.6
2025.06.12 09:49:35 INFO  no build target found for C:\Users\oscar\OneDrive\Documentos\CICLO VII\Leng黙jes de Programaci髇\Trabajo de Referencia\prueba\prueba v5\play-scala-seed\app\models\Ordenes.scala. Using presentation compiler with project's scala-library version: 3.3.6
2025.06.12 09:49:35 INFO  no build target found for C:\Users\oscar\OneDrive\Documentos\CICLO VII\Leng黙jes de Programaci髇\Trabajo de Referencia\prueba\prueba v5\play-scala-seed\app\models\Ordenes.scala. Using presentation compiler with project's scala-library version: 3.3.6
2025.06.12 09:49:35 INFO  no build target found for C:\Users\oscar\OneDrive\Documentos\CICLO VII\Leng黙jes de Programaci髇\Trabajo de Referencia\prueba\prueba v5\play-scala-seed\app\models\Ordenes.scala. Using presentation compiler with project's scala-library version: 3.3.6
2025.06.12 09:49:35 INFO  no build target found for C:\Users\oscar\OneDrive\Documentos\CICLO VII\Leng黙jes de Programaci髇\Trabajo de Referencia\prueba\prueba v5\play-scala-seed\app\models\Ordenes.scala. Using presentation compiler with project's scala-library version: 3.3.6
2025.06.12 09:49:35 INFO  no build target found for C:\Users\oscar\OneDrive\Documentos\CICLO VII\Leng黙jes de Programaci髇\Trabajo de Referencia\prueba\prueba v5\play-scala-seed\app\models\Ordenes.scala. Using presentation compiler with project's scala-library version: 3.3.6
2025.06.12 09:49:35 INFO  no build target found for C:\Users\oscar\OneDrive\Documentos\CICLO VII\Leng黙jes de Programaci髇\Trabajo de Referencia\prueba\prueba v5\play-scala-seed\app\models\Ordenes.scala. Using presentation compiler with project's scala-library version: 3.3.6
2025.06.12 09:49:41 INFO  no build target found for C:\Users\oscar\OneDrive\Documentos\CICLO VII\Leng黙jes de Programaci髇\Trabajo de Referencia\prueba\prueba v5\play-scala-seed\app\models\Ordenes.scala. Using presentation compiler with project's scala-library version: 3.3.6
2025.06.12 09:49:42 INFO  no build target found for C:\Users\oscar\OneDrive\Documentos\CICLO VII\Leng黙jes de Programaci髇\Trabajo de Referencia\prueba\prueba v5\play-scala-seed\app\models\Ordenes.scala. Using presentation compiler with project's scala-library version: 3.3.6
2025.06.12 09:49:44 INFO  no build target found for C:\Users\oscar\OneDrive\Documentos\CICLO VII\Leng黙jes de Programaci髇\Trabajo de Referencia\prueba\prueba v5\play-scala-seed\app\models\Ordenes.scala. Using presentation compiler with project's scala-library version: 3.3.6
2025.06.12 09:49:44 INFO  no build target found for C:\Users\oscar\OneDrive\Documentos\CICLO VII\Leng黙jes de Programaci髇\Trabajo de Referencia\prueba\prueba v5\play-scala-seed\app\models\Ordenes.scala. Using presentation compiler with project's scala-library version: 3.3.6
2025.06.12 09:49:46 INFO  no build target found for C:\Users\oscar\OneDrive\Documentos\CICLO VII\Leng黙jes de Programaci髇\Trabajo de Referencia\prueba\prueba v5\play-scala-seed\app\models\Ordenes.scala. Using presentation compiler with project's scala-library version: 3.3.6
2025.06.12 09:49:47 INFO  no build target found for C:\Users\oscar\OneDrive\Documentos\CICLO VII\Leng黙jes de Programaci髇\Trabajo de Referencia\prueba\prueba v5\play-scala-seed\app\models\Ordenes.scala. Using presentation compiler with project's scala-library version: 3.3.6
2025.06.12 09:49:47 INFO  no build target found for C:\Users\oscar\OneDrive\Documentos\CICLO VII\Leng黙jes de Programaci髇\Trabajo de Referencia\prueba\prueba v5\play-scala-seed\app\models\Ordenes.scala. Using presentation compiler with project's scala-library version: 3.3.6
2025.06.12 09:49:47 INFO  no build target found for C:\Users\oscar\OneDrive\Documentos\CICLO VII\Leng黙jes de Programaci髇\Trabajo de Referencia\prueba\prueba v5\play-scala-seed\app\models\Ordenes.scala. Using presentation compiler with project's scala-library version: 3.3.6
2025.06.12 09:49:47 INFO  no build target found for C:\Users\oscar\OneDrive\Documentos\CICLO VII\Leng黙jes de Programaci髇\Trabajo de Referencia\prueba\prueba v5\play-scala-seed\app\models\Ordenes.scala. Using presentation compiler with project's scala-library version: 3.3.6
2025.06.12 09:49:47 INFO  no build target found for C:\Users\oscar\OneDrive\Documentos\CICLO VII\Leng黙jes de Programaci髇\Trabajo de Referencia\prueba\prueba v5\play-scala-seed\app\models\Ordenes.scala. Using presentation compiler with project's scala-library version: 3.3.6
2025.06.12 09:49:48 INFO  no build target found for C:\Users\oscar\OneDrive\Documentos\CICLO VII\Leng黙jes de Programaci髇\Trabajo de Referencia\prueba\prueba v5\play-scala-seed\app\models\Ordenes.scala. Using presentation compiler with project's scala-library version: 3.3.6
2025.06.12 09:49:48 INFO  no build target found for C:\Users\oscar\OneDrive\Documentos\CICLO VII\Leng黙jes de Programaci髇\Trabajo de Referencia\prueba\prueba v5\play-scala-seed\app\models\Ordenes.scala. Using presentation compiler with project's scala-library version: 3.3.6
2025.06.12 09:49:48 INFO  no build target found for C:\Users\oscar\OneDrive\Documentos\CICLO VII\Leng黙jes de Programaci髇\Trabajo de Referencia\prueba\prueba v5\play-scala-seed\app\models\Ordenes.scala. Using presentation compiler with project's scala-library version: 3.3.6
2025.06.12 09:49:48 INFO  no build target found for C:\Users\oscar\OneDrive\Documentos\CICLO VII\Leng黙jes de Programaci髇\Trabajo de Referencia\prueba\prueba v5\play-scala-seed\app\models\Ordenes.scala. Using presentation compiler with project's scala-library version: 3.3.6
2025.06.12 09:49:48 INFO  no build target found for C:\Users\oscar\OneDrive\Documentos\CICLO VII\Leng黙jes de Programaci髇\Trabajo de Referencia\prueba\prueba v5\play-scala-seed\app\models\Ordenes.scala. Using presentation compiler with project's scala-library version: 3.3.6
2025.06.12 09:49:48 INFO  no build target found for C:\Users\oscar\OneDrive\Documentos\CICLO VII\Leng黙jes de Programaci髇\Trabajo de Referencia\prueba\prueba v5\play-scala-seed\app\models\Ordenes.scala. Using presentation compiler with project's scala-library version: 3.3.6
2025.06.12 09:49:51 INFO  no build target found for C:\Users\oscar\OneDrive\Documentos\CICLO VII\Leng黙jes de Programaci髇\Trabajo de Referencia\prueba\prueba v5\play-scala-seed\app\models\Ordenes.scala. Using presentation compiler with project's scala-library version: 3.3.6
2025.06.12 09:49:51 INFO  no build target found for C:\Users\oscar\OneDrive\Documentos\CICLO VII\Leng黙jes de Programaci髇\Trabajo de Referencia\prueba\prueba v5\play-scala-seed\app\models\Ordenes.scala. Using presentation compiler with project's scala-library version: 3.3.6
2025.06.12 09:49:51 INFO  no build target found for C:\Users\oscar\OneDrive\Documentos\CICLO VII\Leng黙jes de Programaci髇\Trabajo de Referencia\prueba\prueba v5\play-scala-seed\app\models\Ordenes.scala. Using presentation compiler with project's scala-library version: 3.3.6
2025.06.12 09:50:11 INFO  no build target found for C:\Users\oscar\OneDrive\Documentos\CICLO VII\Leng黙jes de Programaci髇\Trabajo de Referencia\prueba\prueba v5\play-scala-seed\app\models\Ordenes.scala. Using presentation compiler with project's scala-library version: 3.3.6
2025.06.12 09:50:14 INFO  no build target found for C:\Users\oscar\OneDrive\Documentos\CICLO VII\Leng黙jes de Programaci髇\Trabajo de Referencia\prueba\prueba v5\play-scala-seed\app\models\Ordenes.scala. Using presentation compiler with project's scala-library version: 3.3.6
2025.06.12 09:50:14 INFO  no build target found for C:\Users\oscar\OneDrive\Documentos\CICLO VII\Leng黙jes de Programaci髇\Trabajo de Referencia\prueba\prueba v5\play-scala-seed\app\models\Ordenes.scala. Using presentation compiler with project's scala-library version: 3.3.6
2025.06.12 09:50:14 INFO  no build target found for C:\Users\oscar\OneDrive\Documentos\CICLO VII\Leng黙jes de Programaci髇\Trabajo de Referencia\prueba\prueba v5\play-scala-seed\app\models\Ordenes.scala. Using presentation compiler with project's scala-library version: 3.3.6
2025.06.12 09:50:14 INFO  no build target found for C:\Users\oscar\OneDrive\Documentos\CICLO VII\Leng黙jes de Programaci髇\Trabajo de Referencia\prueba\prueba v5\play-scala-seed\app\models\Ordenes.scala. Using presentation compiler with project's scala-library version: 3.3.6
2025.06.12 09:50:14 INFO  no build target found for C:\Users\oscar\OneDrive\Documentos\CICLO VII\Leng黙jes de Programaci髇\Trabajo de Referencia\prueba\prueba v5\play-scala-seed\app\models\Ordenes.scala. Using presentation compiler with project's scala-library version: 3.3.6
2025.06.12 09:50:14 INFO  no build target found for C:\Users\oscar\OneDrive\Documentos\CICLO VII\Leng黙jes de Programaci髇\Trabajo de Referencia\prueba\prueba v5\play-scala-seed\app\models\Ordenes.scala. Using presentation compiler with project's scala-library version: 3.3.6
2025.06.12 09:50:14 INFO  no build target found for C:\Users\oscar\OneDrive\Documentos\CICLO VII\Leng黙jes de Programaci髇\Trabajo de Referencia\prueba\prueba v5\play-scala-seed\app\models\Ordenes.scala. Using presentation compiler with project's scala-library version: 3.3.6
2025.06.12 09:50:18 INFO  no build target found for C:\Users\oscar\OneDrive\Documentos\CICLO VII\Leng黙jes de Programaci髇\Trabajo de Referencia\prueba\prueba v5\play-scala-seed\app\models\Ordenes.scala. Using presentation compiler with project's scala-library version: 3.3.6
2025.06.12 09:50:18 INFO  no build target found for C:\Users\oscar\OneDrive\Documentos\CICLO VII\Leng黙jes de Programaci髇\Trabajo de Referencia\prueba\prueba v5\play-scala-seed\app\models\Ordenes.scala. Using presentation compiler with project's scala-library version: 3.3.6
2025.06.12 09:50:18 INFO  no build target found for C:\Users\oscar\OneDrive\Documentos\CICLO VII\Leng黙jes de Programaci髇\Trabajo de Referencia\prueba\prueba v5\play-scala-seed\app\models\Ordenes.scala. Using presentation compiler with project's scala-library version: 3.3.6
2025.06.12 09:50:18 INFO  no build target found for C:\Users\oscar\OneDrive\Documentos\CICLO VII\Leng黙jes de Programaci髇\Trabajo de Referencia\prueba\prueba v5\play-scala-seed\app\models\Ordenes.scala. Using presentation compiler with project's scala-library version: 3.3.6
2025.06.12 09:50:18 INFO  no build target found for C:\Users\oscar\OneDrive\Documentos\CICLO VII\Leng黙jes de Programaci髇\Trabajo de Referencia\prueba\prueba v5\play-scala-seed\app\models\Ordenes.scala. Using presentation compiler with project's scala-library version: 3.3.6
2025.06.12 09:50:18 INFO  no build target found for C:\Users\oscar\OneDrive\Documentos\CICLO VII\Leng黙jes de Programaci髇\Trabajo de Referencia\prueba\prueba v5\play-scala-seed\app\models\Ordenes.scala. Using presentation compiler with project's scala-library version: 3.3.6
2025.06.12 09:50:18 INFO  no build target found for C:\Users\oscar\OneDrive\Documentos\CICLO VII\Leng黙jes de Programaci髇\Trabajo de Referencia\prueba\prueba v5\play-scala-seed\app\models\Ordenes.scala. Using presentation compiler with project's scala-library version: 3.3.6
2025.06.12 09:50:19 INFO  no build target found for C:\Users\oscar\OneDrive\Documentos\CICLO VII\Leng黙jes de Programaci髇\Trabajo de Referencia\prueba\prueba v5\play-scala-seed\app\models\Ordenes.scala. Using presentation compiler with project's scala-library version: 3.3.6
2025.06.12 09:50:19 INFO  no build target found for C:\Users\oscar\OneDrive\Documentos\CICLO VII\Leng黙jes de Programaci髇\Trabajo de Referencia\prueba\prueba v5\play-scala-seed\app\models\Ordenes.scala. Using presentation compiler with project's scala-library version: 3.3.6
2025.06.12 09:50:19 INFO  no build target found for C:\Users\oscar\OneDrive\Documentos\CICLO VII\Leng黙jes de Programaci髇\Trabajo de Referencia\prueba\prueba v5\play-scala-seed\app\models\Ordenes.scala. Using presentation compiler with project's scala-library version: 3.3.6
2025.06.12 09:50:19 INFO  no build target found for C:\Users\oscar\OneDrive\Documentos\CICLO VII\Leng黙jes de Programaci髇\Trabajo de Referencia\prueba\prueba v5\play-scala-seed\app\models\Ordenes.scala. Using presentation compiler with project's scala-library version: 3.3.6
2025.06.12 09:50:19 INFO  no build target found for C:\Users\oscar\OneDrive\Documentos\CICLO VII\Leng黙jes de Programaci髇\Trabajo de Referencia\prueba\prueba v5\play-scala-seed\app\models\Ordenes.scala. Using presentation compiler with project's scala-library version: 3.3.6
2025.06.12 09:51:25 INFO  no build target found for C:\Users\oscar\OneDrive\Documentos\CICLO VII\Leng黙jes de Programaci髇\Trabajo de Referencia\prueba\prueba v5\play-scala-seed\app\models\Ordenes.scala. Using presentation compiler with project's scala-library version: 3.3.6
2025.06.12 09:51:28 INFO  no build target found for C:\Users\oscar\OneDrive\Documentos\CICLO VII\Leng黙jes de Programaci髇\Trabajo de Referencia\prueba\prueba v5\play-scala-seed\app\models\Ordenes.scala. Using presentation compiler with project's scala-library version: 3.3.6
2025.06.12 09:51:28 INFO  no build target found for C:\Users\oscar\OneDrive\Documentos\CICLO VII\Leng黙jes de Programaci髇\Trabajo de Referencia\prueba\prueba v5\play-scala-seed\app\models\Ordenes.scala. Using presentation compiler with project's scala-library version: 3.3.6
2025.06.12 09:51:28 INFO  no build target found for C:\Users\oscar\OneDrive\Documentos\CICLO VII\Leng黙jes de Programaci髇\Trabajo de Referencia\prueba\prueba v5\play-scala-seed\app\models\Ordenes.scala. Using presentation compiler with project's scala-library version: 3.3.6
2025.06.12 09:51:28 INFO  no build target found for C:\Users\oscar\OneDrive\Documentos\CICLO VII\Leng黙jes de Programaci髇\Trabajo de Referencia\prueba\prueba v5\play-scala-seed\app\models\Ordenes.scala. Using presentation compiler with project's scala-library version: 3.3.6
2025.06.12 09:51:28 INFO  no build target found for C:\Users\oscar\OneDrive\Documentos\CICLO VII\Leng黙jes de Programaci髇\Trabajo de Referencia\prueba\prueba v5\play-scala-seed\app\models\Ordenes.scala. Using presentation compiler with project's scala-library version: 3.3.6
2025.06.12 09:51:28 INFO  no build target found for C:\Users\oscar\OneDrive\Documentos\CICLO VII\Leng黙jes de Programaci髇\Trabajo de Referencia\prueba\prueba v5\play-scala-seed\app\models\Ordenes.scala. Using presentation compiler with project's scala-library version: 3.3.6
2025.06.12 09:51:28 INFO  no build target found for C:\Users\oscar\OneDrive\Documentos\CICLO VII\Leng黙jes de Programaci髇\Trabajo de Referencia\prueba\prueba v5\play-scala-seed\app\models\Ordenes.scala. Using presentation compiler with project's scala-library version: 3.3.6
2025.06.12 09:51:28 INFO  no build target found for C:\Users\oscar\OneDrive\Documentos\CICLO VII\Leng黙jes de Programaci髇\Trabajo de Referencia\prueba\prueba v5\play-scala-seed\app\models\Ordenes.scala. Using presentation compiler with project's scala-library version: 3.3.6
2025.06.12 09:51:31 INFO  no build target found for C:\Users\oscar\OneDrive\Documentos\CICLO VII\Leng黙jes de Programaci髇\Trabajo de Referencia\prueba\prueba v5\play-scala-seed\app\models\Ordenes.scala. Using presentation compiler with project's scala-library version: 3.3.6
2025.06.12 09:51:31 INFO  no build target found for C:\Users\oscar\OneDrive\Documentos\CICLO VII\Leng黙jes de Programaci髇\Trabajo de Referencia\prueba\prueba v5\play-scala-seed\app\models\Ordenes.scala. Using presentation compiler with project's scala-library version: 3.3.6
2025.06.12 09:51:31 INFO  no build target found for C:\Users\oscar\OneDrive\Documentos\CICLO VII\Leng黙jes de Programaci髇\Trabajo de Referencia\prueba\prueba v5\play-scala-seed\app\models\Ordenes.scala. Using presentation compiler with project's scala-library version: 3.3.6
2025.06.12 10:01:07 INFO  no build target found for C:\Users\oscar\OneDrive\Documentos\CICLO VII\Leng黙jes de Programaci髇\Trabajo de Referencia\prueba\prueba v5\play-scala-seed\app\models\Ordenes.scala. Using presentation compiler with project's scala-library version: 3.3.6
2025.06.12 10:01:07 WARN  no build target for: C:\Users\oscar\OneDrive\Documentos\CICLO VII\Leng黙jes de Programaci髇\Trabajo de Referencia\prueba\prueba v5\play-scala-seed\app\models\Ordenes.scala
2025.06.12 10:01:08 INFO  Shutting down server
2025.06.12 10:01:08 INFO  shutting down Metals
2025.06.12 10:01:08 INFO  Exiting server
2025.06.12 10:01:08 ERROR Unexpected error initializing server: 
org.eclipse.lsp4j.jsonrpc.ResponseErrorException: Request window/showMessageRequest failed with message: Canceled
	at org.eclipse.lsp4j.jsonrpc.RemoteEndpoint.handleResponse(RemoteEndpoint.java:220)
	at org.eclipse.lsp4j.jsonrpc.RemoteEndpoint.consume(RemoteEndpoint.java:204)
	at org.eclipse.lsp4j.jsonrpc.json.StreamMessageProducer.handleMessage(StreamMessageProducer.java:185)
	at org.eclipse.lsp4j.jsonrpc.json.StreamMessageProducer.listen(StreamMessageProducer.java:97)
	at org.eclipse.lsp4j.jsonrpc.json.ConcurrentMessageProcessor.run(ConcurrentMessageProcessor.java:114)
	at java.util.concurrent.Executors$RunnableAdapter.call(Executors.java:539)
	at java.util.concurrent.FutureTask.run(FutureTask.java:264)
	at java.util.concurrent.ThreadPoolExecutor.runWorker(ThreadPoolExecutor.java:1136)
	at java.util.concurrent.ThreadPoolExecutor$Worker.run(ThreadPoolExecutor.java:635)
	at java.lang.Thread.run(Thread.java:842)

2025.06.14 08:51:06 INFO  Started: Metals version 1.6.0 in folders 'C:\Users\oscar\OneDrive\Documentos\CICLO VII\Leng黙jes de Programaci髇\Trabajo de Referencia\prueba\prueba v5\play-scala-seed' for client Visual Studio Code 1.100.3.
2025.06.14 08:51:08 INFO  no build target found for C:\Users\oscar\OneDrive\Documentos\CICLO VII\Leng黙jes de Programaci髇\Trabajo de Referencia\prueba\prueba v5\play-scala-seed\app\models\Ordenes.scala. Using presentation compiler with project's scala-library version: 3.3.6
2025.06.14 08:51:30 INFO  running 'C:\Program Files\Java\jdk-17.0.12\bin\java.exe -Djline.terminal=jline.UnsupportedTerminal -Dsbt.log.noformat=true -Dfile.encoding=UTF-8 -jar C:\Users\oscar\AppData\Local\Temp\metals14058914593362446899\sbt-launch.jar -Dbloop.export-jar-classifiers=sources bloopInstall'
2025.06.14 08:51:42 INFO  [info] welcome to sbt 1.11.2 (Oracle Corporation Java 17.0.12)
2025.06.14 08:51:47 INFO  [info] loading settings for project play-scala-seed-build-build-build from metals.sbt...
2025.06.14 08:51:49 INFO  [info] loading project definition from C:\Users\oscar\OneDrive\Documentos\CICLO VII\Leng眉ajes de Programaci贸n\Trabajo de Referencia\prueba\prueba v5\play-scala-seed\project\project\project
2025.06.14 08:51:54 INFO  [info] loading settings for project play-scala-seed-build-build from metals.sbt...
2025.06.14 08:51:54 INFO  [info] loading project definition from C:\Users\oscar\OneDrive\Documentos\CICLO VII\Leng眉ajes de Programaci贸n\Trabajo de Referencia\prueba\prueba v5\play-scala-seed\project\project
2025.06.14 08:51:59 INFO  no build target found for C:\Users\oscar\OneDrive\Documentos\CICLO VII\Leng黙jes de Programaci髇\Trabajo de Referencia\prueba\prueba v5\play-scala-seed\app\models\Supplier.scala. Using presentation compiler with project's scala-library version: 3.3.6
2025.06.14 08:51:59 WARN  no build target for: C:\Users\oscar\OneDrive\Documentos\CICLO VII\Leng黙jes de Programaci髇\Trabajo de Referencia\prueba\prueba v5\play-scala-seed\app\models\Supplier.scala
jun. 14, 2025 8:51:59 A.燤. org.eclipse.lsp4j.jsonrpc.RemoteEndpoint handleCancellation
WARNING: Unmatched cancel notification for request id 9
2025.06.14 08:51:59 INFO  no build target found for C:\Users\oscar\OneDrive\Documentos\CICLO VII\Leng黙jes de Programaci髇\Trabajo de Referencia\prueba\prueba v5\play-scala-seed\app\models\Supplier.scala. Using presentation compiler with project's scala-library version: 3.3.6
2025.06.14 08:52:00 INFO  no build target found for C:\Users\oscar\OneDrive\Documentos\CICLO VII\Leng黙jes de Programaci髇\Trabajo de Referencia\prueba\prueba v5\play-scala-seed\app\models\User.scala. Using presentation compiler with project's scala-library version: 3.3.6
2025.06.14 08:52:01 WARN  no build target for: C:\Users\oscar\OneDrive\Documentos\CICLO VII\Leng黙jes de Programaci髇\Trabajo de Referencia\prueba\prueba v5\play-scala-seed\app\models\User.scala
jun. 14, 2025 8:52:01 A.燤. org.eclipse.lsp4j.jsonrpc.RemoteEndpoint handleCancellation
WARNING: Unmatched cancel notification for request id 16
2025.06.14 08:52:00 INFO  no build target found for C:\Users\oscar\OneDrive\Documentos\CICLO VII\Leng黙jes de Programaci髇\Trabajo de Referencia\prueba\prueba v5\play-scala-seed\app\models\User.scala. Using presentation compiler with project's scala-library version: 3.3.6
2025.06.14 08:52:08 INFO  [success] Generated .bloop\play-scala-seed-build-build.json
2025.06.14 08:52:08 INFO  [success] Total time: 14 s, completed 14 jun. 2025 08:52:08
2025.06.14 08:52:12 INFO  [info] loading settings for project play-scala-seed-build from metals.sbt, plugins.sbt...
2025.06.14 08:52:12 INFO  [info] loading project definition from C:\Users\oscar\OneDrive\Documentos\CICLO VII\Leng眉ajes de Programaci贸n\Trabajo de Referencia\prueba\prueba v5\play-scala-seed\project
2025.06.14 08:52:16 INFO  no build target found for C:\Users\oscar\OneDrive\Documentos\CICLO VII\Leng黙jes de Programaci髇\Trabajo de Referencia\prueba\prueba v5\play-scala-seed\app\models\Supplier.scala. Using presentation compiler with project's scala-library version: 3.3.6
2025.06.14 08:52:16 WARN  no build target for: C:\Users\oscar\OneDrive\Documentos\CICLO VII\Leng黙jes de Programaci髇\Trabajo de Referencia\prueba\prueba v5\play-scala-seed\app\models\Supplier.scala
jun. 14, 2025 8:52:16 A.燤. org.eclipse.lsp4j.jsonrpc.RemoteEndpoint handleCancellation
WARNING: Unmatched cancel notification for request id 23
2025.06.14 08:52:16 INFO  no build target found for C:\Users\oscar\OneDrive\Documentos\CICLO VII\Leng黙jes de Programaci髇\Trabajo de Referencia\prueba\prueba v5\play-scala-seed\app\models\Supplier.scala. Using presentation compiler with project's scala-library version: 3.3.6
jun. 14, 2025 8:52:17 A.燤. org.eclipse.lsp4j.jsonrpc.RemoteEndpoint handleCancellation
WARNING: Unmatched cancel notification for request id 26
2025.06.14 08:52:16 INFO  no build target found for C:\Users\oscar\OneDrive\Documentos\CICLO VII\Leng黙jes de Programaci髇\Trabajo de Referencia\prueba\prueba v5\play-scala-seed\app\models\Ordenes.scala. Using presentation compiler with project's scala-library version: 3.3.6
2025.06.14 08:52:17 WARN  no build target for: C:\Users\oscar\OneDrive\Documentos\CICLO VII\Leng黙jes de Programaci髇\Trabajo de Referencia\prueba\prueba v5\play-scala-seed\app\models\Ordenes.scala
jun. 14, 2025 8:52:17 A.燤. org.eclipse.lsp4j.jsonrpc.RemoteEndpoint handleCancellation
WARNING: Unmatched cancel notification for request id 29
2025.06.14 08:52:29 INFO  no build target found for C:\Users\oscar\OneDrive\Documentos\CICLO VII\Leng黙jes de Programaci髇\Trabajo de Referencia\prueba\prueba v5\play-scala-seed\app\models\Supplier.scala. Using presentation compiler with project's scala-library version: 3.3.6
2025.06.14 08:52:29 WARN  no build target for: C:\Users\oscar\OneDrive\Documentos\CICLO VII\Leng黙jes de Programaci髇\Trabajo de Referencia\prueba\prueba v5\play-scala-seed\app\models\Supplier.scala
2025.06.14 08:52:29 INFO  no build target found for C:\Users\oscar\OneDrive\Documentos\CICLO VII\Leng黙jes de Programaci髇\Trabajo de Referencia\prueba\prueba v5\play-scala-seed\app\models\Supplier.scala. Using presentation compiler with project's scala-library version: 3.3.6
2025.06.14 08:52:30 INFO  [success] Generated .bloop\play-scala-seed-build.json
2025.06.14 08:52:30 INFO  no build target found for C:\Users\oscar\OneDrive\Documentos\CICLO VII\Leng黙jes de Programaci髇\Trabajo de Referencia\prueba\prueba v5\play-scala-seed\app\models\User.scala. Using presentation compiler with project's scala-library version: 3.3.6
2025.06.14 08:52:30 WARN  no build target for: C:\Users\oscar\OneDrive\Documentos\CICLO VII\Leng黙jes de Programaci髇\Trabajo de Referencia\prueba\prueba v5\play-scala-seed\app\models\User.scala
2025.06.14 08:52:30 INFO  no build target found for C:\Users\oscar\OneDrive\Documentos\CICLO VII\Leng黙jes de Programaci髇\Trabajo de Referencia\prueba\prueba v5\play-scala-seed\app\models\User.scala. Using presentation compiler with project's scala-library version: 3.3.6
2025.06.14 08:52:31 INFO  [success] Total time: 18 s, completed 14 jun. 2025 08:52:31
2025.06.14 08:52:40 INFO  [info] loading settings for project root from build.sbt...
2025.06.14 08:52:40 INFO  [info]   __              __
2025.06.14 08:52:40 INFO  [info]   \ \     ____   / /____ _ __  __
2025.06.14 08:52:40 INFO  [info]    \ \   / __ \ / // __ `// / / /
2025.06.14 08:52:40 INFO  [info]    / /  / /_/ // // /_/ // /_/ /
2025.06.14 08:52:40 INFO  [info]   /_/  / .___//_/ \__,_/ \__, /
2025.06.14 08:52:40 INFO  [info]       /_/               /____/
2025.06.14 08:52:40 INFO  [info] 
2025.06.14 08:52:40 INFO  [info] Version 3.0.7 running Java 17.0.12
2025.06.14 08:52:40 INFO  [info] 
2025.06.14 08:52:40 INFO  [info] Play is run entirely by the community. Please consider contributing and/or donating:
2025.06.14 08:52:40 INFO  [info] https://www.playframework.com/sponsors
2025.06.14 08:52:40 INFO  [info] 
2025.06.14 08:52:50 INFO  [success] Generated .bloop\root.json
2025.06.14 08:52:57 INFO  [success] Generated .bloop\root-test.json
2025.06.14 08:52:57 INFO  [success] Total time: 17 s, completed 14 jun. 2025 08:52:57
2025.06.14 08:52:57 INFO  time: ran 'sbt bloopInstall' in 1m27s
2025.06.14 08:52:58 INFO  Attempting to connect to the build server...
2025.06.14 08:52:58 INFO  No running Bloop server found, starting one.
2025.06.14 08:52:59 INFO  Starting compilation server
2025.06.14 08:53:09 INFO  tracing is disabled for protocol BSP, to enable tracing of incoming and outgoing JSON messages create an empty file at C:\Users\oscar\OneDrive\Documentos\CICLO VII\Leng黙jes de Programaci髇\Trabajo de Referencia\prueba\prueba v5\play-scala-seed\.metals\bsp.trace.json or C:\Users\oscar\AppData\Local\scalameta\metals\cache\bsp.trace.json
2025.06.14 08:53:10 INFO  Attempting to connect to the build server...
2025.06.14 08:53:10 INFO  Found a Bloop server running
2025.06.14 08:53:10 INFO  Attempting to connect to the build server...
2025.06.14 08:53:10 INFO  Found a Bloop server running
2025.06.14 08:53:10 INFO  tracing is disabled for protocol BSP, to enable tracing of incoming and outgoing JSON messages create an empty file at C:\Users\oscar\OneDrive\Documentos\CICLO VII\Leng黙jes de Programaci髇\Trabajo de Referencia\prueba\prueba v5\play-scala-seed\project\project\.metals\bsp.trace.json or C:\Users\oscar\AppData\Local\scalameta\metals\cache\bsp.trace.json
2025.06.14 08:53:10 INFO  tracing is disabled for protocol BSP, to enable tracing of incoming and outgoing JSON messages create an empty file at C:\Users\oscar\OneDrive\Documentos\CICLO VII\Leng黙jes de Programaci髇\Trabajo de Referencia\prueba\prueba v5\play-scala-seed\project\.metals\bsp.trace.json or C:\Users\oscar\AppData\Local\scalameta\metals\cache\bsp.trace.json
2025.06.14 08:53:16 INFO  time: Connected to build server in 18s
2025.06.14 08:53:16 INFO  Connected to Build server: Bloop v2.0.10
2025.06.14 08:53:17 INFO  time: Imported build in 0.74s
2025.06.14 08:54:33 INFO  time: indexed workspace in 1m16s
2025.06.14 08:54:35 INFO  compiling root (13 scala sources and 1 java source)
2025.06.14 08:54:41 INFO  time: compiled root in 5.62s
jun. 14, 2025 9:04:10 A.燤. org.eclipse.lsp4j.jsonrpc.RemoteEndpoint handleCancellation
WARNING: Unmatched cancel notification for request id 224
jun. 14, 2025 9:04:17 A.燤. org.eclipse.lsp4j.jsonrpc.RemoteEndpoint handleCancellation
WARNING: Unmatched cancel notification for request id 288
2025.06.14 09:05:42 INFO  compiling root (13 scala sources and 1 java source)
2025.06.14 09:05:42 INFO  time: compiled root in 0.68s
Exception in thread "pool-5-thread-1" java.lang.InterruptedException
	at scala.meta.internal.metals.FutureCancelToken.checkCanceled(FutureCancelToken.scala:29)
	at scala.meta.internal.pc.CompilerAccess.$anonfun$onCompilerJobQueue$1(CompilerAccess.scala:207)
	at scala.meta.internal.pc.CompilerJobQueue$Job.run(CompilerJobQueue.scala:152)
	at java.base/java.util.concurrent.ThreadPoolExecutor.runWorker(ThreadPoolExecutor.java:1136)
	at java.base/java.util.concurrent.ThreadPoolExecutor$Worker.run(ThreadPoolExecutor.java:635)
	at java.base/java.lang.Thread.run(Thread.java:842)
2025.06.14 09:06:17 WARN  Could not find 'Supplier' using presentation compiler nor semanticdb. Trying to guess the definition using available information from local class context. 
2025.06.14 09:06:17 INFO  Created report: Optional[file:///C:/Users/oscar/OneDrive/Documentos/CICLO%20VII/Leng黙jes%20de%20Programaci髇/Trabajo%20de%20Referencia/prueba/prueba%20v5/play-scala-seed/app/models/Ordenes.scala]
2025.06.14 09:06:17 INFO  empty definition using pc, found symbol in pc:  (full report at: "C:\Users\oscar\OneDrive\Documentos\CICLO VII\Leng黙jes de Programaci髇\Trabajo de Referencia\prueba\prueba v5\play-scala-seed\.metals\.reports\metals-full\2025-06-14\r_empty-definition_(root)_09-06-17-327.md")
2025.06.14 09:06:20 WARN  Could not find 'OFormat' using presentation compiler nor semanticdb. Trying to guess the definition using available information from local class context. 
2025.06.14 09:06:20 INFO  Created report: Optional[file:///C:/Users/oscar/OneDrive/Documentos/CICLO%20VII/Leng黙jes%20de%20Programaci髇/Trabajo%20de%20Referencia/prueba/prueba%20v5/play-scala-seed/app/models/Ordenes.scala]
2025.06.14 09:06:20 INFO  empty definition using pc, found symbol in pc:  (full report at: "C:\Users\oscar\OneDrive\Documentos\CICLO VII\Leng黙jes de Programaci髇\Trabajo de Referencia\prueba\prueba v5\play-scala-seed\.metals\.reports\metals-full\2025-06-14\r_empty-definition_(root)_09-06-20-962.md")
2025.06.14 09:07:03 INFO  compiling root (13 scala sources and 1 java source)
2025.06.14 09:07:03 INFO  time: compiled root in 0.71s
Exception in thread "pool-5-thread-2" java.lang.InterruptedException
	at scala.meta.internal.metals.FutureCancelToken.checkCanceled(FutureCancelToken.scala:29)
	at scala.meta.internal.pc.CompilerAccess.$anonfun$onCompilerJobQueue$1(CompilerAccess.scala:207)
	at scala.meta.internal.pc.CompilerJobQueue$Job.run(CompilerJobQueue.scala:152)
	at java.base/java.util.concurrent.ThreadPoolExecutor.runWorker(ThreadPoolExecutor.java:1136)
	at java.base/java.util.concurrent.ThreadPoolExecutor$Worker.run(ThreadPoolExecutor.java:635)
	at java.base/java.lang.Thread.run(Thread.java:842)
2025.06.14 09:07:38 INFO  Created report: Optional[file:///C:/Users/oscar/OneDrive/Documentos/CICLO%20VII/Leng黙jes%20de%20Programaci髇/Trabajo%20de%20Referencia/prueba/prueba%20v5/play-scala-seed/app/models/Ordenes.scala]
2025.06.14 09:07:38 INFO  empty definition using pc, found symbol in pc:  (full report at: "C:\Users\oscar\OneDrive\Documentos\CICLO VII\Leng黙jes de Programaci髇\Trabajo de Referencia\prueba\prueba v5\play-scala-seed\.metals\.reports\metals-full\2025-06-14\r_empty-definition_(root)_09-07-38-711.md")
jun. 14, 2025 9:07:44 A.燤. org.eclipse.lsp4j.jsonrpc.RemoteEndpoint handleCancellation
WARNING: Unmatched cancel notification for request id 777
2025.06.14 09:07:47 INFO  compiling root (13 scala sources and 1 java source)
2025.06.14 09:07:47 INFO  time: compiled root in 0.65s
2025.06.14 09:07:49 INFO  compiling root (13 scala sources and 1 java source)
2025.06.14 09:07:54 INFO  time: compiled root in 4.73s
jun. 14, 2025 9:09:05 A.燤. scala.meta.internal.pc.CompilerAccess retryWithCleanCompiler
INFO: compiler crashed due to an error in the Scala compiler, retrying with new compiler instance.
2025.06.14 09:09:05 INFO  Created report: Optional[file:///C:/Users/oscar/OneDrive/Documentos/CICLO%20VII/Leng黙jes%20de%20Programaci髇/Trabajo%20de%20Referencia/prueba/prueba%20v5/play-scala-seed/app/models/Ordenes.scala]
2025.06.14 09:09:05 INFO  java.lang.AssertionError: assertion failed: file:///C:/Users/oscar/OneDrive/Documentos/CICLO%20VII/Leng黙jes%20de%20Programaci髇/Trabajo%20de%20Referencia/prueba/prueba%20v5/play-scala-seed/app/models/Ordenes.scala: 199 >= 199 (full report at: "C:\Users\oscar\OneDrive\Documentos\CICLO VII\Leng黙jes de Programaci髇\Trabajo de Referencia\prueba\prueba v5\play-scala-seed\.metals\.reports\metals-full\2025-06-14\r_compiler-error_(root)_09-09-05-717.md")
jun. 14, 2025 9:11:22 A.燤. org.eclipse.lsp4j.jsonrpc.RemoteEndpoint handleCancellation
WARNING: Unmatched cancel notification for request id 888
jun. 14, 2025 9:11:46 A.燤. org.eclipse.lsp4j.jsonrpc.RemoteEndpoint handleCancellation
WARNING: Unmatched cancel notification for request id 906
jun. 14, 2025 9:11:52 A.燤. org.eclipse.lsp4j.jsonrpc.RemoteEndpoint handleCancellation
WARNING: Unmatched cancel notification for request id 937
2025.06.14 09:11:56 INFO  Created report: Optional[file:///C:/Users/oscar/OneDrive/Documentos/CICLO%20VII/Leng黙jes%20de%20Programaci髇/Trabajo%20de%20Referencia/prueba/prueba%20v5/play-scala-seed/app/controllers/UserController.scala]
2025.06.14 09:11:56 INFO  java.lang.NullPointerException: Cannot invoke "scala.reflect.internal.Types$Type.memberType(scala.reflect.internal.Symbols$Symbol)" because the return value of "scala.reflect.internal.Trees$Tree.tpe()" is null (full report at: "C:\Users\oscar\OneDrive\Documentos\CICLO VII\Leng黙jes de Programaci髇\Trabajo de Referencia\prueba\prueba v5\play-scala-seed\.metals\.reports\metals-full\2025-06-14\r_compiler-error_(root)_09-11-56-406.md")
2025.06.14 09:11:56 INFO  Created report: Optional[file:///C:/Users/oscar/OneDrive/Documentos/CICLO%20VII/Leng黙jes%20de%20Programaci髇/Trabajo%20de%20Referencia/prueba/prueba%20v5/play-scala-seed/app/controllers/UserController.scala]
2025.06.14 09:11:56 INFO  java.lang.NullPointerException: Cannot invoke "scala.reflect.internal.Types$Type.memberType(scala.reflect.internal.Symbols$Symbol)" because the return value of "scala.reflect.internal.Trees$Tree.tpe()" is null (full report at: "C:\Users\oscar\OneDrive\Documentos\CICLO VII\Leng黙jes de Programaci髇\Trabajo de Referencia\prueba\prueba v5\play-scala-seed\.metals\.reports\metals-full\2025-06-14\r_compiler-error_(root)_09-11-57-133.md")
jun. 14, 2025 9:11:57 A.燤. org.eclipse.lsp4j.jsonrpc.RemoteEndpoint handleCancellation
WARNING: Unmatched cancel notification for request id 968
jun. 14, 2025 9:12:03 A.燤. org.eclipse.lsp4j.jsonrpc.RemoteEndpoint handleCancellation
WARNING: Unmatched cancel notification for request id 994
jun. 14, 2025 9:12:16 A.燤. org.eclipse.lsp4j.jsonrpc.RemoteEndpoint handleCancellation
WARNING: Unmatched cancel notification for request id 1045
jun. 14, 2025 9:12:19 A.燤. org.eclipse.lsp4j.jsonrpc.RemoteEndpoint handleCancellation
WARNING: Unmatched cancel notification for request id 1067
jun. 14, 2025 9:12:22 A.燤. org.eclipse.lsp4j.jsonrpc.RemoteEndpoint handleCancellation
WARNING: Unmatched cancel notification for request id 1093
jun. 14, 2025 9:12:27 A.燤. org.eclipse.lsp4j.jsonrpc.RemoteEndpoint handleCancellation
WARNING: Unmatched cancel notification for request id 1133
jun. 14, 2025 9:12:27 A.燤. org.eclipse.lsp4j.jsonrpc.RemoteEndpoint handleCancellation
WARNING: Unmatched cancel notification for request id 1135
2025.06.14 09:12:33 INFO  Created report: Optional[file:///C:/Users/oscar/OneDrive/Documentos/CICLO%20VII/Leng黙jes%20de%20Programaci髇/Trabajo%20de%20Referencia/prueba/prueba%20v5/play-scala-seed/app/controllers/UserController.scala]
2025.06.14 09:12:33 INFO  java.lang.NullPointerException: Cannot invoke "scala.reflect.internal.Types$Type.memberType(scala.reflect.internal.Symbols$Symbol)" because the return value of "scala.reflect.internal.Trees$Tree.tpe()" is null (full report at: "C:\Users\oscar\OneDrive\Documentos\CICLO VII\Leng黙jes de Programaci髇\Trabajo de Referencia\prueba\prueba v5\play-scala-seed\.metals\.reports\metals-full\2025-06-14\r_compiler-error_(root)_09-12-33-100.md")
jun. 14, 2025 9:13:30 A.燤. org.eclipse.lsp4j.jsonrpc.RemoteEndpoint handleCancellation
WARNING: Unmatched cancel notification for request id 1358
jun. 14, 2025 9:13:47 A.燤. org.eclipse.lsp4j.jsonrpc.RemoteEndpoint handleCancellation
WARNING: Unmatched cancel notification for request id 1437
2025.06.14 09:13:59 INFO  Created report: Optional[file:///C:/Users/oscar/OneDrive/Documentos/CICLO%20VII/Leng黙jes%20de%20Programaci髇/Trabajo%20de%20Referencia/prueba/prueba%20v5/play-scala-seed/app/controllers/UserController.scala]
2025.06.14 09:13:59 INFO  java.lang.NullPointerException: Cannot invoke "scala.reflect.internal.Types$Type.memberType(scala.reflect.internal.Symbols$Symbol)" because the return value of "scala.reflect.internal.Trees$Tree.tpe()" is null (full report at: "C:\Users\oscar\OneDrive\Documentos\CICLO VII\Leng黙jes de Programaci髇\Trabajo de Referencia\prueba\prueba v5\play-scala-seed\.metals\.reports\metals-full\2025-06-14\r_compiler-error_(root)_09-13-59-848.md")
jun. 14, 2025 9:14:01 A.燤. org.eclipse.lsp4j.jsonrpc.RemoteEndpoint handleCancellation
WARNING: Unmatched cancel notification for request id 1498
jun. 14, 2025 9:14:01 A.燤. org.eclipse.lsp4j.jsonrpc.RemoteEndpoint handleCancellation
WARNING: Unmatched cancel notification for request id 1500
2025.06.14 09:14:15 INFO  Created report: Optional[file:///C:/Users/oscar/OneDrive/Documentos/CICLO%20VII/Leng黙jes%20de%20Programaci髇/Trabajo%20de%20Referencia/prueba/prueba%20v5/play-scala-seed/app/controllers/UserController.scala]
2025.06.14 09:14:15 INFO  java.lang.NullPointerException: Cannot invoke "scala.reflect.internal.Types$Type.memberType(scala.reflect.internal.Symbols$Symbol)" because the return value of "scala.reflect.internal.Trees$Tree.tpe()" is null (full report at: "C:\Users\oscar\OneDrive\Documentos\CICLO VII\Leng黙jes de Programaci髇\Trabajo de Referencia\prueba\prueba v5\play-scala-seed\.metals\.reports\metals-full\2025-06-14\r_compiler-error_(root)_09-14-15-693.md")
2025.06.14 09:14:29 INFO  compiling root (13 scala sources and 1 java source)
2025.06.14 09:14:32 INFO  time: compiled root in 3.58s
2025.06.14 09:14:32 INFO  compiling root (13 scala sources and 1 java source)
2025.06.14 09:14:36 INFO  time: compiled root in 3.06s
jun. 14, 2025 9:16:20 A.燤. org.eclipse.lsp4j.jsonrpc.RemoteEndpoint handleCancellation
WARNING: Unmatched cancel notification for request id 1864
jun. 14, 2025 9:16:47 A.燤. org.eclipse.lsp4j.jsonrpc.RemoteEndpoint handleCancellation
WARNING: Unmatched cancel notification for request id 2007
2025.06.14 09:17:12 INFO  compiling root (13 scala sources and 1 java source)
2025.06.14 09:17:25 WARN  Unexpected javac output: error: file not found: C:\Users\oscar\OneDrive\Documentos\CICLO VII\Leng眉ajes de Programaci贸n\Trabajo de Referencia\prueba\prueba v5\play-scala-seed\target\scala-2.13\routes\main\controllers\routes.java
Usage: javac <options> <source files>
use --help for a list of possible options.
2025.06.14 09:17:25 WARN  javac exited with exit code 2
2025.06.14 09:17:25 INFO  time: compiled root in 13s
jun. 14, 2025 9:17:48 A.燤. org.eclipse.lsp4j.jsonrpc.services.GenericEndpoint notify
INFO: Unsupported notification method: $/setTrace
jun. 14, 2025 9:18:24 A.燤. org.eclipse.lsp4j.jsonrpc.RemoteEndpoint handleCancellation
WARNING: Unmatched cancel notification for request id 2212
2025.06.14 17:06:01 INFO  Shutting down server
2025.06.14 17:06:01 INFO  shutting down Metals
2025.06.14 17:06:02 INFO  Shut down connection with build server.
2025.06.14 17:06:02 INFO  Shut down connection with build server.
2025.06.14 17:06:02 INFO  Shut down connection with build server.
2025.06.16 11:39:30 INFO  Started: Metals version 1.6.0 in folders 'C:\Users\oscar\OneDrive\Documentos\CICLO VII\Leng黙jes de Programaci髇\Trabajo de Referencia\prueba\prueba v5\play-scala-seed' for client Visual Studio Code 1.101.0.
2025.06.16 11:39:38 INFO  no build target found for C:\Users\oscar\OneDrive\Documentos\CICLO VII\Leng黙jes de Programaci髇\Trabajo de Referencia\prueba\prueba v5\play-scala-seed\app\models\User.scala. Using presentation compiler with project's scala-library version: 3.3.6
2025.06.16 11:39:45 INFO  Attempting to connect to the build server...
2025.06.16 11:39:45 INFO  No running Bloop server found, starting one.
2025.06.16 11:39:52 INFO  Starting compilation server
2025.06.16 11:40:05 INFO  tracing is disabled for protocol BSP, to enable tracing of incoming and outgoing JSON messages create an empty file at C:\Users\oscar\OneDrive\Documentos\CICLO VII\Leng黙jes de Programaci髇\Trabajo de Referencia\prueba\prueba v5\play-scala-seed\.metals\bsp.trace.json or C:\Users\oscar\AppData\Local\scalameta\metals\cache\bsp.trace.json
2025.06.16 11:40:06 WARN  no build target for: C:\Users\oscar\OneDrive\Documentos\CICLO VII\Leng黙jes de Programaci髇\Trabajo de Referencia\prueba\prueba v5\play-scala-seed\app\models\User.scala
2025.06.16 11:40:06 INFO  Attempting to connect to the build server...
2025.06.16 11:40:06 INFO  Found a Bloop server running
2025.06.16 11:40:06 INFO  Attempting to connect to the build server...
2025.06.16 11:40:06 INFO  Found a Bloop server running
2025.06.16 11:40:07 INFO  tracing is disabled for protocol BSP, to enable tracing of incoming and outgoing JSON messages create an empty file at C:\Users\oscar\OneDrive\Documentos\CICLO VII\Leng黙jes de Programaci髇\Trabajo de Referencia\prueba\prueba v5\play-scala-seed\project\.metals\bsp.trace.json or C:\Users\oscar\AppData\Local\scalameta\metals\cache\bsp.trace.json
2025.06.16 11:40:07 INFO  tracing is disabled for protocol BSP, to enable tracing of incoming and outgoing JSON messages create an empty file at C:\Users\oscar\OneDrive\Documentos\CICLO VII\Leng黙jes de Programaci髇\Trabajo de Referencia\prueba\prueba v5\play-scala-seed\project\project\.metals\bsp.trace.json or C:\Users\oscar\AppData\Local\scalameta\metals\cache\bsp.trace.json
2025.06.16 11:40:07 INFO  time: Connected to build server in 21s
2025.06.16 11:40:07 INFO  Connected to Build server: Bloop v2.0.10
2025.06.16 11:40:08 INFO  time: Imported build in 1.15s
2025.06.16 11:40:52 INFO  time: indexed workspace in 43s
2025.06.16 11:40:54 INFO  compiling root (13 scala sources and 1 java source)
2025.06.16 11:41:20 WARN  Unexpected javac output: error: file not found: C:\Users\oscar\OneDrive\Documentos\CICLO VII\Leng眉ajes de Programaci贸n\Trabajo de Referencia\prueba\prueba v5\play-scala-seed\target\scala-2.13\routes\main\controllers\routes.java
Usage: javac <options> <source files>
use --help for a list of possible options.
2025.06.16 11:41:20 WARN  javac exited with exit code 2
2025.06.16 11:41:20 INFO  time: compiled root in 26s
jun. 16, 2025 11:46:09 A.燤. org.eclipse.lsp4j.jsonrpc.RemoteEndpoint handleCancellation
WARNING: Unmatched cancel notification for request id 66
jun. 16, 2025 11:46:17 A.燤. org.eclipse.lsp4j.jsonrpc.RemoteEndpoint handleCancellation
WARNING: Unmatched cancel notification for request id 85
jun. 16, 2025 11:46:20 A.燤. org.eclipse.lsp4j.jsonrpc.RemoteEndpoint handleCancellation
WARNING: Unmatched cancel notification for request id 94
jun. 16, 2025 11:46:42 A.燤. org.eclipse.lsp4j.jsonrpc.RemoteEndpoint handleCancellation
WARNING: Unmatched cancel notification for request id 212
jun. 16, 2025 11:46:44 A.燤. org.eclipse.lsp4j.jsonrpc.RemoteEndpoint handleCancellation
WARNING: Unmatched cancel notification for request id 230
jun. 16, 2025 11:46:44 A.燤. org.eclipse.lsp4j.jsonrpc.RemoteEndpoint handleCancellation
WARNING: Unmatched cancel notification for request id 232
jun. 16, 2025 11:46:58 A.燤. org.eclipse.lsp4j.jsonrpc.RemoteEndpoint handleCancellation
WARNING: Unmatched cancel notification for request id 356
jun. 16, 2025 11:46:58 A.燤. org.eclipse.lsp4j.jsonrpc.RemoteEndpoint handleCancellation
WARNING: Unmatched cancel notification for request id 358
jun. 16, 2025 11:46:58 A.燤. org.eclipse.lsp4j.jsonrpc.RemoteEndpoint handleCancellation
WARNING: Unmatched cancel notification for request id 359
jun. 16, 2025 11:46:58 A.燤. org.eclipse.lsp4j.jsonrpc.RemoteEndpoint handleCancellation
WARNING: Unmatched cancel notification for request id 362
jun. 16, 2025 11:46:58 A.燤. org.eclipse.lsp4j.jsonrpc.RemoteEndpoint handleCancellation
WARNING: Unmatched cancel notification for request id 363
jun. 16, 2025 11:46:58 A.燤. org.eclipse.lsp4j.jsonrpc.RemoteEndpoint handleCancellation
WARNING: Unmatched cancel notification for request id 364
jun. 16, 2025 11:46:58 A.燤. org.eclipse.lsp4j.jsonrpc.RemoteEndpoint handleCancellation
WARNING: Unmatched cancel notification for request id 365
jun. 16, 2025 11:47:26 A.燤. org.eclipse.lsp4j.jsonrpc.RemoteEndpoint handleCancellation
WARNING: Unmatched cancel notification for request id 460
jun. 16, 2025 11:47:36 A.燤. org.eclipse.lsp4j.jsonrpc.RemoteEndpoint handleCancellation
WARNING: Unmatched cancel notification for request id 525
jun. 16, 2025 11:47:36 A.燤. org.eclipse.lsp4j.jsonrpc.RemoteEndpoint handleCancellation
WARNING: Unmatched cancel notification for request id 526
jun. 16, 2025 11:47:36 A.燤. org.eclipse.lsp4j.jsonrpc.RemoteEndpoint handleCancellation
WARNING: Unmatched cancel notification for request id 528
jun. 16, 2025 11:47:37 A.燤. org.eclipse.lsp4j.jsonrpc.RemoteEndpoint handleCancellation
WARNING: Unmatched cancel notification for request id 551
jun. 16, 2025 11:47:59 A.燤. org.eclipse.lsp4j.jsonrpc.RemoteEndpoint handleCancellation
WARNING: Unmatched cancel notification for request id 589
jun. 16, 2025 11:48:40 A.燤. org.eclipse.lsp4j.jsonrpc.RemoteEndpoint handleCancellation
WARNING: Unmatched cancel notification for request id 664
2025.06.16 11:48:44 INFO  compiling root (13 scala sources and 1 java source)
2025.06.16 11:48:44 INFO  time: compiled root in 0.91s
jun. 16, 2025 11:52:18 A.燤. org.eclipse.lsp4j.jsonrpc.RemoteEndpoint handleCancellation
WARNING: Unmatched cancel notification for request id 886
jun. 16, 2025 11:52:22 A.燤. org.eclipse.lsp4j.jsonrpc.RemoteEndpoint handleCancellation
WARNING: Unmatched cancel notification for request id 922
jun. 16, 2025 11:53:00 A.燤. org.eclipse.lsp4j.jsonrpc.RemoteEndpoint handleCancellation
WARNING: Unmatched cancel notification for request id 1032
jun. 16, 2025 11:53:00 A.燤. org.eclipse.lsp4j.jsonrpc.RemoteEndpoint handleCancellation
WARNING: Unmatched cancel notification for request id 1036
Exception in thread "pool-5-thread-1" java.lang.InterruptedException
	at scala.meta.internal.metals.FutureCancelToken.checkCanceled(FutureCancelToken.scala:29)
	at scala.meta.internal.pc.CompilerAccess.$anonfun$onCompilerJobQueue$1(CompilerAccess.scala:207)
	at scala.meta.internal.pc.CompilerJobQueue$Job.run(CompilerJobQueue.scala:152)
	at java.base/java.util.concurrent.ThreadPoolExecutor.runWorker(ThreadPoolExecutor.java:1136)
	at java.base/java.util.concurrent.ThreadPoolExecutor$Worker.run(ThreadPoolExecutor.java:635)
	at java.base/java.lang.Thread.run(Thread.java:842)
jun. 16, 2025 11:55:09 A.燤. org.eclipse.lsp4j.jsonrpc.RemoteEndpoint handleCancellation
WARNING: Unmatched cancel notification for request id 1812
2025.06.16 11:56:17 INFO  compiling root (13 scala sources and 1 java source)
Exception in thread "pool-5-thread-2" java.lang.InterruptedException
	at scala.meta.internal.metals.FutureCancelToken.checkCanceled(FutureCancelToken.scala:29)
	at scala.meta.internal.pc.CompilerAccess.$anonfun$onCompilerJobQueue$1(CompilerAccess.scala:207)
	at scala.meta.internal.pc.CompilerJobQueue$Job.run(CompilerJobQueue.scala:152)
	at java.base/java.util.concurrent.ThreadPoolExecutor.runWorker(ThreadPoolExecutor.java:1136)
	at java.base/java.util.concurrent.ThreadPoolExecutor$Worker.run(ThreadPoolExecutor.java:635)
	at java.base/java.lang.Thread.run(Thread.java:842)
2025.06.16 11:56:20 INFO  time: compiled root in 2.94s
2025.06.16 12:06:45 INFO  compiling root (13 scala sources and 1 java source)
2025.06.16 12:06:45 INFO  Created report: Optional[file:///C:/Users/oscar/OneDrive/Documentos/CICLO%20VII/Leng黙jes%20de%20Programaci髇/Trabajo%20de%20Referencia/prueba/prueba%20v5/play-scala-seed/app/controllers/UserController.scala]
2025.06.16 12:06:45 INFO  Created report: Optional[file:///C:/Users/oscar/OneDrive/Documentos/CICLO%20VII/Leng黙jes%20de%20Programaci髇/Trabajo%20de%20Referencia/prueba/prueba%20v5/play-scala-seed/app/controllers/UserController.scala]
2025.06.16 12:06:45 INFO  Created report: Optional[file:///C:/Users/oscar/OneDrive/Documentos/CICLO%20VII/Leng黙jes%20de%20Programaci髇/Trabajo%20de%20Referencia/prueba/prueba%20v5/play-scala-seed/app/controllers/UserController.scala]
2025.06.16 12:06:45 INFO  empty definition using pc, found symbol in pc:  (full report at: "C:\Users\oscar\OneDrive\Documentos\CICLO VII\Leng黙jes de Programaci髇\Trabajo de Referencia\prueba\prueba v5\play-scala-seed\.metals\.reports\metals-full\2025-06-16\r_empty-definition_(root)_12-06-45-040.md")
2025.06.16 12:06:45 INFO  empty definition using pc, found symbol in pc:  (full report at: "C:\Users\oscar\OneDrive\Documentos\CICLO VII\Leng黙jes de Programaci髇\Trabajo de Referencia\prueba\prueba v5\play-scala-seed\.metals\.reports\metals-full\2025-06-16\r_empty-definition_(root)_12-06-45-022.md")
2025.06.16 12:06:45 INFO  empty definition using pc, found symbol in pc:  (full report at: "C:\Users\oscar\OneDrive\Documentos\CICLO VII\Leng黙jes de Programaci髇\Trabajo de Referencia\prueba\prueba v5\play-scala-seed\.metals\.reports\metals-full\2025-06-16\r_empty-definition_(root)_12-06-45-010.md")
Exception in thread "pool-5-thread-3" java.lang.InterruptedException
	at scala.meta.internal.metals.FutureCancelToken.checkCanceled(FutureCancelToken.scala:29)
	at scala.meta.internal.pc.CompilerAccess.$anonfun$onCompilerJobQueue$1(CompilerAccess.scala:207)
	at scala.meta.internal.pc.CompilerJobQueue$Job.run(CompilerJobQueue.scala:152)
	at java.base/java.util.concurrent.ThreadPoolExecutor.runWorker(ThreadPoolExecutor.java:1136)
	at java.base/java.util.concurrent.ThreadPoolExecutor$Worker.run(ThreadPoolExecutor.java:635)
	at java.base/java.lang.Thread.run(Thread.java:842)
2025.06.16 12:06:55 WARN  Unexpected javac output: error: file not found: C:\Users\oscar\OneDrive\Documentos\CICLO VII\Leng眉ajes de Programaci贸n\Trabajo de Referencia\prueba\prueba v5\play-scala-seed\target\scala-2.13\routes\main\controllers\routes.java
Usage: javac <options> <source files>
use --help for a list of possible options.
2025.06.16 12:06:55 WARN  javac exited with exit code 2
2025.06.16 12:06:55 INFO  time: compiled root in 10s
2025.06.16 12:06:56 INFO  Created report: Optional[file:///C:/Users/oscar/OneDrive/Documentos/CICLO%20VII/Leng黙jes%20de%20Programaci髇/Trabajo%20de%20Referencia/prueba/prueba%20v5/play-scala-seed/app/controllers/UserController.scala]
2025.06.16 12:06:56 INFO  empty definition using pc, found symbol in pc:  (full report at: "C:\Users\oscar\OneDrive\Documentos\CICLO VII\Leng黙jes de Programaci髇\Trabajo de Referencia\prueba\prueba v5\play-scala-seed\.metals\.reports\metals-full\2025-06-16\r_empty-definition_(root)_12-06-56-685.md")
2025.06.16 12:06:59 INFO  Created report: Optional[file:///C:/Users/oscar/OneDrive/Documentos/CICLO%20VII/Leng黙jes%20de%20Programaci髇/Trabajo%20de%20Referencia/prueba/prueba%20v5/play-scala-seed/app/controllers/UserController.scala]
2025.06.16 12:06:59 INFO  empty definition using pc, found symbol in pc:  (full report at: "C:\Users\oscar\OneDrive\Documentos\CICLO VII\Leng黙jes de Programaci髇\Trabajo de Referencia\prueba\prueba v5\play-scala-seed\.metals\.reports\metals-full\2025-06-16\r_empty-definition_(root)_12-06-59-127.md")
2025.06.16 12:06:59 INFO  Created report: Optional[file:///C:/Users/oscar/OneDrive/Documentos/CICLO%20VII/Leng黙jes%20de%20Programaci髇/Trabajo%20de%20Referencia/prueba/prueba%20v5/play-scala-seed/app/controllers/UserController.scala]
2025.06.16 12:06:59 INFO  empty definition using pc, found symbol in pc:  (full report at: "C:\Users\oscar\OneDrive\Documentos\CICLO VII\Leng黙jes de Programaci髇\Trabajo de Referencia\prueba\prueba v5\play-scala-seed\.metals\.reports\metals-full\2025-06-16\r_empty-definition_(root)_12-06-59-545.md")
jun. 16, 2025 12:07:10 P.燤. org.eclipse.lsp4j.jsonrpc.RemoteEndpoint handleCancellation
WARNING: Unmatched cancel notification for request id 2108
jun. 16, 2025 12:08:08 P.燤. org.eclipse.lsp4j.jsonrpc.RemoteEndpoint handleCancellation
WARNING: Unmatched cancel notification for request id 2322
jun. 16, 2025 12:08:48 P.燤. org.eclipse.lsp4j.jsonrpc.RemoteEndpoint handleCancellation
WARNING: Unmatched cancel notification for request id 2536
jun. 16, 2025 12:11:48 P.燤. org.eclipse.lsp4j.jsonrpc.RemoteEndpoint handleCancellation
WARNING: Unmatched cancel notification for request id 2914
jun. 16, 2025 12:12:03 P.燤. org.eclipse.lsp4j.jsonrpc.RemoteEndpoint handleCancellation
WARNING: Unmatched cancel notification for request id 2938
2025.06.16 12:12:20 INFO  compiling root (13 scala sources and 1 java source)
2025.06.16 12:12:20 INFO  time: compiled root in 0.5s
jun. 16, 2025 12:12:50 P.燤. org.eclipse.lsp4j.jsonrpc.RemoteEndpoint handleCancellation
WARNING: Unmatched cancel notification for request id 3077
jun. 16, 2025 12:13:20 P.燤. org.eclipse.lsp4j.jsonrpc.RemoteEndpoint handleCancellation
WARNING: Unmatched cancel notification for request id 3144
jun. 16, 2025 12:13:30 P.燤. org.eclipse.lsp4j.jsonrpc.RemoteEndpoint handleCancellation
WARNING: Unmatched cancel notification for request id 3166
jun. 16, 2025 12:14:06 P.燤. org.eclipse.lsp4j.jsonrpc.RemoteEndpoint handleCancellation
WARNING: Unmatched cancel notification for request id 3214
2025.06.16 12:14:27 INFO  compiling root (13 scala sources and 1 java source)
2025.06.16 12:14:27 INFO  time: compiled root in 0.47s
jun. 16, 2025 12:14:34 P.燤. org.eclipse.lsp4j.jsonrpc.RemoteEndpoint handleCancellation
WARNING: Unmatched cancel notification for request id 3265
2025.06.16 12:15:10 INFO  compiling root (13 scala sources and 1 java source)
2025.06.16 12:15:11 INFO  time: compiled root in 1.8s
2025.06.16 12:17:09 INFO  compiling root (13 scala sources and 1 java source)
2025.06.16 12:17:11 INFO  time: compiled root in 1.7s
2025.06.16 12:17:29 INFO  compiling root (13 scala sources and 1 java source)
2025.06.16 12:17:31 INFO  time: compiled root in 1.64s
2025.06.16 12:17:48 WARN  Could not find 'MongoConnection' using presentation compiler nor semanticdb. Trying to guess the definition using available information from local class context. 
2025.06.16 12:17:48 INFO  Created report: Optional[file:///C:/Users/oscar/OneDrive/Documentos/CICLO%20VII/Leng黙jes%20de%20Programaci髇/Trabajo%20de%20Referencia/prueba/prueba%20v5/play-scala-seed/app/controllers/UserController.scala]
2025.06.16 12:17:48 INFO  empty definition using pc, found symbol in pc:  (full report at: "C:\Users\oscar\OneDrive\Documentos\CICLO VII\Leng黙jes de Programaci髇\Trabajo de Referencia\prueba\prueba v5\play-scala-seed\.metals\.reports\metals-full\2025-06-16\r_empty-definition_(root)_12-17-48-053.md")
2025.06.16 12:17:56 INFO  compiling root (13 scala sources and 1 java source)
2025.06.16 12:17:58 INFO  time: compiled root in 1.44s
2025.06.16 12:18:37 INFO  compiling root (13 scala sources and 1 java source)
2025.06.16 12:18:39 INFO  time: compiled root in 1.6s
jun. 16, 2025 12:20:17 P.燤. org.eclipse.lsp4j.jsonrpc.RemoteEndpoint handleCancellation
WARNING: Unmatched cancel notification for request id 3738
jun. 16, 2025 12:22:17 P.燤. org.eclipse.lsp4j.jsonrpc.RemoteEndpoint handleCancellation
WARNING: Unmatched cancel notification for request id 3757
jun. 16, 2025 12:23:54 P.燤. org.eclipse.lsp4j.jsonrpc.RemoteEndpoint handleCancellation
WARNING: Unmatched cancel notification for request id 3793
jun. 16, 2025 12:24:40 P.燤. org.eclipse.lsp4j.jsonrpc.RemoteEndpoint handleCancellation
WARNING: Unmatched cancel notification for request id 3915
jun. 16, 2025 12:24:40 P.燤. org.eclipse.lsp4j.jsonrpc.RemoteEndpoint handleCancellation
WARNING: Unmatched cancel notification for request id 3916
jun. 16, 2025 12:25:51 P.燤. org.eclipse.lsp4j.jsonrpc.RemoteEndpoint handleCancellation
WARNING: Unmatched cancel notification for request id 4177
jun. 16, 2025 12:26:40 P.燤. org.eclipse.lsp4j.jsonrpc.RemoteEndpoint handleCancellation
WARNING: Unmatched cancel notification for request id 4485
jun. 16, 2025 12:27:15 P.燤. org.eclipse.lsp4j.jsonrpc.RemoteEndpoint handleCancellation
WARNING: Unmatched cancel notification for request id 4706
2025.06.16 12:27:29 INFO  Created report: Optional[file:///C:/Users/oscar/OneDrive/Documentos/CICLO%20VII/Leng黙jes%20de%20Programaci髇/Trabajo%20de%20Referencia/prueba/prueba%20v5/play-scala-seed/app/controllers/UserController.scala]
2025.06.16 12:27:29 INFO  empty definition using pc, found symbol in pc:  (full report at: "C:\Users\oscar\OneDrive\Documentos\CICLO VII\Leng黙jes de Programaci髇\Trabajo de Referencia\prueba\prueba v5\play-scala-seed\.metals\.reports\metals-full\2025-06-16\r_empty-definition_(root)_12-27-28-997.md")
jun. 16, 2025 12:27:32 P.燤. org.eclipse.lsp4j.jsonrpc.RemoteEndpoint handleCancellation
WARNING: Unmatched cancel notification for request id 4760
jun. 16, 2025 12:27:32 P.燤. org.eclipse.lsp4j.jsonrpc.RemoteEndpoint handleCancellation
WARNING: Unmatched cancel notification for request id 4761
jun. 16, 2025 12:27:32 P.燤. org.eclipse.lsp4j.jsonrpc.RemoteEndpoint handleCancellation
WARNING: Unmatched cancel notification for request id 4762
jun. 16, 2025 12:27:32 P.燤. org.eclipse.lsp4j.jsonrpc.RemoteEndpoint handleCancellation
WARNING: Unmatched cancel notification for request id 4763
jun. 16, 2025 12:27:33 P.燤. org.eclipse.lsp4j.jsonrpc.RemoteEndpoint handleCancellation
WARNING: Unmatched cancel notification for request id 4780
2025.06.16 12:27:46 INFO  Created report: Optional[file:///C:/Users/oscar/OneDrive/Documentos/CICLO%20VII/Leng黙jes%20de%20Programaci髇/Trabajo%20de%20Referencia/prueba/prueba%20v5/play-scala-seed/app/controllers/UserController.scala]
2025.06.16 12:27:46 INFO  empty definition using pc, found symbol in pc:  (full report at: "C:\Users\oscar\OneDrive\Documentos\CICLO VII\Leng黙jes de Programaci髇\Trabajo de Referencia\prueba\prueba v5\play-scala-seed\.metals\.reports\metals-full\2025-06-16\r_empty-definition_(root)_12-27-46-228.md")
2025.06.16 12:27:59 INFO  compiling root (13 scala sources and 1 java source)
2025.06.16 12:28:01 INFO  time: compiled root in 1.62s
2025.06.16 12:29:24 INFO  Created report: Optional[file:///C:/Users/oscar/OneDrive/Documentos/CICLO%20VII/Leng黙jes%20de%20Programaci髇/Trabajo%20de%20Referencia/prueba/prueba%20v5/play-scala-seed/app/controllers/UserController.scala]
2025.06.16 12:29:24 INFO  empty definition using pc, found symbol in pc:  (full report at: "C:\Users\oscar\OneDrive\Documentos\CICLO VII\Leng黙jes de Programaci髇\Trabajo de Referencia\prueba\prueba v5\play-scala-seed\.metals\.reports\metals-full\2025-06-16\r_empty-definition_(root)_12-29-24-930.md")
jun. 16, 2025 12:30:06 P.燤. org.eclipse.lsp4j.jsonrpc.services.GenericEndpoint notify
INFO: Unsupported notification method: $/setTrace
jun. 16, 2025 12:30:07 P.燤. org.eclipse.lsp4j.jsonrpc.RemoteEndpoint handleCancellation
WARNING: Unmatched cancel notification for request id 4984
jun. 16, 2025 12:30:07 P.燤. org.eclipse.lsp4j.jsonrpc.RemoteEndpoint handleCancellation
WARNING: Unmatched cancel notification for request id 4985
jun. 16, 2025 12:32:11 P.燤. org.eclipse.lsp4j.jsonrpc.RemoteEndpoint handleCancellation
WARNING: Unmatched cancel notification for request id 5022
jun. 16, 2025 12:32:15 P.燤. org.eclipse.lsp4j.jsonrpc.RemoteEndpoint handleCancellation
WARNING: Unmatched cancel notification for request id 5041
2025.06.16 12:32:16 INFO  compiling root (13 scala sources and 1 java source)
2025.06.16 12:32:18 INFO  time: compiled root in 1.5s
2025.06.16 12:32:45 INFO  compiling root (13 scala sources and 1 java source)
2025.06.16 12:32:47 INFO  time: compiled root in 1.2s
2025.06.16 12:32:53 INFO  compiling root (13 scala sources and 1 java source)
2025.06.16 12:32:54 INFO  time: compiled root in 1.3s
jun. 16, 2025 12:34:42 P.燤. org.eclipse.lsp4j.jsonrpc.RemoteEndpoint handleCancellation
WARNING: Unmatched cancel notification for request id 5178
jun. 16, 2025 12:35:56 P.燤. org.eclipse.lsp4j.jsonrpc.RemoteEndpoint handleCancellation
WARNING: Unmatched cancel notification for request id 5274
2025.06.16 12:35:57 INFO  compiling root (13 scala sources and 1 java source)
2025.06.16 12:35:59 INFO  time: compiled root in 1.26s
2025.06.16 12:36:13 INFO  compiling root (13 scala sources and 1 java source)
2025.06.16 12:36:14 INFO  time: compiled root in 1.05s
2025.06.16 12:36:35 INFO  compiling root (13 scala sources and 1 java source)
2025.06.16 12:36:36 INFO  time: compiled root in 1.03s
2025.06.16 12:37:07 INFO  Created report: Optional[file:///C:/Users/oscar/OneDrive/Documentos/CICLO%20VII/Leng黙jes%20de%20Programaci髇/Trabajo%20de%20Referencia/prueba/prueba%20v5/play-scala-seed/app/controllers/UserController.scala]
2025.06.16 12:37:07 INFO  empty definition using pc, found symbol in pc:  (full report at: "C:\Users\oscar\OneDrive\Documentos\CICLO VII\Leng黙jes de Programaci髇\Trabajo de Referencia\prueba\prueba v5\play-scala-seed\.metals\.reports\metals-full\2025-06-16\r_empty-definition_(root)_12-37-07-725.md")
jun. 16, 2025 12:37:15 P.燤. org.eclipse.lsp4j.jsonrpc.RemoteEndpoint handleCancellation
WARNING: Unmatched cancel notification for request id 5445
2025.06.16 12:37:17 INFO  compiling root (13 scala sources and 1 java source)
2025.06.16 12:37:19 INFO  time: compiled root in 1.32s
2025.06.16 12:37:44 INFO  compiling root (13 scala sources and 1 java source)
2025.06.16 12:37:45 INFO  time: compiled root in 1.09s
jun. 16, 2025 12:37:53 P.燤. org.eclipse.lsp4j.jsonrpc.RemoteEndpoint handleCancellation
WARNING: Unmatched cancel notification for request id 5571
jun. 16, 2025 12:37:53 P.燤. org.eclipse.lsp4j.jsonrpc.RemoteEndpoint handleCancellation
WARNING: Unmatched cancel notification for request id 5573
jun. 16, 2025 12:37:59 P.燤. org.eclipse.lsp4j.jsonrpc.RemoteEndpoint handleCancellation
WARNING: Unmatched cancel notification for request id 5605
2025.06.16 12:38:36 INFO  compiling root (13 scala sources and 1 java source)
2025.06.16 12:38:38 INFO  time: compiled root in 1.06s
2025.06.16 12:39:29 INFO  compiling root (13 scala sources and 1 java source)
2025.06.16 12:39:30 INFO  time: compiled root in 1.2s
jun. 16, 2025 12:39:34 P.燤. org.eclipse.lsp4j.jsonrpc.RemoteEndpoint handleCancellation
WARNING: Unmatched cancel notification for request id 6011
2025.06.16 12:39:41 INFO  compiling root (13 scala sources and 1 java source)
2025.06.16 12:39:41 INFO  time: compiled root in 0.98s
2025.06.16 12:39:55 INFO  compiling root (13 scala sources and 1 java source)
2025.06.16 12:39:56 INFO  time: compiled root in 1.01s
jun. 16, 2025 1:33:56 P.燤. org.eclipse.lsp4j.jsonrpc.RemoteEndpoint handleCancellation
WARNING: Unmatched cancel notification for request id 6121
2025.06.16 13:59:14 INFO  Shutting down server
2025.06.16 13:59:14 INFO  shutting down Metals
2025.06.16 13:59:14 INFO  Shut down connection with build server.
2025.06.16 13:59:14 INFO  Shut down connection with build server.
2025.06.16 13:59:14 INFO  Shut down connection with build server.
2025.06.16 13:59:14 INFO  Exiting server
2025.06.16 15:26:24 INFO  Started: Metals version 1.6.0 in folders 'C:\Users\oscar\OneDrive\Documentos\CICLO VII\Leng黙jes de Programaci髇\Trabajo de Referencia\prueba\prueba v5\play-scala-seed' for client Visual Studio Code 1.101.0.
2025.06.16 15:26:31 INFO  no build target found for C:\Users\oscar\OneDrive\Documentos\CICLO VII\Leng黙jes de Programaci髇\Trabajo de Referencia\prueba\prueba v5\play-scala-seed\app\controllers\UserController.scala. Using presentation compiler with project's scala-library version: 3.3.6
2025.06.16 15:26:34 INFO  no build target found for C:\Users\oscar\OneDrive\Documentos\CICLO VII\Leng黙jes de Programaci髇\Trabajo de Referencia\prueba\prueba v5\play-scala-seed\app\controllers\UserController.scala. Using presentation compiler with project's scala-library version: 3.3.6
2025.06.16 15:26:35 INFO  Attempting to connect to the build server...
2025.06.16 15:26:35 INFO  Found a Bloop server running
2025.06.16 15:26:36 INFO  tracing is disabled for protocol BSP, to enable tracing of incoming and outgoing JSON messages create an empty file at C:\Users\oscar\OneDrive\Documentos\CICLO VII\Leng黙jes de Programaci髇\Trabajo de Referencia\prueba\prueba v5\play-scala-seed\.metals\bsp.trace.json or C:\Users\oscar\AppData\Local\scalameta\metals\cache\bsp.trace.json
2025.06.16 15:26:35 INFO  Attempting to connect to the build server...
2025.06.16 15:26:35 INFO  Found a Bloop server running
2025.06.16 15:26:35 INFO  Attempting to connect to the build server...
2025.06.16 15:26:35 INFO  Found a Bloop server running
2025.06.16 15:26:36 INFO  tracing is disabled for protocol BSP, to enable tracing of incoming and outgoing JSON messages create an empty file at C:\Users\oscar\OneDrive\Documentos\CICLO VII\Leng黙jes de Programaci髇\Trabajo de Referencia\prueba\prueba v5\play-scala-seed\project\project\.metals\bsp.trace.json or C:\Users\oscar\AppData\Local\scalameta\metals\cache\bsp.trace.json
2025.06.16 15:26:35 INFO  tracing is disabled for protocol BSP, to enable tracing of incoming and outgoing JSON messages create an empty file at C:\Users\oscar\OneDrive\Documentos\CICLO VII\Leng黙jes de Programaci髇\Trabajo de Referencia\prueba\prueba v5\play-scala-seed\project\.metals\bsp.trace.json or C:\Users\oscar\AppData\Local\scalameta\metals\cache\bsp.trace.json
2025.06.16 15:26:36 INFO  time: Connected to build server in 1.02s
2025.06.16 15:26:36 INFO  Connected to Build server: Bloop v2.0.10
2025.06.16 15:26:37 INFO  time: Imported build in 0.55s
2025.06.16 15:27:00 INFO  time: indexed workspace in 23s
2025.06.16 15:27:00 INFO  compiling root (13 scala sources and 1 java source)
2025.06.16 15:27:03 INFO  time: compiled root in 2.94s
2025.06.16 15:28:06 INFO  compiling root (13 scala sources and 1 java source)
jun. 16, 2025 3:28:14 P.燤. org.eclipse.lsp4j.jsonrpc.RemoteEndpoint handleCancellation
WARNING: Unmatched cancel notification for request id 193
jun. 16, 2025 3:28:14 P.燤. org.eclipse.lsp4j.jsonrpc.RemoteEndpoint handleCancellation
WARNING: Unmatched cancel notification for request id 192
2025.06.16 15:28:17 WARN  Unexpected javac output: error: file not found: C:\Users\oscar\OneDrive\Documentos\CICLO VII\Leng眉ajes de Programaci贸n\Trabajo de Referencia\prueba\prueba v5\play-scala-seed\target\scala-2.13\routes\main\controllers\routes.java
Usage: javac <options> <source files>
use --help for a list of possible options.
2025.06.16 15:28:17 WARN  javac exited with exit code 2
2025.06.16 15:28:17 INFO  time: compiled root in 10s
2025.06.16 15:28:17 INFO  compiling root (13 scala sources and 1 java source)
2025.06.16 15:28:17 INFO  time: compiled root in 0.41s
2025.06.16 15:28:19 INFO  compiling root (13 scala sources and 1 java source)
2025.06.16 15:28:26 WARN  Unexpected javac output: error: file not found: C:\Users\oscar\OneDrive\Documentos\CICLO VII\Leng眉ajes de Programaci贸n\Trabajo de Referencia\prueba\prueba v5\play-scala-seed\target\scala-2.13\routes\main\controllers\routes.java
Usage: javac <options> <source files>
use --help for a list of possible options.
2025.06.16 15:28:26 WARN  javac exited with exit code 2
2025.06.16 15:28:26 INFO  time: compiled root in 7.45s
2025.06.16 15:29:09 INFO  compiling root (13 scala sources and 1 java source)
jun. 16, 2025 3:29:15 P.燤. scala.meta.internal.mtags.SymbolIndexBucket addMtagsSourceFile
WARNING: Error indexing C:\Users\oscar\OneDrive\Documentos\CICLO VII\Leng黙jes de Programaci髇\Trabajo de Referencia\prueba\prueba v5\play-scala-seed\app\models\Ordenes.scala
java.nio.file.NoSuchFileException: C:\Users\oscar\OneDrive\Documentos\CICLO VII\Leng黙jes de Programaci髇\Trabajo de Referencia\prueba\prueba v5\play-scala-seed\app\models\Ordenes.scala
	at java.base/sun.nio.fs.WindowsException.translateToIOException(WindowsException.java:85)
	at java.base/sun.nio.fs.WindowsException.rethrowAsIOException(WindowsException.java:103)
	at java.base/sun.nio.fs.WindowsException.rethrowAsIOException(WindowsException.java:108)
	at java.base/sun.nio.fs.WindowsFileSystemProvider.newByteChannel(WindowsFileSystemProvider.java:236)
	at java.base/java.nio.file.Files.newByteChannel(Files.java:380)
	at java.base/java.nio.file.Files.newByteChannel(Files.java:432)
	at java.base/java.nio.file.Files.readAllBytes(Files.java:3288)
	at scala.meta.internal.io.PlatformFileIO$.slurp(PlatformFileIO.scala:42)
	at scala.meta.internal.io.FileIO$.slurp(FileIO.scala:18)
	at scala.meta.internal.mtags.ScalametaCommonEnrichments$XtensionAbsolutePath.toInput(ScalametaCommonEnrichments.scala:465)
	at scala.meta.internal.mtags.Mtags.index(Mtags.scala:96)
	at scala.meta.internal.mtags.Mtags.allSymbols(Mtags.scala:21)
	at scala.meta.internal.mtags.SymbolIndexBucket.allSymbols(SymbolIndexBucket.scala:289)
	at scala.meta.internal.mtags.SymbolIndexBucket.addMtagsSourceFile(SymbolIndexBucket.scala:300)
	at scala.meta.internal.mtags.SymbolIndexBucket.$anonfun$query0$1(SymbolIndexBucket.scala:216)
	at scala.meta.internal.mtags.SymbolIndexBucket.$anonfun$query0$1$adapted(SymbolIndexBucket.scala:216)
	at scala.collection.immutable.Set$Set2.foreach(Set.scala:210)
	at scala.meta.internal.mtags.SymbolIndexBucket.query0(SymbolIndexBucket.scala:216)
	at scala.meta.internal.mtags.SymbolIndexBucket.query(SymbolIndexBucket.scala:189)
	at scala.meta.internal.mtags.OnDemandSymbolIndex.$anonfun$findSymbolDefinition$1(OnDemandSymbolIndex.scala:142)
	at scala.collection.immutable.List.flatMap(List.scala:294)
	at scala.meta.internal.mtags.OnDemandSymbolIndex.findSymbolDefinition(OnDemandSymbolIndex.scala:142)
	at scala.meta.internal.mtags.OnDemandSymbolIndex.definition(OnDemandSymbolIndex.scala:48)
	at scala.meta.internal.metals.Docstrings.indexSymbol(Docstrings.scala:138)
	at scala.meta.internal.metals.Docstrings.documentation(Docstrings.scala:49)
	at scala.meta.internal.metals.MetalsSymbolSearch.documentation(MetalsSymbolSearch.scala:51)
	at scala.meta.internal.pc.MetalsGlobal.symbolDocumentation(MetalsGlobal.scala:283)
	at scala.meta.internal.pc.Signatures$SignaturePrinter.<init>(Signatures.scala:296)
	at scala.meta.internal.pc.HoverProvider.toHover(HoverProvider.scala:275)
	at scala.meta.internal.pc.HoverProvider.hoverOffset(HoverProvider.scala:156)
	at scala.meta.internal.pc.HoverProvider.hover(HoverProvider.scala:28)
	at scala.meta.internal.pc.ScalaPresentationCompiler.$anonfun$hover$1(ScalaPresentationCompiler.scala:463)
	at scala.meta.internal.pc.CompilerAccess.withSharedCompiler(CompilerAccess.scala:148)
	at scala.meta.internal.pc.CompilerAccess.$anonfun$withNonInterruptableCompiler$1(CompilerAccess.scala:132)
	at scala.meta.internal.pc.CompilerAccess.$anonfun$onCompilerJobQueue$1(CompilerAccess.scala:209)
	at scala.meta.internal.pc.CompilerJobQueue$Job.run(CompilerJobQueue.scala:152)
	at java.base/java.util.concurrent.ThreadPoolExecutor.runWorker(ThreadPoolExecutor.java:1136)
	at java.base/java.util.concurrent.ThreadPoolExecutor$Worker.run(ThreadPoolExecutor.java:635)
	at java.base/java.lang.Thread.run(Thread.java:842)

jun. 16, 2025 3:29:15 P.燤. scala.meta.internal.mtags.SymbolIndexBucket addMtagsSourceFile
WARNING: Error indexing C:\Users\oscar\OneDrive\Documentos\CICLO VII\Leng黙jes de Programaci髇\Trabajo de Referencia\prueba\prueba v5\play-scala-seed\app\models\Ordenes.scala
java.nio.file.NoSuchFileException: C:\Users\oscar\OneDrive\Documentos\CICLO VII\Leng黙jes de Programaci髇\Trabajo de Referencia\prueba\prueba v5\play-scala-seed\app\models\Ordenes.scala
	at java.base/sun.nio.fs.WindowsException.translateToIOException(WindowsException.java:85)
	at java.base/sun.nio.fs.WindowsException.rethrowAsIOException(WindowsException.java:103)
	at java.base/sun.nio.fs.WindowsException.rethrowAsIOException(WindowsException.java:108)
	at java.base/sun.nio.fs.WindowsFileSystemProvider.newByteChannel(WindowsFileSystemProvider.java:236)
	at java.base/java.nio.file.Files.newByteChannel(Files.java:380)
	at java.base/java.nio.file.Files.newByteChannel(Files.java:432)
	at java.base/java.nio.file.Files.readAllBytes(Files.java:3288)
	at scala.meta.internal.io.PlatformFileIO$.slurp(PlatformFileIO.scala:42)
	at scala.meta.internal.io.FileIO$.slurp(FileIO.scala:18)
	at scala.meta.internal.mtags.ScalametaCommonEnrichments$XtensionAbsolutePath.toInput(ScalametaCommonEnrichments.scala:465)
	at scala.meta.internal.mtags.Mtags.index(Mtags.scala:96)
	at scala.meta.internal.mtags.Mtags.allSymbols(Mtags.scala:21)
	at scala.meta.internal.mtags.SymbolIndexBucket.allSymbols(SymbolIndexBucket.scala:289)
	at scala.meta.internal.mtags.SymbolIndexBucket.addMtagsSourceFile(SymbolIndexBucket.scala:300)
	at scala.meta.internal.mtags.SymbolIndexBucket.addMtagsSourceFile(SymbolIndexBucket.scala:311)
	at scala.meta.internal.mtags.SymbolIndexBucket.$anonfun$query0$1(SymbolIndexBucket.scala:216)
	at scala.meta.internal.mtags.SymbolIndexBucket.$anonfun$query0$1$adapted(SymbolIndexBucket.scala:216)
	at scala.collection.immutable.Set$Set2.foreach(Set.scala:210)
	at scala.meta.internal.mtags.SymbolIndexBucket.query0(SymbolIndexBucket.scala:216)
	at scala.meta.internal.mtags.SymbolIndexBucket.query(SymbolIndexBucket.scala:189)
	at scala.meta.internal.mtags.OnDemandSymbolIndex.$anonfun$findSymbolDefinition$1(OnDemandSymbolIndex.scala:142)
	at scala.collection.immutable.List.flatMap(List.scala:294)
	at scala.meta.internal.mtags.OnDemandSymbolIndex.findSymbolDefinition(OnDemandSymbolIndex.scala:142)
	at scala.meta.internal.mtags.OnDemandSymbolIndex.definition(OnDemandSymbolIndex.scala:48)
	at scala.meta.internal.metals.Docstrings.indexSymbol(Docstrings.scala:138)
	at scala.meta.internal.metals.Docstrings.documentation(Docstrings.scala:49)
	at scala.meta.internal.metals.MetalsSymbolSearch.documentation(MetalsSymbolSearch.scala:51)
	at scala.meta.internal.pc.MetalsGlobal.symbolDocumentation(MetalsGlobal.scala:283)
	at scala.meta.internal.pc.Signatures$SignaturePrinter.<init>(Signatures.scala:296)
	at scala.meta.internal.pc.HoverProvider.toHover(HoverProvider.scala:275)
	at scala.meta.internal.pc.HoverProvider.hoverOffset(HoverProvider.scala:156)
	at scala.meta.internal.pc.HoverProvider.hover(HoverProvider.scala:28)
	at scala.meta.internal.pc.ScalaPresentationCompiler.$anonfun$hover$1(ScalaPresentationCompiler.scala:463)
	at scala.meta.internal.pc.CompilerAccess.withSharedCompiler(CompilerAccess.scala:148)
	at scala.meta.internal.pc.CompilerAccess.$anonfun$withNonInterruptableCompiler$1(CompilerAccess.scala:132)
	at scala.meta.internal.pc.CompilerAccess.$anonfun$onCompilerJobQueue$1(CompilerAccess.scala:209)
	at scala.meta.internal.pc.CompilerJobQueue$Job.run(CompilerJobQueue.scala:152)
	at java.base/java.util.concurrent.ThreadPoolExecutor.runWorker(ThreadPoolExecutor.java:1136)
	at java.base/java.util.concurrent.ThreadPoolExecutor$Worker.run(ThreadPoolExecutor.java:635)
	at java.base/java.lang.Thread.run(Thread.java:842)

2025.06.16 15:29:16 WARN  Unexpected javac output: error: file not found: C:\Users\oscar\OneDrive\Documentos\CICLO VII\Leng眉ajes de Programaci贸n\Trabajo de Referencia\prueba\prueba v5\play-scala-seed\target\scala-2.13\routes\main\controllers\routes.java
Usage: javac <options> <source files>
use --help for a list of possible options.
2025.06.16 15:29:16 WARN  javac exited with exit code 2
2025.06.16 15:29:16 INFO  time: compiled root in 7.44s
2025.06.16 15:29:33 INFO  compiling root (13 scala sources and 1 java source)
jun. 16, 2025 3:29:39 P.燤. org.eclipse.lsp4j.jsonrpc.RemoteEndpoint handleCancellation
WARNING: Unmatched cancel notification for request id 398
jun. 16, 2025 3:29:39 P.燤. org.eclipse.lsp4j.jsonrpc.RemoteEndpoint handleCancellation
WARNING: Unmatched cancel notification for request id 401
2025.06.16 15:29:40 WARN  Could not find 'Orden' using presentation compiler nor semanticdb. Trying to guess the definition using available information from local class context. 
2025.06.16 15:29:40 INFO  Created report: Optional[file:///C:/Users/oscar/OneDrive/Documentos/CICLO%20VII/Leng黙jes%20de%20Programaci髇/Trabajo%20de%20Referencia/prueba/prueba%20v5/play-scala-seed/app/models/Order.scala]
2025.06.16 15:29:40 INFO  empty definition using pc, found symbol in pc: models/Orden# (full report at: "C:\Users\oscar\OneDrive\Documentos\CICLO VII\Leng黙jes de Programaci髇\Trabajo de Referencia\prueba\prueba v5\play-scala-seed\.metals\.reports\metals-full\2025-06-16\r_empty-definition_(root)_15-29-40-589.md")
2025.06.16 15:29:41 WARN  Unexpected javac output: error: file not found: C:\Users\oscar\OneDrive\Documentos\CICLO VII\Leng眉ajes de Programaci贸n\Trabajo de Referencia\prueba\prueba v5\play-scala-seed\target\scala-2.13\routes\main\controllers\routes.java
Usage: javac <options> <source files>
use --help for a list of possible options.
2025.06.16 15:29:41 WARN  javac exited with exit code 2
2025.06.16 15:29:41 INFO  time: compiled root in 8.02s
2025.06.16 15:29:41 INFO  compiling root (13 scala sources and 1 java source)
2025.06.16 15:29:50 WARN  Unexpected javac output: error: file not found: C:\Users\oscar\OneDrive\Documentos\CICLO VII\Leng眉ajes de Programaci贸n\Trabajo de Referencia\prueba\prueba v5\play-scala-seed\target\scala-2.13\routes\main\controllers\routes.java
Usage: javac <options> <source files>
use --help for a list of possible options.
2025.06.16 15:29:50 WARN  javac exited with exit code 2
2025.06.16 15:29:50 INFO  time: compiled root in 8.43s
2025.06.16 15:30:54 INFO  compiling root (13 scala sources and 1 java source)
2025.06.16 15:31:01 WARN  Unexpected javac output: error: file not found: C:\Users\oscar\OneDrive\Documentos\CICLO VII\Leng眉ajes de Programaci贸n\Trabajo de Referencia\prueba\prueba v5\play-scala-seed\target\scala-2.13\routes\main\controllers\routes.java
Usage: javac <options> <source files>
use --help for a list of possible options.
2025.06.16 15:31:01 WARN  javac exited with exit code 2
2025.06.16 15:31:01 INFO  time: compiled root in 6.57s
2025.06.16 15:31:01 INFO  compiling root (13 scala sources and 1 java source)
2025.06.16 15:31:07 WARN  Unexpected javac output: error: file not found: C:\Users\oscar\OneDrive\Documentos\CICLO VII\Leng眉ajes de Programaci贸n\Trabajo de Referencia\prueba\prueba v5\play-scala-seed\target\scala-2.13\routes\main\controllers\routes.java
Usage: javac <options> <source files>
use --help for a list of possible options.
2025.06.16 15:31:07 WARN  javac exited with exit code 2
2025.06.16 15:31:07 INFO  time: compiled root in 6.14s
2025.06.16 15:31:07 INFO  compiling root (13 scala sources and 1 java source)
2025.06.16 15:31:13 WARN  Unexpected javac output: error: file not found: C:\Users\oscar\OneDrive\Documentos\CICLO VII\Leng眉ajes de Programaci贸n\Trabajo de Referencia\prueba\prueba v5\play-scala-seed\target\scala-2.13\routes\main\controllers\routes.java
Usage: javac <options> <source files>
use --help for a list of possible options.
2025.06.16 15:31:13 WARN  javac exited with exit code 2
2025.06.16 15:31:13 INFO  time: compiled root in 6.2s
2025.06.16 15:40:51 INFO  Created report: Optional.empty
2025.06.16 15:40:51 INFO  scala.meta.internal.mtags.IndexingExceptions$InvalidSymbolException: . (full report at: "C:\Users\oscar\OneDrive\Documentos\CICLO VII\Leng黙jes de Programaci髇\Trabajo de Referencia\prueba\prueba v5\play-scala-seed\.metals\.reports\metals\2025-06-16\r_invalid-symbol_15-40-51-282.md")
2025.06.16 15:40:51 ERROR searching for `.` failed
java.lang.RuntimeException: invalid symbol format
.
^
	at scala.sys.package$.error(package.scala:27)
	at scala.meta.internal.semanticdb.Scala$DescriptorParser.fail(Scala.scala:162)
	at scala.meta.internal.semanticdb.Scala$DescriptorParser.readChar(Scala.scala:174)
	at scala.meta.internal.semanticdb.Scala$DescriptorParser.parseValue(Scala.scala:190)
	at scala.meta.internal.semanticdb.Scala$DescriptorParser.parseDescriptor(Scala.scala:209)
	at scala.meta.internal.semanticdb.Scala$DescriptorParser.entryPoint(Scala.scala:230)
	at scala.meta.internal.semanticdb.Scala$DescriptorParser$.apply(Scala.scala:238)
	at scala.meta.internal.semanticdb.Scala$ScalaSymbolOps$.owner$extension(Scala.scala:78)
	at scala.meta.internal.mtags.Symbol.toplevel(Symbol.scala:50)
	at scala.meta.internal.mtags.SymbolIndexBucket.query0(SymbolIndexBucket.scala:212)
	at scala.meta.internal.mtags.SymbolIndexBucket.query(SymbolIndexBucket.scala:189)
	at scala.meta.internal.mtags.OnDemandSymbolIndex.$anonfun$findSymbolDefinition$1(OnDemandSymbolIndex.scala:142)
	at scala.collection.immutable.List.flatMap(List.scala:294)
	at scala.meta.internal.mtags.OnDemandSymbolIndex.findSymbolDefinition(OnDemandSymbolIndex.scala:142)
	at scala.meta.internal.mtags.OnDemandSymbolIndex.definition(OnDemandSymbolIndex.scala:48)
	at scala.meta.internal.metals.FallbackDefinitionProvider.findInIndex$1(FallbackDefinitionProvider.scala:131)
	at scala.meta.internal.metals.FallbackDefinitionProvider.$anonfun$search$15(FallbackDefinitionProvider.scala:140)
	at scala.collection.immutable.List.flatMap(List.scala:294)
	at scala.meta.internal.metals.FallbackDefinitionProvider.$anonfun$search$3(FallbackDefinitionProvider.scala:140)
	at scala.Option.map(Option.scala:242)
	at scala.meta.internal.metals.FallbackDefinitionProvider.$anonfun$search$2(FallbackDefinitionProvider.scala:47)
	at scala.Option.flatMap(Option.scala:283)
	at scala.meta.internal.metals.FallbackDefinitionProvider.$anonfun$search$1(FallbackDefinitionProvider.scala:44)
	at scala.Option.flatMap(Option.scala:283)
	at scala.meta.internal.metals.FallbackDefinitionProvider.search(FallbackDefinitionProvider.scala:43)
	at scala.meta.internal.metals.DefinitionProvider.fromFallback$1(DefinitionProvider.scala:126)
	at scala.meta.internal.metals.DefinitionProvider.$anonfun$definition$13(DefinitionProvider.scala:143)
	at scala.meta.internal.metals.DefinitionProvider.$anonfun$definition$15(DefinitionProvider.scala:150)
	at scala.concurrent.impl.Promise$Transformation.run(Promise.scala:470)
	at java.util.concurrent.ThreadPoolExecutor.runWorker(ThreadPoolExecutor.java:1136)
	at java.util.concurrent.ThreadPoolExecutor$Worker.run(ThreadPoolExecutor.java:635)
	at java.lang.Thread.run(Thread.java:842)

2025.06.16 15:40:51 INFO  Created report: Optional.empty
2025.06.16 15:40:51 INFO  scala.meta.internal.mtags.IndexingExceptions$InvalidSymbolException: # (full report at: "C:\Users\oscar\OneDrive\Documentos\CICLO VII\Leng黙jes de Programaci髇\Trabajo de Referencia\prueba\prueba v5\play-scala-seed\.metals\.reports\metals\2025-06-16\r_invalid-symbol_15-40-51-305.md")
2025.06.16 15:40:51 ERROR searching for `#` failed
java.lang.RuntimeException: invalid symbol format
#
^
	at scala.sys.package$.error(package.scala:27)
	at scala.meta.internal.semanticdb.Scala$DescriptorParser.fail(Scala.scala:162)
	at scala.meta.internal.semanticdb.Scala$DescriptorParser.readChar(Scala.scala:174)
	at scala.meta.internal.semanticdb.Scala$DescriptorParser.parseValue(Scala.scala:190)
	at scala.meta.internal.semanticdb.Scala$DescriptorParser.parseDescriptor(Scala.scala:212)
	at scala.meta.internal.semanticdb.Scala$DescriptorParser.entryPoint(Scala.scala:230)
	at scala.meta.internal.semanticdb.Scala$DescriptorParser$.apply(Scala.scala:238)
	at scala.meta.internal.semanticdb.Scala$ScalaSymbolOps$.owner$extension(Scala.scala:78)
	at scala.meta.internal.mtags.Symbol.toplevel(Symbol.scala:50)
	at scala.meta.internal.mtags.SymbolIndexBucket.query0(SymbolIndexBucket.scala:212)
	at scala.meta.internal.mtags.SymbolIndexBucket.query(SymbolIndexBucket.scala:189)
	at scala.meta.internal.mtags.OnDemandSymbolIndex.$anonfun$findSymbolDefinition$1(OnDemandSymbolIndex.scala:142)
	at scala.collection.immutable.List.flatMap(List.scala:294)
	at scala.meta.internal.mtags.OnDemandSymbolIndex.findSymbolDefinition(OnDemandSymbolIndex.scala:142)
	at scala.meta.internal.mtags.OnDemandSymbolIndex.definition(OnDemandSymbolIndex.scala:48)
	at scala.meta.internal.metals.FallbackDefinitionProvider.findInIndex$1(FallbackDefinitionProvider.scala:131)
	at scala.meta.internal.metals.FallbackDefinitionProvider.$anonfun$search$15(FallbackDefinitionProvider.scala:140)
	at scala.collection.immutable.List.flatMap(List.scala:294)
	at scala.meta.internal.metals.FallbackDefinitionProvider.$anonfun$search$3(FallbackDefinitionProvider.scala:140)
	at scala.Option.map(Option.scala:242)
	at scala.meta.internal.metals.FallbackDefinitionProvider.$anonfun$search$2(FallbackDefinitionProvider.scala:47)
	at scala.Option.flatMap(Option.scala:283)
	at scala.meta.internal.metals.FallbackDefinitionProvider.$anonfun$search$1(FallbackDefinitionProvider.scala:44)
	at scala.Option.flatMap(Option.scala:283)
	at scala.meta.internal.metals.FallbackDefinitionProvider.search(FallbackDefinitionProvider.scala:43)
	at scala.meta.internal.metals.DefinitionProvider.fromFallback$1(DefinitionProvider.scala:126)
	at scala.meta.internal.metals.DefinitionProvider.$anonfun$definition$13(DefinitionProvider.scala:143)
	at scala.meta.internal.metals.DefinitionProvider.$anonfun$definition$15(DefinitionProvider.scala:150)
	at scala.concurrent.impl.Promise$Transformation.run(Promise.scala:470)
	at java.util.concurrent.ThreadPoolExecutor.runWorker(ThreadPoolExecutor.java:1136)
	at java.util.concurrent.ThreadPoolExecutor$Worker.run(ThreadPoolExecutor.java:635)
	at java.lang.Thread.run(Thread.java:842)

2025.06.16 15:40:51 INFO  Created report: Optional.empty
2025.06.16 15:40:51 INFO  scala.meta.internal.mtags.IndexingExceptions$InvalidSymbolException: (). (full report at: "C:\Users\oscar\OneDrive\Documentos\CICLO VII\Leng黙jes de Programaci髇\Trabajo de Referencia\prueba\prueba v5\play-scala-seed\.metals\.reports\metals\2025-06-16\r_invalid-symbol_15-40-51-317.md")
2025.06.16 15:40:51 ERROR searching for `().` failed
java.lang.RuntimeException: invalid symbol format
().
^
	at scala.sys.package$.error(package.scala:27)
	at scala.meta.internal.semanticdb.Scala$DescriptorParser.fail(Scala.scala:162)
	at scala.meta.internal.semanticdb.Scala$DescriptorParser.readChar(Scala.scala:174)
	at scala.meta.internal.semanticdb.Scala$DescriptorParser.parseValue(Scala.scala:190)
	at scala.meta.internal.semanticdb.Scala$DescriptorParser.parseDescriptor(Scala.scala:207)
	at scala.meta.internal.semanticdb.Scala$DescriptorParser.entryPoint(Scala.scala:230)
	at scala.meta.internal.semanticdb.Scala$DescriptorParser$.apply(Scala.scala:238)
	at scala.meta.internal.semanticdb.Scala$ScalaSymbolOps$.owner$extension(Scala.scala:78)
	at scala.meta.internal.mtags.Symbol.toplevel(Symbol.scala:50)
	at scala.meta.internal.mtags.SymbolIndexBucket.query0(SymbolIndexBucket.scala:212)
	at scala.meta.internal.mtags.SymbolIndexBucket.query(SymbolIndexBucket.scala:189)
	at scala.meta.internal.mtags.OnDemandSymbolIndex.$anonfun$findSymbolDefinition$1(OnDemandSymbolIndex.scala:142)
	at scala.collection.immutable.List.flatMap(List.scala:294)
	at scala.meta.internal.mtags.OnDemandSymbolIndex.findSymbolDefinition(OnDemandSymbolIndex.scala:142)
	at scala.meta.internal.mtags.OnDemandSymbolIndex.definition(OnDemandSymbolIndex.scala:48)
	at scala.meta.internal.metals.FallbackDefinitionProvider.findInIndex$1(FallbackDefinitionProvider.scala:131)
	at scala.meta.internal.metals.FallbackDefinitionProvider.$anonfun$search$15(FallbackDefinitionProvider.scala:140)
	at scala.collection.immutable.List.flatMap(List.scala:294)
	at scala.meta.internal.metals.FallbackDefinitionProvider.$anonfun$search$3(FallbackDefinitionProvider.scala:140)
	at scala.Option.map(Option.scala:242)
	at scala.meta.internal.metals.FallbackDefinitionProvider.$anonfun$search$2(FallbackDefinitionProvider.scala:47)
	at scala.Option.flatMap(Option.scala:283)
	at scala.meta.internal.metals.FallbackDefinitionProvider.$anonfun$search$1(FallbackDefinitionProvider.scala:44)
	at scala.Option.flatMap(Option.scala:283)
	at scala.meta.internal.metals.FallbackDefinitionProvider.search(FallbackDefinitionProvider.scala:43)
	at scala.meta.internal.metals.DefinitionProvider.fromFallback$1(DefinitionProvider.scala:126)
	at scala.meta.internal.metals.DefinitionProvider.$anonfun$definition$13(DefinitionProvider.scala:143)
	at scala.meta.internal.metals.DefinitionProvider.$anonfun$definition$15(DefinitionProvider.scala:150)
	at scala.concurrent.impl.Promise$Transformation.run(Promise.scala:470)
	at java.util.concurrent.ThreadPoolExecutor.runWorker(ThreadPoolExecutor.java:1136)
	at java.util.concurrent.ThreadPoolExecutor$Worker.run(ThreadPoolExecutor.java:635)
	at java.lang.Thread.run(Thread.java:842)

2025.06.16 15:40:51 INFO  Created report: Optional.empty
2025.06.16 15:40:51 INFO  scala.meta.internal.mtags.IndexingExceptions$InvalidSymbolException: . (full report at: "C:\Users\oscar\OneDrive\Documentos\CICLO VII\Leng黙jes de Programaci髇\Trabajo de Referencia\prueba\prueba v5\play-scala-seed\.metals\.reports\metals\2025-06-16\r_invalid-symbol_15-40-51-448.md")
2025.06.16 15:40:51 ERROR searching for `.` failed
java.lang.RuntimeException: invalid symbol format
.
^
	at scala.sys.package$.error(package.scala:27)
	at scala.meta.internal.semanticdb.Scala$DescriptorParser.fail(Scala.scala:162)
	at scala.meta.internal.semanticdb.Scala$DescriptorParser.readChar(Scala.scala:174)
	at scala.meta.internal.semanticdb.Scala$DescriptorParser.parseValue(Scala.scala:190)
	at scala.meta.internal.semanticdb.Scala$DescriptorParser.parseDescriptor(Scala.scala:209)
	at scala.meta.internal.semanticdb.Scala$DescriptorParser.entryPoint(Scala.scala:230)
	at scala.meta.internal.semanticdb.Scala$DescriptorParser$.apply(Scala.scala:238)
	at scala.meta.internal.semanticdb.Scala$ScalaSymbolOps$.owner$extension(Scala.scala:78)
	at scala.meta.internal.mtags.Symbol.toplevel(Symbol.scala:50)
	at scala.meta.internal.mtags.SymbolIndexBucket.query0(SymbolIndexBucket.scala:212)
	at scala.meta.internal.mtags.SymbolIndexBucket.query(SymbolIndexBucket.scala:189)
	at scala.meta.internal.mtags.OnDemandSymbolIndex.$anonfun$findSymbolDefinition$1(OnDemandSymbolIndex.scala:142)
	at scala.collection.immutable.List.flatMap(List.scala:294)
	at scala.meta.internal.mtags.OnDemandSymbolIndex.findSymbolDefinition(OnDemandSymbolIndex.scala:142)
	at scala.meta.internal.mtags.OnDemandSymbolIndex.definition(OnDemandSymbolIndex.scala:48)
	at scala.meta.internal.metals.FallbackDefinitionProvider.findInIndex$1(FallbackDefinitionProvider.scala:131)
	at scala.meta.internal.metals.FallbackDefinitionProvider.$anonfun$search$15(FallbackDefinitionProvider.scala:140)
	at scala.collection.immutable.List.flatMap(List.scala:294)
	at scala.meta.internal.metals.FallbackDefinitionProvider.$anonfun$search$3(FallbackDefinitionProvider.scala:140)
	at scala.Option.map(Option.scala:242)
	at scala.meta.internal.metals.FallbackDefinitionProvider.$anonfun$search$2(FallbackDefinitionProvider.scala:47)
	at scala.Option.flatMap(Option.scala:283)
	at scala.meta.internal.metals.FallbackDefinitionProvider.$anonfun$search$1(FallbackDefinitionProvider.scala:44)
	at scala.Option.flatMap(Option.scala:283)
	at scala.meta.internal.metals.FallbackDefinitionProvider.search(FallbackDefinitionProvider.scala:43)
	at scala.meta.internal.metals.DefinitionProvider.fromFallback$1(DefinitionProvider.scala:126)
	at scala.meta.internal.metals.DefinitionProvider.$anonfun$definition$13(DefinitionProvider.scala:143)
	at scala.meta.internal.metals.DefinitionProvider.$anonfun$definition$15(DefinitionProvider.scala:150)
	at scala.concurrent.impl.Promise$Transformation.run(Promise.scala:470)
	at java.util.concurrent.ThreadPoolExecutor.runWorker(ThreadPoolExecutor.java:1136)
	at java.util.concurrent.ThreadPoolExecutor$Worker.run(ThreadPoolExecutor.java:635)
	at java.lang.Thread.run(Thread.java:842)

2025.06.16 15:40:51 INFO  Created report: Optional.empty
2025.06.16 15:40:51 INFO  scala.meta.internal.mtags.IndexingExceptions$InvalidSymbolException: # (full report at: "C:\Users\oscar\OneDrive\Documentos\CICLO VII\Leng黙jes de Programaci髇\Trabajo de Referencia\prueba\prueba v5\play-scala-seed\.metals\.reports\metals\2025-06-16\r_invalid-symbol_15-40-51-502.md")
2025.06.16 15:40:51 ERROR searching for `#` failed
java.lang.RuntimeException: invalid symbol format
#
^
	at scala.sys.package$.error(package.scala:27)
	at scala.meta.internal.semanticdb.Scala$DescriptorParser.fail(Scala.scala:162)
	at scala.meta.internal.semanticdb.Scala$DescriptorParser.readChar(Scala.scala:174)
	at scala.meta.internal.semanticdb.Scala$DescriptorParser.parseValue(Scala.scala:190)
	at scala.meta.internal.semanticdb.Scala$DescriptorParser.parseDescriptor(Scala.scala:212)
	at scala.meta.internal.semanticdb.Scala$DescriptorParser.entryPoint(Scala.scala:230)
	at scala.meta.internal.semanticdb.Scala$DescriptorParser$.apply(Scala.scala:238)
	at scala.meta.internal.semanticdb.Scala$ScalaSymbolOps$.owner$extension(Scala.scala:78)
	at scala.meta.internal.mtags.Symbol.toplevel(Symbol.scala:50)
	at scala.meta.internal.mtags.SymbolIndexBucket.query0(SymbolIndexBucket.scala:212)
	at scala.meta.internal.mtags.SymbolIndexBucket.query(SymbolIndexBucket.scala:189)
	at scala.meta.internal.mtags.OnDemandSymbolIndex.$anonfun$findSymbolDefinition$1(OnDemandSymbolIndex.scala:142)
	at scala.collection.immutable.List.flatMap(List.scala:294)
	at scala.meta.internal.mtags.OnDemandSymbolIndex.findSymbolDefinition(OnDemandSymbolIndex.scala:142)
	at scala.meta.internal.mtags.OnDemandSymbolIndex.definition(OnDemandSymbolIndex.scala:48)
	at scala.meta.internal.metals.FallbackDefinitionProvider.findInIndex$1(FallbackDefinitionProvider.scala:131)
	at scala.meta.internal.metals.FallbackDefinitionProvider.$anonfun$search$15(FallbackDefinitionProvider.scala:140)
	at scala.collection.immutable.List.flatMap(List.scala:294)
	at scala.meta.internal.metals.FallbackDefinitionProvider.$anonfun$search$3(FallbackDefinitionProvider.scala:140)
	at scala.Option.map(Option.scala:242)
	at scala.meta.internal.metals.FallbackDefinitionProvider.$anonfun$search$2(FallbackDefinitionProvider.scala:47)
	at scala.Option.flatMap(Option.scala:283)
	at scala.meta.internal.metals.FallbackDefinitionProvider.$anonfun$search$1(FallbackDefinitionProvider.scala:44)
	at scala.Option.flatMap(Option.scala:283)
	at scala.meta.internal.metals.FallbackDefinitionProvider.search(FallbackDefinitionProvider.scala:43)
	at scala.meta.internal.metals.DefinitionProvider.fromFallback$1(DefinitionProvider.scala:126)
	at scala.meta.internal.metals.DefinitionProvider.$anonfun$definition$13(DefinitionProvider.scala:143)
	at scala.meta.internal.metals.DefinitionProvider.$anonfun$definition$15(DefinitionProvider.scala:150)
	at scala.concurrent.impl.Promise$Transformation.run(Promise.scala:470)
	at java.util.concurrent.ThreadPoolExecutor.runWorker(ThreadPoolExecutor.java:1136)
	at java.util.concurrent.ThreadPoolExecutor$Worker.run(ThreadPoolExecutor.java:635)
	at java.lang.Thread.run(Thread.java:842)

2025.06.16 15:40:51 INFO  Created report: Optional.empty
2025.06.16 15:40:51 INFO  scala.meta.internal.mtags.IndexingExceptions$InvalidSymbolException: (). (full report at: "C:\Users\oscar\OneDrive\Documentos\CICLO VII\Leng黙jes de Programaci髇\Trabajo de Referencia\prueba\prueba v5\play-scala-seed\.metals\.reports\metals\2025-06-16\r_invalid-symbol_15-40-51-533.md")
2025.06.16 15:40:51 ERROR searching for `().` failed
java.lang.RuntimeException: invalid symbol format
().
^
	at scala.sys.package$.error(package.scala:27)
	at scala.meta.internal.semanticdb.Scala$DescriptorParser.fail(Scala.scala:162)
	at scala.meta.internal.semanticdb.Scala$DescriptorParser.readChar(Scala.scala:174)
	at scala.meta.internal.semanticdb.Scala$DescriptorParser.parseValue(Scala.scala:190)
	at scala.meta.internal.semanticdb.Scala$DescriptorParser.parseDescriptor(Scala.scala:207)
	at scala.meta.internal.semanticdb.Scala$DescriptorParser.entryPoint(Scala.scala:230)
	at scala.meta.internal.semanticdb.Scala$DescriptorParser$.apply(Scala.scala:238)
	at scala.meta.internal.semanticdb.Scala$ScalaSymbolOps$.owner$extension(Scala.scala:78)
	at scala.meta.internal.mtags.Symbol.toplevel(Symbol.scala:50)
	at scala.meta.internal.mtags.SymbolIndexBucket.query0(SymbolIndexBucket.scala:212)
	at scala.meta.internal.mtags.SymbolIndexBucket.query(SymbolIndexBucket.scala:189)
	at scala.meta.internal.mtags.OnDemandSymbolIndex.$anonfun$findSymbolDefinition$1(OnDemandSymbolIndex.scala:142)
	at scala.collection.immutable.List.flatMap(List.scala:294)
	at scala.meta.internal.mtags.OnDemandSymbolIndex.findSymbolDefinition(OnDemandSymbolIndex.scala:142)
	at scala.meta.internal.mtags.OnDemandSymbolIndex.definition(OnDemandSymbolIndex.scala:48)
	at scala.meta.internal.metals.FallbackDefinitionProvider.findInIndex$1(FallbackDefinitionProvider.scala:131)
	at scala.meta.internal.metals.FallbackDefinitionProvider.$anonfun$search$15(FallbackDefinitionProvider.scala:140)
	at scala.collection.immutable.List.flatMap(List.scala:294)
	at scala.meta.internal.metals.FallbackDefinitionProvider.$anonfun$search$3(FallbackDefinitionProvider.scala:140)
	at scala.Option.map(Option.scala:242)
	at scala.meta.internal.metals.FallbackDefinitionProvider.$anonfun$search$2(FallbackDefinitionProvider.scala:47)
	at scala.Option.flatMap(Option.scala:283)
	at scala.meta.internal.metals.FallbackDefinitionProvider.$anonfun$search$1(FallbackDefinitionProvider.scala:44)
	at scala.Option.flatMap(Option.scala:283)
	at scala.meta.internal.metals.FallbackDefinitionProvider.search(FallbackDefinitionProvider.scala:43)
	at scala.meta.internal.metals.DefinitionProvider.fromFallback$1(DefinitionProvider.scala:126)
	at scala.meta.internal.metals.DefinitionProvider.$anonfun$definition$13(DefinitionProvider.scala:143)
	at scala.meta.internal.metals.DefinitionProvider.$anonfun$definition$15(DefinitionProvider.scala:150)
	at scala.concurrent.impl.Promise$Transformation.run(Promise.scala:470)
	at java.util.concurrent.ThreadPoolExecutor.runWorker(ThreadPoolExecutor.java:1136)
	at java.util.concurrent.ThreadPoolExecutor$Worker.run(ThreadPoolExecutor.java:635)
	at java.lang.Thread.run(Thread.java:842)

2025.06.16 15:40:51 WARN  Could not find 'fold' using presentation compiler nor semanticdb. Trying to guess the definition using available information from local class context. 
2025.06.16 15:40:51 INFO  compiling root (13 scala sources and 1 java source)
2025.06.16 15:40:51 INFO  Created report: Optional[file:///C:/Users/oscar/OneDrive/Documentos/CICLO%20VII/Leng黙jes%20de%20Programaci髇/Trabajo%20de%20Referencia/prueba/prueba%20v5/play-scala-seed/app/controllers/SupplierController.scala]
2025.06.16 15:40:51 INFO  empty definition using pc, found symbol in pc:  (full report at: "C:\Users\oscar\OneDrive\Documentos\CICLO VII\Leng黙jes de Programaci髇\Trabajo de Referencia\prueba\prueba v5\play-scala-seed\.metals\.reports\metals-full\2025-06-16\r_empty-definition_(root)_15-40-51-589.md")
2025.06.16 15:40:51 WARN  Could not find 'fold' using presentation compiler nor semanticdb. Trying to guess the definition using available information from local class context. 
2025.06.16 15:40:51 INFO  empty definition using pc, found symbol in pc:  (full report at: "C:\Users\oscar\OneDrive\Documentos\CICLO VII\Leng黙jes de Programaci髇\Trabajo de Referencia\prueba\prueba v5\play-scala-seed\.metals\.reports\metals-full\2025-06-16\r_empty-definition_(root)_15-40-51-589.md")
2025.06.16 15:40:52 INFO  Created report: Optional[file:///C:/Users/oscar/OneDrive/Documentos/CICLO%20VII/Leng黙jes%20de%20Programaci髇/Trabajo%20de%20Referencia/prueba/prueba%20v5/play-scala-seed/app/controllers/SupplierController.scala]
2025.06.16 15:40:52 INFO  empty definition using pc, found symbol in pc:  (full report at: "C:\Users\oscar\OneDrive\Documentos\CICLO VII\Leng黙jes de Programaci髇\Trabajo de Referencia\prueba\prueba v5\play-scala-seed\.metals\.reports\metals-full\2025-06-16\r_empty-definition_(root)_15-40-52-206.md")
2025.06.16 15:40:53 INFO  time: compiled root in 1.57s
2025.06.16 15:41:13 INFO  Created report: Optional[file:///C:/Users/oscar/OneDrive/Documentos/CICLO%20VII/Leng黙jes%20de%20Programaci髇/Trabajo%20de%20Referencia/prueba/prueba%20v5/play-scala-seed/app/models/Supplier.scala]
2025.06.16 15:41:13 INFO  empty definition using pc, found symbol in pc:  (full report at: "C:\Users\oscar\OneDrive\Documentos\CICLO VII\Leng黙jes de Programaci髇\Trabajo de Referencia\prueba\prueba v5\play-scala-seed\.metals\.reports\metals-full\2025-06-16\r_empty-definition_(root)_15-41-13-473.md")
2025.06.16 15:41:13 INFO  Created report: Optional[file:///C:/Users/oscar/OneDrive/Documentos/CICLO%20VII/Leng黙jes%20de%20Programaci髇/Trabajo%20de%20Referencia/prueba/prueba%20v5/play-scala-seed/app/models/Supplier.scala]
2025.06.16 15:41:13 INFO  empty definition using pc, found symbol in pc:  (full report at: "C:\Users\oscar\OneDrive\Documentos\CICLO VII\Leng黙jes de Programaci髇\Trabajo de Referencia\prueba\prueba v5\play-scala-seed\.metals\.reports\metals-full\2025-06-16\r_empty-definition_(root)_15-41-13-824.md")
jun. 16, 2025 3:41:21 P.燤. org.eclipse.lsp4j.jsonrpc.RemoteEndpoint handleCancellation
WARNING: Unmatched cancel notification for request id 1493
jun. 16, 2025 3:41:23 P.燤. org.eclipse.lsp4j.jsonrpc.RemoteEndpoint handleCancellation
WARNING: Unmatched cancel notification for request id 1512
2025.06.16 15:41:25 INFO  compiling root (13 scala sources and 1 java source)
2025.06.16 15:41:25 INFO  time: compiled root in 0.83s
2025.06.16 15:41:34 INFO  compiling root (13 scala sources and 1 java source)
2025.06.16 15:41:36 INFO  time: compiled root in 1.73s
2025.06.16 15:41:45 INFO  Created report: Optional[file:///C:/Users/oscar/OneDrive/Documentos/CICLO%20VII/Leng黙jes%20de%20Programaci髇/Trabajo%20de%20Referencia/prueba/prueba%20v5/play-scala-seed/app/controllers/SupplierController.scala]
2025.06.16 15:41:45 INFO  java.lang.NullPointerException: Cannot invoke "scala.reflect.internal.Types$Type.memberType(scala.reflect.internal.Symbols$Symbol)" because the return value of "scala.reflect.internal.Trees$Tree.tpe()" is null (full report at: "C:\Users\oscar\OneDrive\Documentos\CICLO VII\Leng黙jes de Programaci髇\Trabajo de Referencia\prueba\prueba v5\play-scala-seed\.metals\.reports\metals-full\2025-06-16\r_compiler-error_(root)_15-41-45-088.md")
2025.06.16 15:41:45 INFO  Created report: Optional[file:///C:/Users/oscar/OneDrive/Documentos/CICLO%20VII/Leng黙jes%20de%20Programaci髇/Trabajo%20de%20Referencia/prueba/prueba%20v5/play-scala-seed/app/controllers/SupplierController.scala]
2025.06.16 15:41:45 INFO  java.lang.NullPointerException: Cannot invoke "scala.reflect.internal.Types$Type.memberType(scala.reflect.internal.Symbols$Symbol)" because the return value of "scala.reflect.internal.Trees$Tree.tpe()" is null (full report at: "C:\Users\oscar\OneDrive\Documentos\CICLO VII\Leng黙jes de Programaci髇\Trabajo de Referencia\prueba\prueba v5\play-scala-seed\.metals\.reports\metals-full\2025-06-16\r_compiler-error_(root)_15-41-45-635.md")
jun. 16, 2025 3:41:47 P.燤. org.eclipse.lsp4j.jsonrpc.RemoteEndpoint handleCancellation
WARNING: Unmatched cancel notification for request id 1619
2025.06.16 15:41:55 INFO  compiling root (13 scala sources and 1 java source)
2025.06.16 15:42:00 WARN  Unexpected javac output: error: file not found: C:\Users\oscar\OneDrive\Documentos\CICLO VII\Leng眉ajes de Programaci贸n\Trabajo de Referencia\prueba\prueba v5\play-scala-seed\target\scala-2.13\routes\main\controllers\routes.java
Usage: javac <options> <source files>
use --help for a list of possible options.
2025.06.16 15:42:00 WARN  javac exited with exit code 2
2025.06.16 15:42:00 INFO  time: compiled root in 5.96s
2025.06.16 15:43:21 INFO  compiling root (14 scala sources and 1 java source)
2025.06.16 15:43:29 WARN  Unexpected javac output: error: file not found: C:\Users\oscar\OneDrive\Documentos\CICLO VII\Leng眉ajes de Programaci贸n\Trabajo de Referencia\prueba\prueba v5\play-scala-seed\target\scala-2.13\routes\main\controllers\routes.java
Usage: javac <options> <source files>
use --help for a list of possible options.
2025.06.16 15:43:29 WARN  javac exited with exit code 2
2025.06.16 15:43:29 INFO  time: compiled root in 7.68s
jun. 16, 2025 3:46:53 P.燤. org.eclipse.lsp4j.jsonrpc.RemoteEndpoint handleCancellation
WARNING: Unmatched cancel notification for request id 1880
2025.06.16 15:47:08 INFO  compiling root (14 scala sources and 1 java source)
jun. 16, 2025 3:47:13 P.燤. org.eclipse.lsp4j.jsonrpc.RemoteEndpoint handleCancellation
WARNING: Unmatched cancel notification for request id 1931
2025.06.16 15:47:16 WARN  Unexpected javac output: error: file not found: C:\Users\oscar\OneDrive\Documentos\CICLO VII\Leng眉ajes de Programaci贸n\Trabajo de Referencia\prueba\prueba v5\play-scala-seed\target\scala-2.13\routes\main\controllers\routes.java
Usage: javac <options> <source files>
use --help for a list of possible options.
2025.06.16 15:47:16 WARN  javac exited with exit code 2
2025.06.16 15:47:16 INFO  time: compiled root in 8.19s
2025.06.16 15:47:35 INFO  compiling root (15 scala sources and 1 java source)
2025.06.16 15:47:42 WARN  Unexpected javac output: error: file not found: C:\Users\oscar\OneDrive\Documentos\CICLO VII\Leng眉ajes de Programaci贸n\Trabajo de Referencia\prueba\prueba v5\play-scala-seed\target\scala-2.13\routes\main\controllers\routes.java
Usage: javac <options> <source files>
use --help for a list of possible options.
2025.06.16 15:47:42 WARN  javac exited with exit code 2
2025.06.16 15:47:42 INFO  time: compiled root in 7.18s
jun. 16, 2025 3:48:16 P.燤. org.eclipse.lsp4j.jsonrpc.RemoteEndpoint handleCancellation
WARNING: Unmatched cancel notification for request id 2086
jun. 16, 2025 3:49:15 P.燤. org.eclipse.lsp4j.jsonrpc.RemoteEndpoint handleCancellation
WARNING: Unmatched cancel notification for request id 2551
jun. 16, 2025 3:49:55 P.燤. org.eclipse.lsp4j.jsonrpc.RemoteEndpoint handleCancellation
WARNING: Unmatched cancel notification for request id 2800
jun. 16, 2025 3:52:01 P.燤. org.eclipse.lsp4j.jsonrpc.RemoteEndpoint handleCancellation
WARNING: Unmatched cancel notification for request id 3488
2025.06.16 15:52:15 INFO  Created report: Optional[file:///C:/Users/oscar/OneDrive/Documentos/CICLO%20VII/Leng黙jes%20de%20Programaci髇/Trabajo%20de%20Referencia/prueba/prueba%20v5/play-scala-seed/app/controllers/ProductController.scala]
2025.06.16 15:52:15 INFO  empty definition using pc, found symbol in pc:  (full report at: "C:\Users\oscar\OneDrive\Documentos\CICLO VII\Leng黙jes de Programaci髇\Trabajo de Referencia\prueba\prueba v5\play-scala-seed\.metals\.reports\metals-full\2025-06-16\r_empty-definition_(root)_15-52-15-205.md")
2025.06.16 15:52:15 INFO  compiling root (15 scala sources and 1 java source)
2025.06.16 15:52:17 INFO  time: compiled root in 1.8s
jun. 16, 2025 3:53:11 P.燤. org.eclipse.lsp4j.jsonrpc.RemoteEndpoint handleCancellation
WARNING: Unmatched cancel notification for request id 3842
jun. 16, 2025 3:53:11 P.燤. org.eclipse.lsp4j.jsonrpc.RemoteEndpoint handleCancellation
WARNING: Unmatched cancel notification for request id 3844
jun. 16, 2025 3:53:11 P.燤. org.eclipse.lsp4j.jsonrpc.RemoteEndpoint handleCancellation
WARNING: Unmatched cancel notification for request id 3846
2025.06.16 15:53:22 INFO  compiling root (15 scala sources and 1 java source)
2025.06.16 15:53:22 INFO  Created report: Optional[file:///C:/Users/oscar/OneDrive/Documentos/CICLO%20VII/Leng黙jes%20de%20Programaci髇/Trabajo%20de%20Referencia/prueba/prueba%20v5/play-scala-seed/app/controllers/ProductController.scala]
2025.06.16 15:53:22 INFO  empty definition using pc, found symbol in pc:  (full report at: "C:\Users\oscar\OneDrive\Documentos\CICLO VII\Leng黙jes de Programaci髇\Trabajo de Referencia\prueba\prueba v5\play-scala-seed\.metals\.reports\metals-full\2025-06-16\r_empty-definition_(root)_15-53-22-952.md")
2025.06.16 15:53:23 INFO  time: compiled root in 1.51s
2025.06.16 15:54:39 INFO  compiling root (15 scala sources and 1 java source)
2025.06.16 15:54:39 INFO  Created report: Optional[file:///C:/Users/oscar/OneDrive/Documentos/CICLO%20VII/Leng黙jes%20de%20Programaci髇/Trabajo%20de%20Referencia/prueba/prueba%20v5/play-scala-seed/app/controllers/ProductController.scala]
2025.06.16 15:54:39 INFO  empty definition using pc, found symbol in pc:  (full report at: "C:\Users\oscar\OneDrive\Documentos\CICLO VII\Leng黙jes de Programaci髇\Trabajo de Referencia\prueba\prueba v5\play-scala-seed\.metals\.reports\metals-full\2025-06-16\r_empty-definition_(root)_15-54-39-428.md")
2025.06.16 15:54:39 INFO  time: compiled root in 0.59s
2025.06.16 15:54:48 INFO  compiling root (15 scala sources and 1 java source)
2025.06.16 15:54:50 INFO  time: compiled root in 1.3s
2025.06.16 15:54:59 INFO  compiling root (15 scala sources and 1 java source)
2025.06.16 15:55:07 WARN  Unexpected javac output: error: file not found: C:\Users\oscar\OneDrive\Documentos\CICLO VII\Leng眉ajes de Programaci贸n\Trabajo de Referencia\prueba\prueba v5\play-scala-seed\target\scala-2.13\routes\main\controllers\routes.java
Usage: javac <options> <source files>
use --help for a list of possible options.
2025.06.16 15:55:07 WARN  javac exited with exit code 2
2025.06.16 15:55:07 INFO  time: compiled root in 7.48s
2025.06.16 15:57:47 INFO  compiling root (15 scala sources and 1 java source)
2025.06.16 15:57:54 WARN  Unexpected javac output: error: file not found: C:\Users\oscar\OneDrive\Documentos\CICLO VII\Leng眉ajes de Programaci贸n\Trabajo de Referencia\prueba\prueba v5\play-scala-seed\target\scala-2.13\routes\main\controllers\routes.java
Usage: javac <options> <source files>
use --help for a list of possible options.
2025.06.16 15:57:54 WARN  javac exited with exit code 2
2025.06.16 15:57:54 INFO  time: compiled root in 7.02s
2025.06.16 15:57:59 INFO  compiling root (16 scala sources and 1 java source)
2025.06.16 15:58:06 WARN  Unexpected javac output: error: file not found: C:\Users\oscar\OneDrive\Documentos\CICLO VII\Leng眉ajes de Programaci贸n\Trabajo de Referencia\prueba\prueba v5\play-scala-seed\target\scala-2.13\routes\main\controllers\routes.java
Usage: javac <options> <source files>
use --help for a list of possible options.
2025.06.16 15:58:06 WARN  javac exited with exit code 2
2025.06.16 15:58:06 INFO  time: compiled root in 6.52s
2025.06.16 15:58:16 INFO  compiling root (16 scala sources and 1 java source)
2025.06.16 15:58:22 WARN  Unexpected javac output: error: file not found: C:\Users\oscar\OneDrive\Documentos\CICLO VII\Leng眉ajes de Programaci贸n\Trabajo de Referencia\prueba\prueba v5\play-scala-seed\target\scala-2.13\routes\main\controllers\routes.java
Usage: javac <options> <source files>
use --help for a list of possible options.
2025.06.16 15:58:22 WARN  javac exited with exit code 2
2025.06.16 15:58:22 INFO  time: compiled root in 6.47s
2025.06.16 15:58:22 INFO  compiling root (16 scala sources and 1 java source)
2025.06.16 15:58:29 WARN  Unexpected javac output: error: file not found: C:\Users\oscar\OneDrive\Documentos\CICLO VII\Leng眉ajes de Programaci贸n\Trabajo de Referencia\prueba\prueba v5\play-scala-seed\target\scala-2.13\routes\main\controllers\routes.java
Usage: javac <options> <source files>
use --help for a list of possible options.
2025.06.16 15:58:29 WARN  javac exited with exit code 2
2025.06.16 15:58:29 INFO  time: compiled root in 6.17s
jun. 16, 2025 3:58:36 P.燤. org.eclipse.lsp4j.jsonrpc.RemoteEndpoint handleCancellation
WARNING: Unmatched cancel notification for request id 4775
2025.06.16 15:59:47 INFO  compiling root (16 scala sources and 1 java source)
2025.06.16 15:59:49 INFO  time: compiled root in 1.21s
Exception in thread "pool-5-thread-1" java.lang.InterruptedException
	at scala.meta.internal.metals.FutureCancelToken.checkCanceled(FutureCancelToken.scala:29)
	at scala.meta.internal.pc.CompilerAccess.$anonfun$onCompilerJobQueue$1(CompilerAccess.scala:207)
	at scala.meta.internal.pc.CompilerJobQueue$Job.run(CompilerJobQueue.scala:152)
	at java.base/java.util.concurrent.ThreadPoolExecutor.runWorker(ThreadPoolExecutor.java:1136)
	at java.base/java.util.concurrent.ThreadPoolExecutor$Worker.run(ThreadPoolExecutor.java:635)
	at java.base/java.lang.Thread.run(Thread.java:842)
2025.06.16 16:00:20 INFO  Created report: Optional[file:///C:/Users/oscar/OneDrive/Documentos/CICLO%20VII/Leng黙jes%20de%20Programaci髇/Trabajo%20de%20Referencia/prueba/prueba%20v5/play-scala-seed/app/models/Order.scala]
2025.06.16 16:00:20 INFO  empty definition using pc, found symbol in pc:  (full report at: "C:\Users\oscar\OneDrive\Documentos\CICLO VII\Leng黙jes de Programaci髇\Trabajo de Referencia\prueba\prueba v5\play-scala-seed\.metals\.reports\metals-full\2025-06-16\r_empty-definition_(root)_16-00-20-453.md")
2025.06.16 16:00:35 INFO  Created report: Optional[file:///C:/Users/oscar/OneDrive/Documentos/CICLO%20VII/Leng黙jes%20de%20Programaci髇/Trabajo%20de%20Referencia/prueba/prueba%20v5/play-scala-seed/app/models/Order.scala]
2025.06.16 16:00:35 INFO  empty definition using pc, found symbol in pc:  (full report at: "C:\Users\oscar\OneDrive\Documentos\CICLO VII\Leng黙jes de Programaci髇\Trabajo de Referencia\prueba\prueba v5\play-scala-seed\.metals\.reports\metals-full\2025-06-16\r_empty-definition_(root)_16-00-34-989.md")
jun. 16, 2025 4:00:40 P.燤. org.eclipse.lsp4j.jsonrpc.RemoteEndpoint handleCancellation
WARNING: Unmatched cancel notification for request id 5283
2025.06.16 16:00:48 INFO  Created report: Optional[file:///C:/Users/oscar/OneDrive/Documentos/CICLO%20VII/Leng黙jes%20de%20Programaci髇/Trabajo%20de%20Referencia/prueba/prueba%20v5/play-scala-seed/app/controllers/OrderController.scala]
2025.06.16 16:00:48 INFO  java.lang.NullPointerException: Cannot invoke "scala.reflect.internal.Types$Type.memberType(scala.reflect.internal.Symbols$Symbol)" because the return value of "scala.reflect.internal.Trees$Tree.tpe()" is null (full report at: "C:\Users\oscar\OneDrive\Documentos\CICLO VII\Leng黙jes de Programaci髇\Trabajo de Referencia\prueba\prueba v5\play-scala-seed\.metals\.reports\metals-full\2025-06-16\r_compiler-error_(root)_16-00-48-806.md")
jun. 16, 2025 4:01:20 P.燤. org.eclipse.lsp4j.jsonrpc.RemoteEndpoint handleCancellation
WARNING: Unmatched cancel notification for request id 5390
jun. 16, 2025 4:02:00 P.燤. org.eclipse.lsp4j.jsonrpc.RemoteEndpoint handleCancellation
WARNING: Unmatched cancel notification for request id 5422
2025.06.16 16:02:49 INFO  compiling root (16 scala sources and 1 java source)
2025.06.16 16:02:50 INFO  time: compiled root in 1.12s
2025.06.16 16:09:53 INFO  Created report: Optional[file:///C:/Users/oscar/OneDrive/Documentos/CICLO%20VII/Leng黙jes%20de%20Programaci髇/Trabajo%20de%20Referencia/prueba/prueba%20v5/play-scala-seed/app/controllers/OrderController.scala]
2025.06.16 16:09:53 INFO  empty definition using pc, found symbol in pc:  (full report at: "C:\Users\oscar\OneDrive\Documentos\CICLO VII\Leng黙jes de Programaci髇\Trabajo de Referencia\prueba\prueba v5\play-scala-seed\.metals\.reports\metals-full\2025-06-16\r_empty-definition_(root)_16-09-53-282.md")
2025.06.16 16:11:17 INFO  compiling root (16 scala sources and 1 java source)
2025.06.16 16:11:19 INFO  time: compiled root in 1.47s
2025.06.16 16:11:26 INFO  Created report: Optional[file:///C:/Users/oscar/OneDrive/Documentos/CICLO%20VII/Leng黙jes%20de%20Programaci髇/Trabajo%20de%20Referencia/prueba/prueba%20v5/play-scala-seed/app/controllers/OrderController.scala]
2025.06.16 16:11:26 INFO  empty definition using pc, found symbol in pc:  (full report at: "C:\Users\oscar\OneDrive\Documentos\CICLO VII\Leng黙jes de Programaci髇\Trabajo de Referencia\prueba\prueba v5\play-scala-seed\.metals\.reports\metals-full\2025-06-16\r_empty-definition_(root)_16-11-26-052.md")
jun. 16, 2025 4:11:34 P.燤. org.eclipse.lsp4j.jsonrpc.RemoteEndpoint handleCancellation
WARNING: Unmatched cancel notification for request id 5822
2025.06.16 16:11:39 INFO  Created report: Optional[file:///C:/Users/oscar/OneDrive/Documentos/CICLO%20VII/Leng黙jes%20de%20Programaci髇/Trabajo%20de%20Referencia/prueba/prueba%20v5/play-scala-seed/app/controllers/OrderController.scala]
2025.06.16 16:11:39 INFO  empty definition using pc, found symbol in pc:  (full report at: "C:\Users\oscar\OneDrive\Documentos\CICLO VII\Leng黙jes de Programaci髇\Trabajo de Referencia\prueba\prueba v5\play-scala-seed\.metals\.reports\metals-full\2025-06-16\r_empty-definition_(root)_16-11-39-659.md")
2025.06.16 16:11:39 INFO  Created report: Optional[file:///C:/Users/oscar/OneDrive/Documentos/CICLO%20VII/Leng黙jes%20de%20Programaci髇/Trabajo%20de%20Referencia/prueba/prueba%20v5/play-scala-seed/app/controllers/OrderController.scala]
Exception in thread "pool-5-thread-2" java.lang.InterruptedException
	at scala.meta.internal.metals.FutureCancelToken.checkCanceled(FutureCancelToken.scala:29)
	at scala.meta.internal.pc.CompilerAccess.$anonfun$onCompilerJobQueue$1(CompilerAccess.scala:207)
2025.06.16 16:11:39 INFO  empty definition using pc, found symbol in pc:  (full report at: "C:\Users\oscar\OneDrive\Documentos\CICLO VII\Leng黙jes de Programaci髇\Trabajo de Referencia\prueba\prueba v5\play-scala-seed\.metals\.reports\metals-full\2025-06-16\r_empty-definition_(root)_16-11-39-976.md")	at scala.meta.internal.pc.CompilerJobQueue$Job.run(CompilerJobQueue.scala:152)

	at java.base/java.util.concurrent.ThreadPoolExecutor.runWorker(ThreadPoolExecutor.java:1136)
	at java.base/java.util.concurrent.ThreadPoolExecutor$Worker.run(ThreadPoolExecutor.java:635)
	at java.base/java.lang.Thread.run(Thread.java:842)
2025.06.16 16:11:39 INFO  Created report: Optional[file:///C:/Users/oscar/OneDrive/Documentos/CICLO%20VII/Leng黙jes%20de%20Programaci髇/Trabajo%20de%20Referencia/prueba/prueba%20v5/play-scala-seed/app/controllers/OrderController.scala]
2025.06.16 16:11:39 INFO  empty definition using pc, found symbol in pc:  (full report at: "C:\Users\oscar\OneDrive\Documentos\CICLO VII\Leng黙jes de Programaci髇\Trabajo de Referencia\prueba\prueba v5\play-scala-seed\.metals\.reports\metals-full\2025-06-16\r_empty-definition_(root)_16-11-40-012.md")
jun. 16, 2025 4:11:47 P.燤. org.eclipse.lsp4j.jsonrpc.RemoteEndpoint handleCancellation
WARNING: Unmatched cancel notification for request id 5886
jun. 16, 2025 4:12:05 P.燤. org.eclipse.lsp4j.jsonrpc.RemoteEndpoint handleCancellation
WARNING: Unmatched cancel notification for request id 5950
jun. 16, 2025 4:12:17 P.燤. org.eclipse.lsp4j.jsonrpc.RemoteEndpoint handleCancellation
WARNING: Unmatched cancel notification for request id 5999
jun. 16, 2025 4:12:27 P.燤. org.eclipse.lsp4j.jsonrpc.RemoteEndpoint handleCancellation
WARNING: Unmatched cancel notification for request id 6063
2025.06.16 16:12:46 INFO  compiling root (16 scala sources and 1 java source)
2025.06.16 16:12:53 WARN  Unexpected javac output: error: file not found: C:\Users\oscar\OneDrive\Documentos\CICLO VII\Leng眉ajes de Programaci贸n\Trabajo de Referencia\prueba\prueba v5\play-scala-seed\target\scala-2.13\routes\main\controllers\routes.java
Usage: javac <options> <source files>
use --help for a list of possible options.
2025.06.16 16:12:53 WARN  javac exited with exit code 2
2025.06.16 16:12:53 INFO  time: compiled root in 7.42s
2025.06.16 16:13:55 INFO  compiling root (17 scala sources and 1 java source)
2025.06.16 16:14:02 WARN  Unexpected javac output: error: file not found: C:\Users\oscar\OneDrive\Documentos\CICLO VII\Leng眉ajes de Programaci贸n\Trabajo de Referencia\prueba\prueba v5\play-scala-seed\target\scala-2.13\routes\main\controllers\routes.java
Usage: javac <options> <source files>
use --help for a list of possible options.
2025.06.16 16:14:02 WARN  javac exited with exit code 2
2025.06.16 16:14:02 INFO  time: compiled root in 6.93s
jun. 16, 2025 4:16:40 P.燤. org.eclipse.lsp4j.jsonrpc.RemoteEndpoint handleCancellation
WARNING: Unmatched cancel notification for request id 6427
2025.06.16 16:17:03 INFO  compiling root (17 scala sources and 1 java source)
2025.06.16 16:17:05 INFO  time: compiled root in 1.27s
2025.06.16 16:18:21 INFO  Created report: Optional[file:///C:/Users/oscar/OneDrive/Documentos/CICLO%20VII/Leng黙jes%20de%20Programaci髇/Trabajo%20de%20Referencia/prueba/prueba%20v5/play-scala-seed/app/models/Client.scala]
2025.06.16 16:18:21 INFO  empty definition using pc, found symbol in pc:  (full report at: "C:\Users\oscar\OneDrive\Documentos\CICLO VII\Leng黙jes de Programaci髇\Trabajo de Referencia\prueba\prueba v5\play-scala-seed\.metals\.reports\metals-full\2025-06-16\r_empty-definition_(root)_16-18-21-904.md")
2025.06.16 16:18:27 INFO  compiling root (17 scala sources and 1 java source)
2025.06.16 16:18:41 WARN  Unexpected javac output: error: file not found: C:\Users\oscar\OneDrive\Documentos\CICLO VII\Leng眉ajes de Programaci贸n\Trabajo de Referencia\prueba\prueba v5\play-scala-seed\target\scala-2.13\routes\main\controllers\routes.java
Usage: javac <options> <source files>
use --help for a list of possible options.
2025.06.16 16:18:41 WARN  javac exited with exit code 2
2025.06.16 16:18:41 INFO  time: compiled root in 14s
jun. 16, 2025 4:18:51 P.燤. org.eclipse.lsp4j.jsonrpc.RemoteEndpoint handleCancellation
WARNING: Unmatched cancel notification for request id 6593
jun. 16, 2025 4:18:51 P.燤. org.eclipse.lsp4j.jsonrpc.RemoteEndpoint handleCancellation
WARNING: Unmatched cancel notification for request id 6595
jun. 16, 2025 4:18:51 P.燤. org.eclipse.lsp4j.jsonrpc.RemoteEndpoint handleCancellation
WARNING: Unmatched cancel notification for request id 6597
jun. 16, 2025 4:18:51 P.燤. org.eclipse.lsp4j.jsonrpc.RemoteEndpoint handleCancellation
WARNING: Unmatched cancel notification for request id 6594
jun. 16, 2025 4:19:04 P.燤. org.eclipse.lsp4j.jsonrpc.RemoteEndpoint handleCancellation
WARNING: Unmatched cancel notification for request id 6599
jun. 16, 2025 4:19:04 P.燤. org.eclipse.lsp4j.jsonrpc.RemoteEndpoint handleCancellation
WARNING: Unmatched cancel notification for request id 6600
jun. 16, 2025 4:19:04 P.燤. org.eclipse.lsp4j.jsonrpc.RemoteEndpoint handleCancellation
WARNING: Unmatched cancel notification for request id 6605
jun. 16, 2025 4:19:04 P.燤. org.eclipse.lsp4j.jsonrpc.RemoteEndpoint handleCancellation
WARNING: Unmatched cancel notification for request id 6607
jun. 16, 2025 4:19:04 P.燤. org.eclipse.lsp4j.jsonrpc.RemoteEndpoint handleCancellation
WARNING: Unmatched cancel notification for request id 6603
jun. 16, 2025 4:19:04 P.燤. org.eclipse.lsp4j.jsonrpc.RemoteEndpoint handleCancellation
WARNING: Unmatched cancel notification for request id 6604
2025.06.16 16:19:05 INFO  time: code lens generation in 13s
jun. 16, 2025 4:19:05 P.燤. org.eclipse.lsp4j.jsonrpc.RemoteEndpoint handleCancellation
WARNING: Unmatched cancel notification for request id 6609
2025.06.16 16:19:08 INFO  compiling root (18 scala sources and 1 java source)
2025.06.16 16:19:22 WARN  Unexpected javac output: error: file not found: C:\Users\oscar\OneDrive\Documentos\CICLO VII\Leng眉ajes de Programaci贸n\Trabajo de Referencia\prueba\prueba v5\play-scala-seed\target\scala-2.13\routes\main\controllers\routes.java
Usage: javac <options> <source files>
use --help for a list of possible options.
2025.06.16 16:19:22 WARN  javac exited with exit code 2
2025.06.16 16:19:22 INFO  time: compiled root in 14s
jun. 16, 2025 4:19:39 P.燤. org.eclipse.lsp4j.jsonrpc.RemoteEndpoint handleCancellation
WARNING: Unmatched cancel notification for request id 6704
jun. 16, 2025 4:20:22 P.燤. org.eclipse.lsp4j.jsonrpc.RemoteEndpoint handleCancellation
WARNING: Unmatched cancel notification for request id 6886
jun. 16, 2025 4:21:11 P.燤. org.eclipse.lsp4j.jsonrpc.RemoteEndpoint handleCancellation
WARNING: Unmatched cancel notification for request id 7065
jun. 16, 2025 4:21:12 P.燤. org.eclipse.lsp4j.jsonrpc.RemoteEndpoint handleCancellation
WARNING: Unmatched cancel notification for request id 7076
jun. 16, 2025 4:21:36 P.燤. org.eclipse.lsp4j.jsonrpc.RemoteEndpoint handleCancellation
WARNING: Unmatched cancel notification for request id 7199
jun. 16, 2025 4:21:38 P.燤. org.eclipse.lsp4j.jsonrpc.RemoteEndpoint handleCancellation
WARNING: Unmatched cancel notification for request id 7211
jun. 16, 2025 4:22:05 P.燤. org.eclipse.lsp4j.jsonrpc.RemoteEndpoint handleCancellation
WARNING: Unmatched cancel notification for request id 7281
2025.06.16 16:22:50 INFO  compiling root (18 scala sources and 1 java source)
2025.06.16 16:23:04 WARN  Unexpected javac output: error: file not found: C:\Users\oscar\OneDrive\Documentos\CICLO VII\Leng眉ajes de Programaci贸n\Trabajo de Referencia\prueba\prueba v5\play-scala-seed\target\scala-2.13\routes\main\controllers\routes.java
Usage: javac <options> <source files>
use --help for a list of possible options.
2025.06.16 16:23:04 WARN  javac exited with exit code 2
2025.06.16 16:23:04 INFO  time: compiled root in 13s
2025.06.16 16:29:22 INFO  compiling root (18 scala sources and 1 java source)
2025.06.16 16:29:34 WARN  Unexpected javac output: error: file not found: C:\Users\oscar\OneDrive\Documentos\CICLO VII\Leng眉ajes de Programaci贸n\Trabajo de Referencia\prueba\prueba v5\play-scala-seed\target\scala-2.13\routes\main\controllers\routes.java
Usage: javac <options> <source files>
use --help for a list of possible options.
2025.06.16 16:29:34 WARN  javac exited with exit code 2
2025.06.16 16:29:34 INFO  time: compiled root in 12s
2025.06.16 16:29:34 INFO  compiling root (18 scala sources and 1 java source)
2025.06.16 16:30:00 WARN  Unexpected javac output: error: file not found: C:\Users\oscar\OneDrive\Documentos\CICLO VII\Leng眉ajes de Programaci贸n\Trabajo de Referencia\prueba\prueba v5\play-scala-seed\target\scala-2.13\routes\main\controllers\routes.java
Usage: javac <options> <source files>
use --help for a list of possible options.
2025.06.16 16:30:00 WARN  javac exited with exit code 2
2025.06.16 16:30:00 INFO  time: compiled root in 26s
2025.06.16 16:54:53 INFO  Created report: Optional[file:///C:/Users/oscar/OneDrive/Documentos/CICLO%20VII/Leng黙jes%20de%20Programaci髇/Trabajo%20de%20Referencia/prueba/prueba%20v5/play-scala-seed/app/models/Order.scala]
2025.06.16 16:54:53 INFO  empty definition using pc, found symbol in pc:  (full report at: "C:\Users\oscar\OneDrive\Documentos\CICLO VII\Leng黙jes de Programaci髇\Trabajo de Referencia\prueba\prueba v5\play-scala-seed\.metals\.reports\metals-full\2025-06-16\r_empty-definition_(root)_16-54-53-181.md")
2025.06.16 16:55:15 INFO  Created report: Optional[file:///C:/Users/oscar/OneDrive/Documentos/CICLO%20VII/Leng黙jes%20de%20Programaci髇/Trabajo%20de%20Referencia/prueba/prueba%20v5/play-scala-seed/app/models/Order.scala]
2025.06.16 16:55:15 INFO  empty definition using pc, found symbol in pc:  (full report at: "C:\Users\oscar\OneDrive\Documentos\CICLO VII\Leng黙jes de Programaci髇\Trabajo de Referencia\prueba\prueba v5\play-scala-seed\.metals\.reports\metals-full\2025-06-16\r_empty-definition_(root)_16-55-15-452.md")
jun. 16, 2025 4:56:07 P.燤. org.eclipse.lsp4j.jsonrpc.RemoteEndpoint handleCancellation
WARNING: Unmatched cancel notification for request id 7610
2025.06.16 16:56:09 INFO  Created report: Optional[file:///C:/Users/oscar/OneDrive/Documentos/CICLO%20VII/Leng黙jes%20de%20Programaci髇/Trabajo%20de%20Referencia/prueba/prueba%20v5/play-scala-seed/app/models/Order.scala]
2025.06.16 16:56:09 INFO  empty definition using pc, found symbol in pc:  (full report at: "C:\Users\oscar\OneDrive\Documentos\CICLO VII\Leng黙jes de Programaci髇\Trabajo de Referencia\prueba\prueba v5\play-scala-seed\.metals\.reports\metals-full\2025-06-16\r_empty-definition_(root)_16-56-09-243.md")
2025.06.16 16:57:04 INFO  Created report: Optional[file:///C:/Users/oscar/OneDrive/Documentos/CICLO%20VII/Leng黙jes%20de%20Programaci髇/Trabajo%20de%20Referencia/prueba/prueba%20v5/play-scala-seed/app/models/Order.scala]
2025.06.16 16:57:04 INFO  empty definition using pc, found symbol in pc:  (full report at: "C:\Users\oscar\OneDrive\Documentos\CICLO VII\Leng黙jes de Programaci髇\Trabajo de Referencia\prueba\prueba v5\play-scala-seed\.metals\.reports\metals-full\2025-06-16\r_empty-definition_(root)_16-57-04-329.md")
2025.06.16 16:57:04 INFO  Created report: Optional[file:///C:/Users/oscar/OneDrive/Documentos/CICLO%20VII/Leng黙jes%20de%20Programaci髇/Trabajo%20de%20Referencia/prueba/prueba%20v5/play-scala-seed/app/models/Order.scala]
2025.06.16 16:57:04 INFO  empty definition using pc, found symbol in pc:  (full report at: "C:\Users\oscar\OneDrive\Documentos\CICLO VII\Leng黙jes de Programaci髇\Trabajo de Referencia\prueba\prueba v5\play-scala-seed\.metals\.reports\metals-full\2025-06-16\r_empty-definition_(root)_16-57-04-740.md")
2025.06.16 16:58:33 INFO  Shutting down server
2025.06.16 16:58:33 INFO  shutting down Metals
2025.06.16 16:58:33 INFO  Shut down connection with build server.
2025.06.16 16:58:33 INFO  Shut down connection with build server.
2025.06.16 16:58:33 INFO  Shut down connection with build server.
2025.06.16 16:58:33 INFO  Exiting server
2025.07.14 07:13:52 INFO  Started: Metals version 1.6.0 in folders 'C:\Users\oscar\GitHub\ProyectoDePrueba-Scala\play-scala-seed' for client Visual Studio Code 1.102.0.
2025.07.14 07:13:52 INFO  time: initialize in 0.11s
2025.07.14 07:13:55 INFO  no build target found for C:\Users\oscar\GitHub\ProyectoDePrueba-Scala\play-scala-seed\app\models\User.scala. Using presentation compiler with project's scala-library version: 3.3.6
2025.07.14 07:14:05 INFO  no build target found for C:\Users\oscar\GitHub\ProyectoDePrueba-Scala\play-scala-seed\app\models\User.scala. Using presentation compiler with project's scala-library version: 3.3.6
2025.07.14 07:14:05 INFO  Attempting to connect to the build server...
2025.07.14 07:14:05 INFO  No running Bloop server found, starting one.
2025.07.14 07:14:11 INFO  Starting compilation server
2025.07.14 07:14:17 INFO  tracing is disabled for protocol BSP, to enable tracing of incoming and outgoing JSON messages create an empty file at C:\Users\oscar\GitHub\ProyectoDePrueba-Scala\play-scala-seed\.metals\bsp.trace.json or C:\Users\oscar\AppData\Local\scalameta\metals\cache\bsp.trace.json
2025.07.14 07:14:34 ERROR C:\Program Files\Java\jdk-17.0.12 release file missing JAVA_VERSION property - using Bloop's JVM version 17.0.12
2025.07.14 07:14:34 ERROR C:\Program Files\Java\jdk-17.0.12 release file missing JAVA_VERSION property - using Bloop's JVM version 17.0.12
2025.07.14 07:14:34 INFO  Attempting to connect to the build server...
2025.07.14 07:14:34 INFO  Found a Bloop server running
2025.07.14 07:14:34 INFO  Attempting to connect to the build server...
2025.07.14 07:14:34 INFO  Found a Bloop server running
2025.07.14 07:14:34 INFO  tracing is disabled for protocol BSP, to enable tracing of incoming and outgoing JSON messages create an empty file at C:\Users\oscar\GitHub\ProyectoDePrueba-Scala\play-scala-seed\project\project\.metals\bsp.trace.json or C:\Users\oscar\AppData\Local\scalameta\metals\cache\bsp.trace.json
2025.07.14 07:14:34 INFO  tracing is disabled for protocol BSP, to enable tracing of incoming and outgoing JSON messages create an empty file at C:\Users\oscar\GitHub\ProyectoDePrueba-Scala\play-scala-seed\project\.metals\bsp.trace.json or C:\Users\oscar\AppData\Local\scalameta\metals\cache\bsp.trace.json
2025.07.14 07:14:43 INFO  time: Connected to build server in 37s
2025.07.14 07:14:43 INFO  Connected to Build server: Bloop v2.0.10
2025.07.14 07:14:44 INFO  time: Imported build in 0.65s
2025.07.14 07:14:44 ERROR Running process 'C:\Program Files\Java\jdk-17.0.12\bin\java -version' failed
java.io.IOException: Cannot run program "C:\Program Files\Java\jdk-17.0.12\bin\java" (in directory "C:\Program Files\Java\jdk-17.0.12"): CreateProcess error=2, El sistema no puede encontrar el archivo especificado
	at java.lang.ProcessBuilder.start(ProcessBuilder.java:1143)
	at java.lang.ProcessBuilder.start(ProcessBuilder.java:1073)
	at scala.meta.internal.process.SystemProcess$.run(SystemProcess.scala:48)
	at scala.meta.internal.builds.ShellRunner$.runSync(ShellRunner.scala:152)
	at scala.meta.internal.metals.JdkVersion$.fromShell(JavaInteractiveSemanticdb.scala:238)
	at scala.meta.internal.metals.JdkVersion$.$anonfun$maybeJdkVersionFromJavaHome$3(JavaInteractiveSemanticdb.scala:229)
	at scala.Option.orElse(Option.scala:477)
	at scala.meta.internal.metals.JdkVersion$.$anonfun$maybeJdkVersionFromJavaHome$2(JavaInteractiveSemanticdb.scala:229)
	at scala.Option.flatMap(Option.scala:283)
	at scala.meta.internal.metals.JdkVersion$.maybeJdkVersionFromJavaHome(JavaInteractiveSemanticdb.scala:227)
	at scala.meta.internal.metals.ProjectMetalsLspService.$anonfun$getProjectsJavaInfo$5(ProjectMetalsLspService.scala:529)
	at scala.Option.orElse(Option.scala:477)
	at scala.meta.internal.metals.ProjectMetalsLspService.$anonfun$getProjectsJavaInfo$3(ProjectMetalsLspService.scala:529)
	at scala.Option.flatMap(Option.scala:283)
	at scala.meta.internal.metals.ProjectMetalsLspService.$anonfun$getProjectsJavaInfo$1(ProjectMetalsLspService.scala:526)
	at scala.Option.flatMap(Option.scala:283)
	at scala.meta.internal.metals.ProjectMetalsLspService.getProjectsJavaInfo(ProjectMetalsLspService.scala:525)
	at scala.meta.internal.metals.ProjectMetalsLspService.$anonfun$projectInfo$3(ProjectMetalsLspService.scala:519)
	at scala.meta.internal.metals.doctor.MetalsServiceInfo$ProjectService.getJavaInfo(Doctor.scala:781)
	at scala.meta.internal.metals.doctor.Doctor.$anonfun$problemResolver$3(Doctor.scala:82)
	at scala.meta.internal.metals.doctor.ProblemResolver.javaSourcesProblem$1(ProblemResolver.scala:240)
	at scala.meta.internal.metals.doctor.ProblemResolver.$anonfun$findProblem$6(ProblemResolver.scala:308)
	at scala.Option.orElse(Option.scala:477)
	at scala.meta.internal.metals.doctor.ProblemResolver.findProblem(ProblemResolver.scala:308)
	at scala.meta.internal.metals.doctor.ProblemResolver.$anonfun$problemMessage$1(ProblemResolver.scala:67)
	at scala.collection.immutable.List.flatMap(List.scala:294)
	at scala.meta.internal.metals.doctor.ProblemResolver.problemMessage(ProblemResolver.scala:66)
	at scala.meta.internal.metals.doctor.Doctor.check(Doctor.scala:113)
	at scala.meta.internal.metals.MetalsLspService.check(MetalsLspService.scala:1547)
	at scala.meta.internal.metals.ProjectMetalsLspService.check(ProjectMetalsLspService.scala:813)
	at scala.meta.internal.metals.ProjectMetalsLspService.$anonfun$connectionProvider$1(ProjectMetalsLspService.scala:186)
	at scala.meta.internal.metals.Indexer.$anonfun$indexWorkspace$11(Indexer.scala:150)
	at scala.runtime.java8.JFunction0$mcV$sp.apply(JFunction0$mcV$sp.scala:18)
	at scala.meta.internal.metals.TimerProvider.timedThunk(TimerProvider.scala:25)
	at scala.meta.internal.metals.Indexer.indexWorkspace(Indexer.scala:150)
	at scala.meta.internal.metals.Indexer.$anonfun$profiledIndexWorkspace$2(Indexer.scala:57)
	at scala.runtime.java8.JFunction0$mcV$sp.apply(JFunction0$mcV$sp.scala:18)
	at scala.meta.internal.metals.TimerProvider.timedThunk(TimerProvider.scala:25)
	at scala.meta.internal.metals.Indexer.$anonfun$profiledIndexWorkspace$1(Indexer.scala:57)
	at scala.runtime.java8.JFunction0$mcV$sp.apply(JFunction0$mcV$sp.scala:18)
	at scala.concurrent.Future$.$anonfun$apply$1(Future.scala:687)
	at scala.concurrent.impl.Promise$Transformation.run(Promise.scala:467)
	at java.util.concurrent.ThreadPoolExecutor.runWorker(ThreadPoolExecutor.java:1136)
	at java.util.concurrent.ThreadPoolExecutor$Worker.run(ThreadPoolExecutor.java:635)
	at java.lang.Thread.run(Thread.java:842)
Caused by: java.io.IOException: CreateProcess error=2, El sistema no puede encontrar el archivo especificado
	at java.lang.ProcessImpl.create(Native Method)
	at java.lang.ProcessImpl.<init>(ProcessImpl.java:499)
	at java.lang.ProcessImpl.start(ProcessImpl.java:158)
	at java.lang.ProcessBuilder.start(ProcessBuilder.java:1110)
	at java.lang.ProcessBuilder.start(ProcessBuilder.java:1073)
	at scala.meta.internal.process.SystemProcess$.run(SystemProcess.scala:48)
	at scala.meta.internal.builds.ShellRunner$.runSync(ShellRunner.scala:152)
	at scala.meta.internal.metals.JdkVersion$.fromShell(JavaInteractiveSemanticdb.scala:238)
	at scala.meta.internal.metals.JdkVersion$.$anonfun$maybeJdkVersionFromJavaHome$3(JavaInteractiveSemanticdb.scala:229)
	at scala.Option.orElse(Option.scala:477)
	at scala.meta.internal.metals.JdkVersion$.$anonfun$maybeJdkVersionFromJavaHome$2(JavaInteractiveSemanticdb.scala:229)
	at scala.Option.flatMap(Option.scala:283)
	at scala.meta.internal.metals.JdkVersion$.maybeJdkVersionFromJavaHome(JavaInteractiveSemanticdb.scala:227)
	at scala.meta.internal.metals.ProjectMetalsLspService.$anonfun$getProjectsJavaInfo$5(ProjectMetalsLspService.scala:529)
	at scala.Option.orElse(Option.scala:477)
	at scala.meta.internal.metals.ProjectMetalsLspService.$anonfun$getProjectsJavaInfo$3(ProjectMetalsLspService.scala:529)
	at scala.Option.flatMap(Option.scala:283)
	at scala.meta.internal.metals.ProjectMetalsLspService.$anonfun$getProjectsJavaInfo$1(ProjectMetalsLspService.scala:526)
	at scala.Option.flatMap(Option.scala:283)
	at scala.meta.internal.metals.ProjectMetalsLspService.getProjectsJavaInfo(ProjectMetalsLspService.scala:525)
	at scala.meta.internal.metals.ProjectMetalsLspService.$anonfun$projectInfo$3(ProjectMetalsLspService.scala:519)
	at scala.meta.internal.metals.doctor.MetalsServiceInfo$ProjectService.getJavaInfo(Doctor.scala:781)
	at scala.meta.internal.metals.doctor.Doctor.$anonfun$problemResolver$3(Doctor.scala:82)
	at scala.meta.internal.metals.doctor.ProblemResolver.javaSourcesProblem$1(ProblemResolver.scala:240)
	at scala.meta.internal.metals.doctor.ProblemResolver.$anonfun$findProblem$6(ProblemResolver.scala:308)
	at scala.Option.orElse(Option.scala:477)
	at scala.meta.internal.metals.doctor.ProblemResolver.findProblem(ProblemResolver.scala:308)
	at scala.meta.internal.metals.doctor.ProblemResolver.$anonfun$problemMessage$1(ProblemResolver.scala:67)
	at scala.collection.immutable.List.flatMap(List.scala:294)
	at scala.meta.internal.metals.doctor.ProblemResolver.problemMessage(ProblemResolver.scala:66)
	at scala.meta.internal.metals.doctor.Doctor.check(Doctor.scala:113)
	at scala.meta.internal.metals.MetalsLspService.check(MetalsLspService.scala:1547)
	at scala.meta.internal.metals.ProjectMetalsLspService.check(ProjectMetalsLspService.scala:813)
	at scala.meta.internal.metals.ProjectMetalsLspService.$anonfun$connectionProvider$1(ProjectMetalsLspService.scala:186)
	at scala.meta.internal.metals.Indexer.$anonfun$indexWorkspace$11(Indexer.scala:150)
	at scala.runtime.java8.JFunction0$mcV$sp.apply(JFunction0$mcV$sp.scala:18)
	at scala.meta.internal.metals.TimerProvider.timedThunk(TimerProvider.scala:25)
	at scala.meta.internal.metals.Indexer.indexWorkspace(Indexer.scala:150)
	at scala.meta.internal.metals.Indexer.$anonfun$profiledIndexWorkspace$2(Indexer.scala:57)
	at scala.runtime.java8.JFunction0$mcV$sp.apply(JFunction0$mcV$sp.scala:18)
	at scala.meta.internal.metals.TimerProvider.timedThunk(TimerProvider.scala:25)
	at scala.meta.internal.metals.Indexer.$anonfun$profiledIndexWorkspace$1(Indexer.scala:57)
	at scala.runtime.java8.JFunction0$mcV$sp.apply(JFunction0$mcV$sp.scala:18)
	at scala.concurrent.Future$.$anonfun$apply$1(Future.scala:687)
	at scala.concurrent.impl.Promise$Transformation.run(Promise.scala:467)
	at java.util.concurrent.ThreadPoolExecutor.runWorker(ThreadPoolExecutor.java:1136)
	at java.util.concurrent.ThreadPoolExecutor$Worker.run(ThreadPoolExecutor.java:635)
	at java.lang.Thread.run(Thread.java:842)

2025.07.14 07:15:02 ERROR Running process 'C:\Program Files\Java\jdk-17.0.12\bin\java -version' failed
java.io.IOException: Cannot run program "C:\Program Files\Java\jdk-17.0.12\bin\java" (in directory "C:\Program Files\Java\jdk-17.0.12"): CreateProcess error=2, El sistema no puede encontrar el archivo especificado
	at java.lang.ProcessBuilder.start(ProcessBuilder.java:1143)
	at java.lang.ProcessBuilder.start(ProcessBuilder.java:1073)
	at scala.meta.internal.process.SystemProcess$.run(SystemProcess.scala:48)
	at scala.meta.internal.builds.ShellRunner$.runSync(ShellRunner.scala:152)
	at scala.meta.internal.metals.JdkVersion$.fromShell(JavaInteractiveSemanticdb.scala:238)
	at scala.meta.internal.metals.JdkVersion$.$anonfun$maybeJdkVersionFromJavaHome$3(JavaInteractiveSemanticdb.scala:229)
	at scala.Option.orElse(Option.scala:477)
	at scala.meta.internal.metals.JdkVersion$.$anonfun$maybeJdkVersionFromJavaHome$2(JavaInteractiveSemanticdb.scala:229)
	at scala.Option.flatMap(Option.scala:283)
	at scala.meta.internal.metals.JdkVersion$.maybeJdkVersionFromJavaHome(JavaInteractiveSemanticdb.scala:227)
	at scala.meta.internal.metals.ProjectMetalsLspService.$anonfun$getProjectsJavaInfo$5(ProjectMetalsLspService.scala:529)
	at scala.Option.orElse(Option.scala:477)
	at scala.meta.internal.metals.ProjectMetalsLspService.$anonfun$getProjectsJavaInfo$3(ProjectMetalsLspService.scala:529)
	at scala.Option.flatMap(Option.scala:283)
	at scala.meta.internal.metals.ProjectMetalsLspService.$anonfun$getProjectsJavaInfo$1(ProjectMetalsLspService.scala:526)
	at scala.Option.flatMap(Option.scala:283)
	at scala.meta.internal.metals.ProjectMetalsLspService.getProjectsJavaInfo(ProjectMetalsLspService.scala:525)
	at scala.meta.internal.metals.ProjectMetalsLspService.$anonfun$projectInfo$3(ProjectMetalsLspService.scala:519)
	at scala.meta.internal.metals.doctor.MetalsServiceInfo$ProjectService.getJavaInfo(Doctor.scala:781)
	at scala.meta.internal.metals.doctor.Doctor.$anonfun$problemResolver$3(Doctor.scala:82)
	at scala.meta.internal.metals.doctor.ProblemResolver.javaSourcesProblem$1(ProblemResolver.scala:240)
	at scala.meta.internal.metals.doctor.ProblemResolver.$anonfun$findProblem$6(ProblemResolver.scala:308)
	at scala.Option.orElse(Option.scala:477)
	at scala.meta.internal.metals.doctor.ProblemResolver.findProblem(ProblemResolver.scala:308)
	at scala.meta.internal.metals.doctor.ProblemResolver.$anonfun$problemMessage$1(ProblemResolver.scala:67)
	at scala.collection.immutable.List.flatMap(List.scala:294)
	at scala.meta.internal.metals.doctor.ProblemResolver.problemMessage(ProblemResolver.scala:66)
	at scala.meta.internal.metals.doctor.Doctor.check(Doctor.scala:113)
	at scala.meta.internal.metals.MetalsLspService.check(MetalsLspService.scala:1547)
	at scala.meta.internal.metals.ProjectMetalsLspService.check(ProjectMetalsLspService.scala:813)
	at scala.meta.internal.metals.ProjectMetalsLspService.$anonfun$connectionProvider$1(ProjectMetalsLspService.scala:186)
	at scala.meta.internal.metals.Indexer.$anonfun$indexWorkspace$11(Indexer.scala:150)
	at scala.runtime.java8.JFunction0$mcV$sp.apply(JFunction0$mcV$sp.scala:18)
	at scala.meta.internal.metals.TimerProvider.timedThunk(TimerProvider.scala:25)
	at scala.meta.internal.metals.Indexer.indexWorkspace(Indexer.scala:150)
	at scala.meta.internal.metals.Indexer.$anonfun$profiledIndexWorkspace$2(Indexer.scala:57)
	at scala.runtime.java8.JFunction0$mcV$sp.apply(JFunction0$mcV$sp.scala:18)
	at scala.meta.internal.metals.TimerProvider.timedThunk(TimerProvider.scala:25)
	at scala.meta.internal.metals.Indexer.$anonfun$profiledIndexWorkspace$1(Indexer.scala:57)
	at scala.runtime.java8.JFunction0$mcV$sp.apply(JFunction0$mcV$sp.scala:18)
	at scala.concurrent.Future$.$anonfun$apply$1(Future.scala:687)
	at scala.concurrent.impl.Promise$Transformation.run(Promise.scala:467)
	at java.util.concurrent.ThreadPoolExecutor.runWorker(ThreadPoolExecutor.java:1136)
	at java.util.concurrent.ThreadPoolExecutor$Worker.run(ThreadPoolExecutor.java:635)
	at java.lang.Thread.run(Thread.java:842)
Caused by: java.io.IOException: CreateProcess error=2, El sistema no puede encontrar el archivo especificado
	at java.lang.ProcessImpl.create(Native Method)
	at java.lang.ProcessImpl.<init>(ProcessImpl.java:499)
	at java.lang.ProcessImpl.start(ProcessImpl.java:158)
	at java.lang.ProcessBuilder.start(ProcessBuilder.java:1110)
	at java.lang.ProcessBuilder.start(ProcessBuilder.java:1073)
	at scala.meta.internal.process.SystemProcess$.run(SystemProcess.scala:48)
	at scala.meta.internal.builds.ShellRunner$.runSync(ShellRunner.scala:152)
	at scala.meta.internal.metals.JdkVersion$.fromShell(JavaInteractiveSemanticdb.scala:238)
	at scala.meta.internal.metals.JdkVersion$.$anonfun$maybeJdkVersionFromJavaHome$3(JavaInteractiveSemanticdb.scala:229)
	at scala.Option.orElse(Option.scala:477)
	at scala.meta.internal.metals.JdkVersion$.$anonfun$maybeJdkVersionFromJavaHome$2(JavaInteractiveSemanticdb.scala:229)
	at scala.Option.flatMap(Option.scala:283)
	at scala.meta.internal.metals.JdkVersion$.maybeJdkVersionFromJavaHome(JavaInteractiveSemanticdb.scala:227)
	at scala.meta.internal.metals.ProjectMetalsLspService.$anonfun$getProjectsJavaInfo$5(ProjectMetalsLspService.scala:529)
	at scala.Option.orElse(Option.scala:477)
	at scala.meta.internal.metals.ProjectMetalsLspService.$anonfun$getProjectsJavaInfo$3(ProjectMetalsLspService.scala:529)
	at scala.Option.flatMap(Option.scala:283)
	at scala.meta.internal.metals.ProjectMetalsLspService.$anonfun$getProjectsJavaInfo$1(ProjectMetalsLspService.scala:526)
	at scala.Option.flatMap(Option.scala:283)
	at scala.meta.internal.metals.ProjectMetalsLspService.getProjectsJavaInfo(ProjectMetalsLspService.scala:525)
	at scala.meta.internal.metals.ProjectMetalsLspService.$anonfun$projectInfo$3(ProjectMetalsLspService.scala:519)
	at scala.meta.internal.metals.doctor.MetalsServiceInfo$ProjectService.getJavaInfo(Doctor.scala:781)
	at scala.meta.internal.metals.doctor.Doctor.$anonfun$problemResolver$3(Doctor.scala:82)
	at scala.meta.internal.metals.doctor.ProblemResolver.javaSourcesProblem$1(ProblemResolver.scala:240)
	at scala.meta.internal.metals.doctor.ProblemResolver.$anonfun$findProblem$6(ProblemResolver.scala:308)
	at scala.Option.orElse(Option.scala:477)
	at scala.meta.internal.metals.doctor.ProblemResolver.findProblem(ProblemResolver.scala:308)
	at scala.meta.internal.metals.doctor.ProblemResolver.$anonfun$problemMessage$1(ProblemResolver.scala:67)
	at scala.collection.immutable.List.flatMap(List.scala:294)
	at scala.meta.internal.metals.doctor.ProblemResolver.problemMessage(ProblemResolver.scala:66)
	at scala.meta.internal.metals.doctor.Doctor.check(Doctor.scala:113)
	at scala.meta.internal.metals.MetalsLspService.check(MetalsLspService.scala:1547)
	at scala.meta.internal.metals.ProjectMetalsLspService.check(ProjectMetalsLspService.scala:813)
	at scala.meta.internal.metals.ProjectMetalsLspService.$anonfun$connectionProvider$1(ProjectMetalsLspService.scala:186)
	at scala.meta.internal.metals.Indexer.$anonfun$indexWorkspace$11(Indexer.scala:150)
	at scala.runtime.java8.JFunction0$mcV$sp.apply(JFunction0$mcV$sp.scala:18)
	at scala.meta.internal.metals.TimerProvider.timedThunk(TimerProvider.scala:25)
	at scala.meta.internal.metals.Indexer.indexWorkspace(Indexer.scala:150)
	at scala.meta.internal.metals.Indexer.$anonfun$profiledIndexWorkspace$2(Indexer.scala:57)
	at scala.runtime.java8.JFunction0$mcV$sp.apply(JFunction0$mcV$sp.scala:18)
	at scala.meta.internal.metals.TimerProvider.timedThunk(TimerProvider.scala:25)
	at scala.meta.internal.metals.Indexer.$anonfun$profiledIndexWorkspace$1(Indexer.scala:57)
	at scala.runtime.java8.JFunction0$mcV$sp.apply(JFunction0$mcV$sp.scala:18)
	at scala.concurrent.Future$.$anonfun$apply$1(Future.scala:687)
	at scala.concurrent.impl.Promise$Transformation.run(Promise.scala:467)
	at java.util.concurrent.ThreadPoolExecutor.runWorker(ThreadPoolExecutor.java:1136)
	at java.util.concurrent.ThreadPoolExecutor$Worker.run(ThreadPoolExecutor.java:635)
	at java.lang.Thread.run(Thread.java:842)

2025.07.14 07:15:02 ERROR Running process 'C:\Program Files\Java\jdk-17.0.12\bin\java -version' failed
java.io.IOException: Cannot run program "C:\Program Files\Java\jdk-17.0.12\bin\java" (in directory "C:\Program Files\Java\jdk-17.0.12"): CreateProcess error=2, El sistema no puede encontrar el archivo especificado
	at java.lang.ProcessBuilder.start(ProcessBuilder.java:1143)
	at java.lang.ProcessBuilder.start(ProcessBuilder.java:1073)
	at scala.meta.internal.process.SystemProcess$.run(SystemProcess.scala:48)
	at scala.meta.internal.builds.ShellRunner$.runSync(ShellRunner.scala:152)
	at scala.meta.internal.metals.JdkVersion$.fromShell(JavaInteractiveSemanticdb.scala:238)
	at scala.meta.internal.metals.JdkVersion$.$anonfun$maybeJdkVersionFromJavaHome$3(JavaInteractiveSemanticdb.scala:229)
	at scala.Option.orElse(Option.scala:477)
	at scala.meta.internal.metals.JdkVersion$.$anonfun$maybeJdkVersionFromJavaHome$2(JavaInteractiveSemanticdb.scala:229)
	at scala.Option.flatMap(Option.scala:283)
	at scala.meta.internal.metals.JdkVersion$.maybeJdkVersionFromJavaHome(JavaInteractiveSemanticdb.scala:227)
	at scala.meta.internal.metals.ProjectMetalsLspService.$anonfun$getProjectsJavaInfo$5(ProjectMetalsLspService.scala:529)
	at scala.Option.orElse(Option.scala:477)
	at scala.meta.internal.metals.ProjectMetalsLspService.$anonfun$getProjectsJavaInfo$3(ProjectMetalsLspService.scala:529)
	at scala.Option.flatMap(Option.scala:283)
	at scala.meta.internal.metals.ProjectMetalsLspService.$anonfun$getProjectsJavaInfo$1(ProjectMetalsLspService.scala:526)
	at scala.Option.flatMap(Option.scala:283)
	at scala.meta.internal.metals.ProjectMetalsLspService.getProjectsJavaInfo(ProjectMetalsLspService.scala:525)
	at scala.meta.internal.metals.ProjectMetalsLspService.$anonfun$projectInfo$3(ProjectMetalsLspService.scala:519)
	at scala.meta.internal.metals.doctor.MetalsServiceInfo$ProjectService.getJavaInfo(Doctor.scala:781)
	at scala.meta.internal.metals.doctor.Doctor.$anonfun$problemResolver$3(Doctor.scala:82)
	at scala.meta.internal.metals.doctor.ProblemResolver.javaSourcesProblem$1(ProblemResolver.scala:240)
	at scala.meta.internal.metals.doctor.ProblemResolver.$anonfun$findProblem$6(ProblemResolver.scala:308)
	at scala.Option.orElse(Option.scala:477)
	at scala.meta.internal.metals.doctor.ProblemResolver.findProblem(ProblemResolver.scala:308)
	at scala.meta.internal.metals.doctor.ProblemResolver.$anonfun$problemMessage$1(ProblemResolver.scala:67)
	at scala.collection.immutable.List.flatMap(List.scala:294)
	at scala.meta.internal.metals.doctor.ProblemResolver.problemMessage(ProblemResolver.scala:66)
	at scala.meta.internal.metals.doctor.Doctor.check(Doctor.scala:113)
	at scala.meta.internal.metals.MetalsLspService.check(MetalsLspService.scala:1547)
	at scala.meta.internal.metals.ProjectMetalsLspService.check(ProjectMetalsLspService.scala:813)
	at scala.meta.internal.metals.ProjectMetalsLspService.$anonfun$connectionProvider$1(ProjectMetalsLspService.scala:186)
	at scala.meta.internal.metals.Indexer.$anonfun$indexWorkspace$11(Indexer.scala:150)
	at scala.runtime.java8.JFunction0$mcV$sp.apply(JFunction0$mcV$sp.scala:18)
	at scala.meta.internal.metals.TimerProvider.timedThunk(TimerProvider.scala:25)
	at scala.meta.internal.metals.Indexer.indexWorkspace(Indexer.scala:150)
	at scala.meta.internal.metals.Indexer.$anonfun$profiledIndexWorkspace$2(Indexer.scala:57)
	at scala.runtime.java8.JFunction0$mcV$sp.apply(JFunction0$mcV$sp.scala:18)
	at scala.meta.internal.metals.TimerProvider.timedThunk(TimerProvider.scala:25)
	at scala.meta.internal.metals.Indexer.$anonfun$profiledIndexWorkspace$1(Indexer.scala:57)
	at scala.runtime.java8.JFunction0$mcV$sp.apply(JFunction0$mcV$sp.scala:18)
	at scala.concurrent.Future$.$anonfun$apply$1(Future.scala:687)
	at scala.concurrent.impl.Promise$Transformation.run(Promise.scala:467)
	at java.util.concurrent.ThreadPoolExecutor.runWorker(ThreadPoolExecutor.java:1136)
	at java.util.concurrent.ThreadPoolExecutor$Worker.run(ThreadPoolExecutor.java:635)
	at java.lang.Thread.run(Thread.java:842)
Caused by: java.io.IOException: CreateProcess error=2, El sistema no puede encontrar el archivo especificado
	at java.lang.ProcessImpl.create(Native Method)
	at java.lang.ProcessImpl.<init>(ProcessImpl.java:499)
	at java.lang.ProcessImpl.start(ProcessImpl.java:158)
	at java.lang.ProcessBuilder.start(ProcessBuilder.java:1110)
	at java.lang.ProcessBuilder.start(ProcessBuilder.java:1073)
	at scala.meta.internal.process.SystemProcess$.run(SystemProcess.scala:48)
	at scala.meta.internal.builds.ShellRunner$.runSync(ShellRunner.scala:152)
	at scala.meta.internal.metals.JdkVersion$.fromShell(JavaInteractiveSemanticdb.scala:238)
	at scala.meta.internal.metals.JdkVersion$.$anonfun$maybeJdkVersionFromJavaHome$3(JavaInteractiveSemanticdb.scala:229)
	at scala.Option.orElse(Option.scala:477)
	at scala.meta.internal.metals.JdkVersion$.$anonfun$maybeJdkVersionFromJavaHome$2(JavaInteractiveSemanticdb.scala:229)
	at scala.Option.flatMap(Option.scala:283)
	at scala.meta.internal.metals.JdkVersion$.maybeJdkVersionFromJavaHome(JavaInteractiveSemanticdb.scala:227)
	at scala.meta.internal.metals.ProjectMetalsLspService.$anonfun$getProjectsJavaInfo$5(ProjectMetalsLspService.scala:529)
	at scala.Option.orElse(Option.scala:477)
	at scala.meta.internal.metals.ProjectMetalsLspService.$anonfun$getProjectsJavaInfo$3(ProjectMetalsLspService.scala:529)
	at scala.Option.flatMap(Option.scala:283)
	at scala.meta.internal.metals.ProjectMetalsLspService.$anonfun$getProjectsJavaInfo$1(ProjectMetalsLspService.scala:526)
	at scala.Option.flatMap(Option.scala:283)
	at scala.meta.internal.metals.ProjectMetalsLspService.getProjectsJavaInfo(ProjectMetalsLspService.scala:525)
	at scala.meta.internal.metals.ProjectMetalsLspService.$anonfun$projectInfo$3(ProjectMetalsLspService.scala:519)
	at scala.meta.internal.metals.doctor.MetalsServiceInfo$ProjectService.getJavaInfo(Doctor.scala:781)
	at scala.meta.internal.metals.doctor.Doctor.$anonfun$problemResolver$3(Doctor.scala:82)
	at scala.meta.internal.metals.doctor.ProblemResolver.javaSourcesProblem$1(ProblemResolver.scala:240)
	at scala.meta.internal.metals.doctor.ProblemResolver.$anonfun$findProblem$6(ProblemResolver.scala:308)
	at scala.Option.orElse(Option.scala:477)
	at scala.meta.internal.metals.doctor.ProblemResolver.findProblem(ProblemResolver.scala:308)
	at scala.meta.internal.metals.doctor.ProblemResolver.$anonfun$problemMessage$1(ProblemResolver.scala:67)
	at scala.collection.immutable.List.flatMap(List.scala:294)
	at scala.meta.internal.metals.doctor.ProblemResolver.problemMessage(ProblemResolver.scala:66)
	at scala.meta.internal.metals.doctor.Doctor.check(Doctor.scala:113)
	at scala.meta.internal.metals.MetalsLspService.check(MetalsLspService.scala:1547)
	at scala.meta.internal.metals.ProjectMetalsLspService.check(ProjectMetalsLspService.scala:813)
	at scala.meta.internal.metals.ProjectMetalsLspService.$anonfun$connectionProvider$1(ProjectMetalsLspService.scala:186)
	at scala.meta.internal.metals.Indexer.$anonfun$indexWorkspace$11(Indexer.scala:150)
	at scala.runtime.java8.JFunction0$mcV$sp.apply(JFunction0$mcV$sp.scala:18)
	at scala.meta.internal.metals.TimerProvider.timedThunk(TimerProvider.scala:25)
	at scala.meta.internal.metals.Indexer.indexWorkspace(Indexer.scala:150)
	at scala.meta.internal.metals.Indexer.$anonfun$profiledIndexWorkspace$2(Indexer.scala:57)
	at scala.runtime.java8.JFunction0$mcV$sp.apply(JFunction0$mcV$sp.scala:18)
	at scala.meta.internal.metals.TimerProvider.timedThunk(TimerProvider.scala:25)
	at scala.meta.internal.metals.Indexer.$anonfun$profiledIndexWorkspace$1(Indexer.scala:57)
	at scala.runtime.java8.JFunction0$mcV$sp.apply(JFunction0$mcV$sp.scala:18)
	at scala.concurrent.Future$.$anonfun$apply$1(Future.scala:687)
	at scala.concurrent.impl.Promise$Transformation.run(Promise.scala:467)
	at java.util.concurrent.ThreadPoolExecutor.runWorker(ThreadPoolExecutor.java:1136)
	at java.util.concurrent.ThreadPoolExecutor$Worker.run(ThreadPoolExecutor.java:635)
	at java.lang.Thread.run(Thread.java:842)

2025.07.14 07:15:02 ERROR Running process 'C:\Program Files\Java\jdk-17.0.12\bin\java -version' failed
java.io.IOException: Cannot run program "C:\Program Files\Java\jdk-17.0.12\bin\java" (in directory "C:\Program Files\Java\jdk-17.0.12"): CreateProcess error=2, El sistema no puede encontrar el archivo especificado
	at java.lang.ProcessBuilder.start(ProcessBuilder.java:1143)
	at java.lang.ProcessBuilder.start(ProcessBuilder.java:1073)
	at scala.meta.internal.process.SystemProcess$.run(SystemProcess.scala:48)
	at scala.meta.internal.builds.ShellRunner$.runSync(ShellRunner.scala:152)
	at scala.meta.internal.metals.JdkVersion$.fromShell(JavaInteractiveSemanticdb.scala:238)
	at scala.meta.internal.metals.JdkVersion$.$anonfun$maybeJdkVersionFromJavaHome$3(JavaInteractiveSemanticdb.scala:229)
	at scala.Option.orElse(Option.scala:477)
	at scala.meta.internal.metals.JdkVersion$.$anonfun$maybeJdkVersionFromJavaHome$2(JavaInteractiveSemanticdb.scala:229)
	at scala.Option.flatMap(Option.scala:283)
	at scala.meta.internal.metals.JdkVersion$.maybeJdkVersionFromJavaHome(JavaInteractiveSemanticdb.scala:227)
	at scala.meta.internal.metals.ProjectMetalsLspService.$anonfun$getProjectsJavaInfo$5(ProjectMetalsLspService.scala:529)
	at scala.Option.orElse(Option.scala:477)
	at scala.meta.internal.metals.ProjectMetalsLspService.$anonfun$getProjectsJavaInfo$3(ProjectMetalsLspService.scala:529)
	at scala.Option.flatMap(Option.scala:283)
	at scala.meta.internal.metals.ProjectMetalsLspService.$anonfun$getProjectsJavaInfo$1(ProjectMetalsLspService.scala:526)
	at scala.Option.flatMap(Option.scala:283)
	at scala.meta.internal.metals.ProjectMetalsLspService.getProjectsJavaInfo(ProjectMetalsLspService.scala:525)
	at scala.meta.internal.metals.ProjectMetalsLspService.$anonfun$projectInfo$3(ProjectMetalsLspService.scala:519)
	at scala.meta.internal.metals.doctor.MetalsServiceInfo$ProjectService.getJavaInfo(Doctor.scala:781)
	at scala.meta.internal.metals.doctor.Doctor.$anonfun$problemResolver$3(Doctor.scala:82)
	at scala.meta.internal.metals.doctor.ProblemResolver.javaSourcesProblem$1(ProblemResolver.scala:240)
	at scala.meta.internal.metals.doctor.ProblemResolver.$anonfun$findProblem$6(ProblemResolver.scala:308)
	at scala.Option.orElse(Option.scala:477)
	at scala.meta.internal.metals.doctor.ProblemResolver.findProblem(ProblemResolver.scala:308)
	at scala.meta.internal.metals.doctor.ProblemResolver.$anonfun$problemMessage$1(ProblemResolver.scala:67)
	at scala.collection.immutable.List.flatMap(List.scala:294)
	at scala.meta.internal.metals.doctor.ProblemResolver.problemMessage(ProblemResolver.scala:66)
	at scala.meta.internal.metals.doctor.Doctor.check(Doctor.scala:113)
	at scala.meta.internal.metals.MetalsLspService.check(MetalsLspService.scala:1547)
	at scala.meta.internal.metals.ProjectMetalsLspService.check(ProjectMetalsLspService.scala:813)
	at scala.meta.internal.metals.ProjectMetalsLspService.$anonfun$connectionProvider$1(ProjectMetalsLspService.scala:186)
	at scala.meta.internal.metals.Indexer.$anonfun$indexWorkspace$11(Indexer.scala:150)
	at scala.runtime.java8.JFunction0$mcV$sp.apply(JFunction0$mcV$sp.scala:18)
	at scala.meta.internal.metals.TimerProvider.timedThunk(TimerProvider.scala:25)
	at scala.meta.internal.metals.Indexer.indexWorkspace(Indexer.scala:150)
	at scala.meta.internal.metals.Indexer.$anonfun$profiledIndexWorkspace$2(Indexer.scala:57)
	at scala.runtime.java8.JFunction0$mcV$sp.apply(JFunction0$mcV$sp.scala:18)
	at scala.meta.internal.metals.TimerProvider.timedThunk(TimerProvider.scala:25)
	at scala.meta.internal.metals.Indexer.$anonfun$profiledIndexWorkspace$1(Indexer.scala:57)
	at scala.runtime.java8.JFunction0$mcV$sp.apply(JFunction0$mcV$sp.scala:18)
	at scala.concurrent.Future$.$anonfun$apply$1(Future.scala:687)
	at scala.concurrent.impl.Promise$Transformation.run(Promise.scala:467)
	at java.util.concurrent.ThreadPoolExecutor.runWorker(ThreadPoolExecutor.java:1136)
	at java.util.concurrent.ThreadPoolExecutor$Worker.run(ThreadPoolExecutor.java:635)
	at java.lang.Thread.run(Thread.java:842)
Caused by: java.io.IOException: CreateProcess error=2, El sistema no puede encontrar el archivo especificado
	at java.lang.ProcessImpl.create(Native Method)
	at java.lang.ProcessImpl.<init>(ProcessImpl.java:499)
	at java.lang.ProcessImpl.start(ProcessImpl.java:158)
	at java.lang.ProcessBuilder.start(ProcessBuilder.java:1110)
	at java.lang.ProcessBuilder.start(ProcessBuilder.java:1073)
	at scala.meta.internal.process.SystemProcess$.run(SystemProcess.scala:48)
	at scala.meta.internal.builds.ShellRunner$.runSync(ShellRunner.scala:152)
	at scala.meta.internal.metals.JdkVersion$.fromShell(JavaInteractiveSemanticdb.scala:238)
	at scala.meta.internal.metals.JdkVersion$.$anonfun$maybeJdkVersionFromJavaHome$3(JavaInteractiveSemanticdb.scala:229)
	at scala.Option.orElse(Option.scala:477)
	at scala.meta.internal.metals.JdkVersion$.$anonfun$maybeJdkVersionFromJavaHome$2(JavaInteractiveSemanticdb.scala:229)
	at scala.Option.flatMap(Option.scala:283)
	at scala.meta.internal.metals.JdkVersion$.maybeJdkVersionFromJavaHome(JavaInteractiveSemanticdb.scala:227)
	at scala.meta.internal.metals.ProjectMetalsLspService.$anonfun$getProjectsJavaInfo$5(ProjectMetalsLspService.scala:529)
	at scala.Option.orElse(Option.scala:477)
	at scala.meta.internal.metals.ProjectMetalsLspService.$anonfun$getProjectsJavaInfo$3(ProjectMetalsLspService.scala:529)
	at scala.Option.flatMap(Option.scala:283)
	at scala.meta.internal.metals.ProjectMetalsLspService.$anonfun$getProjectsJavaInfo$1(ProjectMetalsLspService.scala:526)
	at scala.Option.flatMap(Option.scala:283)
	at scala.meta.internal.metals.ProjectMetalsLspService.getProjectsJavaInfo(ProjectMetalsLspService.scala:525)
	at scala.meta.internal.metals.ProjectMetalsLspService.$anonfun$projectInfo$3(ProjectMetalsLspService.scala:519)
	at scala.meta.internal.metals.doctor.MetalsServiceInfo$ProjectService.getJavaInfo(Doctor.scala:781)
	at scala.meta.internal.metals.doctor.Doctor.$anonfun$problemResolver$3(Doctor.scala:82)
	at scala.meta.internal.metals.doctor.ProblemResolver.javaSourcesProblem$1(ProblemResolver.scala:240)
	at scala.meta.internal.metals.doctor.ProblemResolver.$anonfun$findProblem$6(ProblemResolver.scala:308)
	at scala.Option.orElse(Option.scala:477)
	at scala.meta.internal.metals.doctor.ProblemResolver.findProblem(ProblemResolver.scala:308)
	at scala.meta.internal.metals.doctor.ProblemResolver.$anonfun$problemMessage$1(ProblemResolver.scala:67)
	at scala.collection.immutable.List.flatMap(List.scala:294)
	at scala.meta.internal.metals.doctor.ProblemResolver.problemMessage(ProblemResolver.scala:66)
	at scala.meta.internal.metals.doctor.Doctor.check(Doctor.scala:113)
	at scala.meta.internal.metals.MetalsLspService.check(MetalsLspService.scala:1547)
	at scala.meta.internal.metals.ProjectMetalsLspService.check(ProjectMetalsLspService.scala:813)
	at scala.meta.internal.metals.ProjectMetalsLspService.$anonfun$connectionProvider$1(ProjectMetalsLspService.scala:186)
	at scala.meta.internal.metals.Indexer.$anonfun$indexWorkspace$11(Indexer.scala:150)
	at scala.runtime.java8.JFunction0$mcV$sp.apply(JFunction0$mcV$sp.scala:18)
	at scala.meta.internal.metals.TimerProvider.timedThunk(TimerProvider.scala:25)
	at scala.meta.internal.metals.Indexer.indexWorkspace(Indexer.scala:150)
	at scala.meta.internal.metals.Indexer.$anonfun$profiledIndexWorkspace$2(Indexer.scala:57)
	at scala.runtime.java8.JFunction0$mcV$sp.apply(JFunction0$mcV$sp.scala:18)
	at scala.meta.internal.metals.TimerProvider.timedThunk(TimerProvider.scala:25)
	at scala.meta.internal.metals.Indexer.$anonfun$profiledIndexWorkspace$1(Indexer.scala:57)
	at scala.runtime.java8.JFunction0$mcV$sp.apply(JFunction0$mcV$sp.scala:18)
	at scala.concurrent.Future$.$anonfun$apply$1(Future.scala:687)
	at scala.concurrent.impl.Promise$Transformation.run(Promise.scala:467)
	at java.util.concurrent.ThreadPoolExecutor.runWorker(ThreadPoolExecutor.java:1136)
	at java.util.concurrent.ThreadPoolExecutor$Worker.run(ThreadPoolExecutor.java:635)
	at java.lang.Thread.run(Thread.java:842)

2025.07.14 07:15:02 ERROR Running process 'C:\Program Files\Java\jdk-17.0.12\bin\java -version' failed
java.io.IOException: Cannot run program "C:\Program Files\Java\jdk-17.0.12\bin\java" (in directory "C:\Program Files\Java\jdk-17.0.12"): CreateProcess error=2, El sistema no puede encontrar el archivo especificado
	at java.lang.ProcessBuilder.start(ProcessBuilder.java:1143)
	at java.lang.ProcessBuilder.start(ProcessBuilder.java:1073)
	at scala.meta.internal.process.SystemProcess$.run(SystemProcess.scala:48)
	at scala.meta.internal.builds.ShellRunner$.runSync(ShellRunner.scala:152)
	at scala.meta.internal.metals.JdkVersion$.fromShell(JavaInteractiveSemanticdb.scala:238)
	at scala.meta.internal.metals.JdkVersion$.$anonfun$maybeJdkVersionFromJavaHome$3(JavaInteractiveSemanticdb.scala:229)
	at scala.Option.orElse(Option.scala:477)
	at scala.meta.internal.metals.JdkVersion$.$anonfun$maybeJdkVersionFromJavaHome$2(JavaInteractiveSemanticdb.scala:229)
	at scala.Option.flatMap(Option.scala:283)
	at scala.meta.internal.metals.JdkVersion$.maybeJdkVersionFromJavaHome(JavaInteractiveSemanticdb.scala:227)
	at scala.meta.internal.metals.ProjectMetalsLspService.$anonfun$getProjectsJavaInfo$5(ProjectMetalsLspService.scala:529)
	at scala.Option.orElse(Option.scala:477)
	at scala.meta.internal.metals.ProjectMetalsLspService.$anonfun$getProjectsJavaInfo$3(ProjectMetalsLspService.scala:529)
	at scala.Option.flatMap(Option.scala:283)
	at scala.meta.internal.metals.ProjectMetalsLspService.$anonfun$getProjectsJavaInfo$1(ProjectMetalsLspService.scala:526)
	at scala.Option.flatMap(Option.scala:283)
	at scala.meta.internal.metals.ProjectMetalsLspService.getProjectsJavaInfo(ProjectMetalsLspService.scala:525)
	at scala.meta.internal.metals.ProjectMetalsLspService.$anonfun$projectInfo$3(ProjectMetalsLspService.scala:519)
	at scala.meta.internal.metals.doctor.MetalsServiceInfo$ProjectService.getJavaInfo(Doctor.scala:781)
	at scala.meta.internal.metals.doctor.Doctor.$anonfun$problemResolver$3(Doctor.scala:82)
	at scala.meta.internal.metals.doctor.ProblemResolver.isWrongJavaRelease(ProblemResolver.scala:340)
	at scala.meta.internal.metals.doctor.ProblemResolver.findProblem(ProblemResolver.scala:331)
	at scala.meta.internal.metals.doctor.ProblemResolver.$anonfun$problemMessage$3(ProblemResolver.scala:88)
	at scala.collection.immutable.List.flatMap(List.scala:294)
	at scala.meta.internal.metals.doctor.ProblemResolver.problemMessage(ProblemResolver.scala:87)
	at scala.meta.internal.metals.doctor.Doctor.check(Doctor.scala:113)
	at scala.meta.internal.metals.MetalsLspService.check(MetalsLspService.scala:1547)
	at scala.meta.internal.metals.ProjectMetalsLspService.check(ProjectMetalsLspService.scala:813)
	at scala.meta.internal.metals.ProjectMetalsLspService.$anonfun$connectionProvider$1(ProjectMetalsLspService.scala:186)
	at scala.meta.internal.metals.Indexer.$anonfun$indexWorkspace$11(Indexer.scala:150)
	at scala.runtime.java8.JFunction0$mcV$sp.apply(JFunction0$mcV$sp.scala:18)
	at scala.meta.internal.metals.TimerProvider.timedThunk(TimerProvider.scala:25)
	at scala.meta.internal.metals.Indexer.indexWorkspace(Indexer.scala:150)
	at scala.meta.internal.metals.Indexer.$anonfun$profiledIndexWorkspace$2(Indexer.scala:57)
	at scala.runtime.java8.JFunction0$mcV$sp.apply(JFunction0$mcV$sp.scala:18)
	at scala.meta.internal.metals.TimerProvider.timedThunk(TimerProvider.scala:25)
	at scala.meta.internal.metals.Indexer.$anonfun$profiledIndexWorkspace$1(Indexer.scala:57)
	at scala.runtime.java8.JFunction0$mcV$sp.apply(JFunction0$mcV$sp.scala:18)
	at scala.concurrent.Future$.$anonfun$apply$1(Future.scala:687)
	at scala.concurrent.impl.Promise$Transformation.run(Promise.scala:467)
	at java.util.concurrent.ThreadPoolExecutor.runWorker(ThreadPoolExecutor.java:1136)
	at java.util.concurrent.ThreadPoolExecutor$Worker.run(ThreadPoolExecutor.java:635)
	at java.lang.Thread.run(Thread.java:842)
Caused by: java.io.IOException: CreateProcess error=2, El sistema no puede encontrar el archivo especificado
	at java.lang.ProcessImpl.create(Native Method)
	at java.lang.ProcessImpl.<init>(ProcessImpl.java:499)
	at java.lang.ProcessImpl.start(ProcessImpl.java:158)
	at java.lang.ProcessBuilder.start(ProcessBuilder.java:1110)
	at java.lang.ProcessBuilder.start(ProcessBuilder.java:1073)
	at scala.meta.internal.process.SystemProcess$.run(SystemProcess.scala:48)
	at scala.meta.internal.builds.ShellRunner$.runSync(ShellRunner.scala:152)
	at scala.meta.internal.metals.JdkVersion$.fromShell(JavaInteractiveSemanticdb.scala:238)
	at scala.meta.internal.metals.JdkVersion$.$anonfun$maybeJdkVersionFromJavaHome$3(JavaInteractiveSemanticdb.scala:229)
	at scala.Option.orElse(Option.scala:477)
	at scala.meta.internal.metals.JdkVersion$.$anonfun$maybeJdkVersionFromJavaHome$2(JavaInteractiveSemanticdb.scala:229)
	at scala.Option.flatMap(Option.scala:283)
	at scala.meta.internal.metals.JdkVersion$.maybeJdkVersionFromJavaHome(JavaInteractiveSemanticdb.scala:227)
	at scala.meta.internal.metals.ProjectMetalsLspService.$anonfun$getProjectsJavaInfo$5(ProjectMetalsLspService.scala:529)
	at scala.Option.orElse(Option.scala:477)
	at scala.meta.internal.metals.ProjectMetalsLspService.$anonfun$getProjectsJavaInfo$3(ProjectMetalsLspService.scala:529)
	at scala.Option.flatMap(Option.scala:283)
	at scala.meta.internal.metals.ProjectMetalsLspService.$anonfun$getProjectsJavaInfo$1(ProjectMetalsLspService.scala:526)
	at scala.Option.flatMap(Option.scala:283)
	at scala.meta.internal.metals.ProjectMetalsLspService.getProjectsJavaInfo(ProjectMetalsLspService.scala:525)
	at scala.meta.internal.metals.ProjectMetalsLspService.$anonfun$projectInfo$3(ProjectMetalsLspService.scala:519)
	at scala.meta.internal.metals.doctor.MetalsServiceInfo$ProjectService.getJavaInfo(Doctor.scala:781)
	at scala.meta.internal.metals.doctor.Doctor.$anonfun$problemResolver$3(Doctor.scala:82)
	at scala.meta.internal.metals.doctor.ProblemResolver.isWrongJavaRelease(ProblemResolver.scala:340)
	at scala.meta.internal.metals.doctor.ProblemResolver.findProblem(ProblemResolver.scala:331)
	at scala.meta.internal.metals.doctor.ProblemResolver.$anonfun$problemMessage$3(ProblemResolver.scala:88)
	at scala.collection.immutable.List.flatMap(List.scala:294)
	at scala.meta.internal.metals.doctor.ProblemResolver.problemMessage(ProblemResolver.scala:87)
	at scala.meta.internal.metals.doctor.Doctor.check(Doctor.scala:113)
	at scala.meta.internal.metals.MetalsLspService.check(MetalsLspService.scala:1547)
	at scala.meta.internal.metals.ProjectMetalsLspService.check(ProjectMetalsLspService.scala:813)
	at scala.meta.internal.metals.ProjectMetalsLspService.$anonfun$connectionProvider$1(ProjectMetalsLspService.scala:186)
	at scala.meta.internal.metals.Indexer.$anonfun$indexWorkspace$11(Indexer.scala:150)
	at scala.runtime.java8.JFunction0$mcV$sp.apply(JFunction0$mcV$sp.scala:18)
	at scala.meta.internal.metals.TimerProvider.timedThunk(TimerProvider.scala:25)
	at scala.meta.internal.metals.Indexer.indexWorkspace(Indexer.scala:150)
	at scala.meta.internal.metals.Indexer.$anonfun$profiledIndexWorkspace$2(Indexer.scala:57)
	at scala.runtime.java8.JFunction0$mcV$sp.apply(JFunction0$mcV$sp.scala:18)
	at scala.meta.internal.metals.TimerProvider.timedThunk(TimerProvider.scala:25)
	at scala.meta.internal.metals.Indexer.$anonfun$profiledIndexWorkspace$1(Indexer.scala:57)
	at scala.runtime.java8.JFunction0$mcV$sp.apply(JFunction0$mcV$sp.scala:18)
	at scala.concurrent.Future$.$anonfun$apply$1(Future.scala:687)
	at scala.concurrent.impl.Promise$Transformation.run(Promise.scala:467)
	at java.util.concurrent.ThreadPoolExecutor.runWorker(ThreadPoolExecutor.java:1136)
	at java.util.concurrent.ThreadPoolExecutor$Worker.run(ThreadPoolExecutor.java:635)
	at java.lang.Thread.run(Thread.java:842)

2025.07.14 07:15:02 ERROR Running process 'C:\Program Files\Java\jdk-17.0.12\bin\java -version' failed
java.io.IOException: Cannot run program "C:\Program Files\Java\jdk-17.0.12\bin\java" (in directory "C:\Program Files\Java\jdk-17.0.12"): CreateProcess error=2, El sistema no puede encontrar el archivo especificado
	at java.lang.ProcessBuilder.start(ProcessBuilder.java:1143)
	at java.lang.ProcessBuilder.start(ProcessBuilder.java:1073)
	at scala.meta.internal.process.SystemProcess$.run(SystemProcess.scala:48)
	at scala.meta.internal.builds.ShellRunner$.runSync(ShellRunner.scala:152)
	at scala.meta.internal.metals.JdkVersion$.fromShell(JavaInteractiveSemanticdb.scala:238)
	at scala.meta.internal.metals.JdkVersion$.$anonfun$maybeJdkVersionFromJavaHome$3(JavaInteractiveSemanticdb.scala:229)
	at scala.Option.orElse(Option.scala:477)
	at scala.meta.internal.metals.JdkVersion$.$anonfun$maybeJdkVersionFromJavaHome$2(JavaInteractiveSemanticdb.scala:229)
	at scala.Option.flatMap(Option.scala:283)
	at scala.meta.internal.metals.JdkVersion$.maybeJdkVersionFromJavaHome(JavaInteractiveSemanticdb.scala:227)
	at scala.meta.internal.metals.ProjectMetalsLspService.$anonfun$getProjectsJavaInfo$5(ProjectMetalsLspService.scala:529)
	at scala.Option.orElse(Option.scala:477)
	at scala.meta.internal.metals.ProjectMetalsLspService.$anonfun$getProjectsJavaInfo$3(ProjectMetalsLspService.scala:529)
	at scala.Option.flatMap(Option.scala:283)
	at scala.meta.internal.metals.ProjectMetalsLspService.$anonfun$getProjectsJavaInfo$1(ProjectMetalsLspService.scala:526)
	at scala.Option.flatMap(Option.scala:283)
	at scala.meta.internal.metals.ProjectMetalsLspService.getProjectsJavaInfo(ProjectMetalsLspService.scala:525)
	at scala.meta.internal.metals.ProjectMetalsLspService.$anonfun$projectInfo$3(ProjectMetalsLspService.scala:519)
	at scala.meta.internal.metals.doctor.MetalsServiceInfo$ProjectService.getJavaInfo(Doctor.scala:781)
	at scala.meta.internal.metals.doctor.Doctor.$anonfun$problemResolver$3(Doctor.scala:82)
	at scala.meta.internal.metals.doctor.ProblemResolver.isWrongJavaRelease(ProblemResolver.scala:340)
	at scala.meta.internal.metals.doctor.ProblemResolver.findProblem(ProblemResolver.scala:331)
	at scala.meta.internal.metals.doctor.ProblemResolver.$anonfun$problemMessage$3(ProblemResolver.scala:88)
	at scala.collection.immutable.List.flatMap(List.scala:294)
	at scala.meta.internal.metals.doctor.ProblemResolver.problemMessage(ProblemResolver.scala:87)
	at scala.meta.internal.metals.doctor.Doctor.check(Doctor.scala:113)
	at scala.meta.internal.metals.MetalsLspService.check(MetalsLspService.scala:1547)
	at scala.meta.internal.metals.ProjectMetalsLspService.check(ProjectMetalsLspService.scala:813)
	at scala.meta.internal.metals.ProjectMetalsLspService.$anonfun$connectionProvider$1(ProjectMetalsLspService.scala:186)
	at scala.meta.internal.metals.Indexer.$anonfun$indexWorkspace$11(Indexer.scala:150)
	at scala.runtime.java8.JFunction0$mcV$sp.apply(JFunction0$mcV$sp.scala:18)
	at scala.meta.internal.metals.TimerProvider.timedThunk(TimerProvider.scala:25)
	at scala.meta.internal.metals.Indexer.indexWorkspace(Indexer.scala:150)
	at scala.meta.internal.metals.Indexer.$anonfun$profiledIndexWorkspace$2(Indexer.scala:57)
	at scala.runtime.java8.JFunction0$mcV$sp.apply(JFunction0$mcV$sp.scala:18)
	at scala.meta.internal.metals.TimerProvider.timedThunk(TimerProvider.scala:25)
	at scala.meta.internal.metals.Indexer.$anonfun$profiledIndexWorkspace$1(Indexer.scala:57)
	at scala.runtime.java8.JFunction0$mcV$sp.apply(JFunction0$mcV$sp.scala:18)
	at scala.concurrent.Future$.$anonfun$apply$1(Future.scala:687)
	at scala.concurrent.impl.Promise$Transformation.run(Promise.scala:467)
	at java.util.concurrent.ThreadPoolExecutor.runWorker(ThreadPoolExecutor.java:1136)
	at java.util.concurrent.ThreadPoolExecutor$Worker.run(ThreadPoolExecutor.java:635)
	at java.lang.Thread.run(Thread.java:842)
Caused by: java.io.IOException: CreateProcess error=2, El sistema no puede encontrar el archivo especificado
	at java.lang.ProcessImpl.create(Native Method)
	at java.lang.ProcessImpl.<init>(ProcessImpl.java:499)
	at java.lang.ProcessImpl.start(ProcessImpl.java:158)
	at java.lang.ProcessBuilder.start(ProcessBuilder.java:1110)
	at java.lang.ProcessBuilder.start(ProcessBuilder.java:1073)
	at scala.meta.internal.process.SystemProcess$.run(SystemProcess.scala:48)
	at scala.meta.internal.builds.ShellRunner$.runSync(ShellRunner.scala:152)
	at scala.meta.internal.metals.JdkVersion$.fromShell(JavaInteractiveSemanticdb.scala:238)
	at scala.meta.internal.metals.JdkVersion$.$anonfun$maybeJdkVersionFromJavaHome$3(JavaInteractiveSemanticdb.scala:229)
	at scala.Option.orElse(Option.scala:477)
	at scala.meta.internal.metals.JdkVersion$.$anonfun$maybeJdkVersionFromJavaHome$2(JavaInteractiveSemanticdb.scala:229)
	at scala.Option.flatMap(Option.scala:283)
	at scala.meta.internal.metals.JdkVersion$.maybeJdkVersionFromJavaHome(JavaInteractiveSemanticdb.scala:227)
	at scala.meta.internal.metals.ProjectMetalsLspService.$anonfun$getProjectsJavaInfo$5(ProjectMetalsLspService.scala:529)
	at scala.Option.orElse(Option.scala:477)
	at scala.meta.internal.metals.ProjectMetalsLspService.$anonfun$getProjectsJavaInfo$3(ProjectMetalsLspService.scala:529)
	at scala.Option.flatMap(Option.scala:283)
	at scala.meta.internal.metals.ProjectMetalsLspService.$anonfun$getProjectsJavaInfo$1(ProjectMetalsLspService.scala:526)
	at scala.Option.flatMap(Option.scala:283)
	at scala.meta.internal.metals.ProjectMetalsLspService.getProjectsJavaInfo(ProjectMetalsLspService.scala:525)
	at scala.meta.internal.metals.ProjectMetalsLspService.$anonfun$projectInfo$3(ProjectMetalsLspService.scala:519)
	at scala.meta.internal.metals.doctor.MetalsServiceInfo$ProjectService.getJavaInfo(Doctor.scala:781)
	at scala.meta.internal.metals.doctor.Doctor.$anonfun$problemResolver$3(Doctor.scala:82)
	at scala.meta.internal.metals.doctor.ProblemResolver.isWrongJavaRelease(ProblemResolver.scala:340)
	at scala.meta.internal.metals.doctor.ProblemResolver.findProblem(ProblemResolver.scala:331)
	at scala.meta.internal.metals.doctor.ProblemResolver.$anonfun$problemMessage$3(ProblemResolver.scala:88)
	at scala.collection.immutable.List.flatMap(List.scala:294)
	at scala.meta.internal.metals.doctor.ProblemResolver.problemMessage(ProblemResolver.scala:87)
	at scala.meta.internal.metals.doctor.Doctor.check(Doctor.scala:113)
	at scala.meta.internal.metals.MetalsLspService.check(MetalsLspService.scala:1547)
	at scala.meta.internal.metals.ProjectMetalsLspService.check(ProjectMetalsLspService.scala:813)
	at scala.meta.internal.metals.ProjectMetalsLspService.$anonfun$connectionProvider$1(ProjectMetalsLspService.scala:186)
	at scala.meta.internal.metals.Indexer.$anonfun$indexWorkspace$11(Indexer.scala:150)
	at scala.runtime.java8.JFunction0$mcV$sp.apply(JFunction0$mcV$sp.scala:18)
	at scala.meta.internal.metals.TimerProvider.timedThunk(TimerProvider.scala:25)
	at scala.meta.internal.metals.Indexer.indexWorkspace(Indexer.scala:150)
	at scala.meta.internal.metals.Indexer.$anonfun$profiledIndexWorkspace$2(Indexer.scala:57)
	at scala.runtime.java8.JFunction0$mcV$sp.apply(JFunction0$mcV$sp.scala:18)
	at scala.meta.internal.metals.TimerProvider.timedThunk(TimerProvider.scala:25)
	at scala.meta.internal.metals.Indexer.$anonfun$profiledIndexWorkspace$1(Indexer.scala:57)
	at scala.runtime.java8.JFunction0$mcV$sp.apply(JFunction0$mcV$sp.scala:18)
	at scala.concurrent.Future$.$anonfun$apply$1(Future.scala:687)
	at scala.concurrent.impl.Promise$Transformation.run(Promise.scala:467)
	at java.util.concurrent.ThreadPoolExecutor.runWorker(ThreadPoolExecutor.java:1136)
	at java.util.concurrent.ThreadPoolExecutor$Worker.run(ThreadPoolExecutor.java:635)
	at java.lang.Thread.run(Thread.java:842)

2025.07.14 07:15:02 ERROR Running process 'C:\Program Files\Java\jdk-17.0.12\bin\java -version' failed
java.io.IOException: Cannot run program "C:\Program Files\Java\jdk-17.0.12\bin\java" (in directory "C:\Program Files\Java\jdk-17.0.12"): CreateProcess error=2, El sistema no puede encontrar el archivo especificado
	at java.lang.ProcessBuilder.start(ProcessBuilder.java:1143)
	at java.lang.ProcessBuilder.start(ProcessBuilder.java:1073)
	at scala.meta.internal.process.SystemProcess$.run(SystemProcess.scala:48)
	at scala.meta.internal.builds.ShellRunner$.runSync(ShellRunner.scala:152)
	at scala.meta.internal.metals.JdkVersion$.fromShell(JavaInteractiveSemanticdb.scala:238)
	at scala.meta.internal.metals.JdkVersion$.$anonfun$maybeJdkVersionFromJavaHome$3(JavaInteractiveSemanticdb.scala:229)
	at scala.Option.orElse(Option.scala:477)
	at scala.meta.internal.metals.JdkVersion$.$anonfun$maybeJdkVersionFromJavaHome$2(JavaInteractiveSemanticdb.scala:229)
	at scala.Option.flatMap(Option.scala:283)
	at scala.meta.internal.metals.JdkVersion$.maybeJdkVersionFromJavaHome(JavaInteractiveSemanticdb.scala:227)
	at scala.meta.internal.metals.ProjectMetalsLspService.$anonfun$getProjectsJavaInfo$5(ProjectMetalsLspService.scala:529)
	at scala.Option.orElse(Option.scala:477)
	at scala.meta.internal.metals.ProjectMetalsLspService.$anonfun$getProjectsJavaInfo$3(ProjectMetalsLspService.scala:529)
	at scala.Option.flatMap(Option.scala:283)
	at scala.meta.internal.metals.ProjectMetalsLspService.$anonfun$getProjectsJavaInfo$1(ProjectMetalsLspService.scala:526)
	at scala.Option.flatMap(Option.scala:283)
	at scala.meta.internal.metals.ProjectMetalsLspService.getProjectsJavaInfo(ProjectMetalsLspService.scala:525)
	at scala.meta.internal.metals.ProjectMetalsLspService.$anonfun$projectInfo$3(ProjectMetalsLspService.scala:519)
	at scala.meta.internal.metals.doctor.MetalsServiceInfo$ProjectService.getJavaInfo(Doctor.scala:781)
	at scala.meta.internal.metals.doctor.Doctor.$anonfun$problemResolver$3(Doctor.scala:82)
	at scala.meta.internal.metals.doctor.ProblemResolver.isWrongJavaRelease(ProblemResolver.scala:340)
	at scala.meta.internal.metals.doctor.ProblemResolver.findProblem(ProblemResolver.scala:331)
	at scala.meta.internal.metals.doctor.ProblemResolver.$anonfun$problemMessage$3(ProblemResolver.scala:88)
	at scala.collection.immutable.List.flatMap(List.scala:294)
	at scala.meta.internal.metals.doctor.ProblemResolver.problemMessage(ProblemResolver.scala:87)
	at scala.meta.internal.metals.doctor.Doctor.check(Doctor.scala:113)
	at scala.meta.internal.metals.MetalsLspService.check(MetalsLspService.scala:1547)
	at scala.meta.internal.metals.ProjectMetalsLspService.check(ProjectMetalsLspService.scala:813)
	at scala.meta.internal.metals.ProjectMetalsLspService.$anonfun$connectionProvider$1(ProjectMetalsLspService.scala:186)
	at scala.meta.internal.metals.Indexer.$anonfun$indexWorkspace$11(Indexer.scala:150)
	at scala.runtime.java8.JFunction0$mcV$sp.apply(JFunction0$mcV$sp.scala:18)
	at scala.meta.internal.metals.TimerProvider.timedThunk(TimerProvider.scala:25)
	at scala.meta.internal.metals.Indexer.indexWorkspace(Indexer.scala:150)
	at scala.meta.internal.metals.Indexer.$anonfun$profiledIndexWorkspace$2(Indexer.scala:57)
	at scala.runtime.java8.JFunction0$mcV$sp.apply(JFunction0$mcV$sp.scala:18)
	at scala.meta.internal.metals.TimerProvider.timedThunk(TimerProvider.scala:25)
	at scala.meta.internal.metals.Indexer.$anonfun$profiledIndexWorkspace$1(Indexer.scala:57)
	at scala.runtime.java8.JFunction0$mcV$sp.apply(JFunction0$mcV$sp.scala:18)
	at scala.concurrent.Future$.$anonfun$apply$1(Future.scala:687)
	at scala.concurrent.impl.Promise$Transformation.run(Promise.scala:467)
	at java.util.concurrent.ThreadPoolExecutor.runWorker(ThreadPoolExecutor.java:1136)
	at java.util.concurrent.ThreadPoolExecutor$Worker.run(ThreadPoolExecutor.java:635)
	at java.lang.Thread.run(Thread.java:842)
Caused by: java.io.IOException: CreateProcess error=2, El sistema no puede encontrar el archivo especificado
	at java.lang.ProcessImpl.create(Native Method)
	at java.lang.ProcessImpl.<init>(ProcessImpl.java:499)
	at java.lang.ProcessImpl.start(ProcessImpl.java:158)
	at java.lang.ProcessBuilder.start(ProcessBuilder.java:1110)
	at java.lang.ProcessBuilder.start(ProcessBuilder.java:1073)
	at scala.meta.internal.process.SystemProcess$.run(SystemProcess.scala:48)
	at scala.meta.internal.builds.ShellRunner$.runSync(ShellRunner.scala:152)
	at scala.meta.internal.metals.JdkVersion$.fromShell(JavaInteractiveSemanticdb.scala:238)
	at scala.meta.internal.metals.JdkVersion$.$anonfun$maybeJdkVersionFromJavaHome$3(JavaInteractiveSemanticdb.scala:229)
	at scala.Option.orElse(Option.scala:477)
	at scala.meta.internal.metals.JdkVersion$.$anonfun$maybeJdkVersionFromJavaHome$2(JavaInteractiveSemanticdb.scala:229)
	at scala.Option.flatMap(Option.scala:283)
	at scala.meta.internal.metals.JdkVersion$.maybeJdkVersionFromJavaHome(JavaInteractiveSemanticdb.scala:227)
	at scala.meta.internal.metals.ProjectMetalsLspService.$anonfun$getProjectsJavaInfo$5(ProjectMetalsLspService.scala:529)
	at scala.Option.orElse(Option.scala:477)
	at scala.meta.internal.metals.ProjectMetalsLspService.$anonfun$getProjectsJavaInfo$3(ProjectMetalsLspService.scala:529)
	at scala.Option.flatMap(Option.scala:283)
	at scala.meta.internal.metals.ProjectMetalsLspService.$anonfun$getProjectsJavaInfo$1(ProjectMetalsLspService.scala:526)
	at scala.Option.flatMap(Option.scala:283)
	at scala.meta.internal.metals.ProjectMetalsLspService.getProjectsJavaInfo(ProjectMetalsLspService.scala:525)
	at scala.meta.internal.metals.ProjectMetalsLspService.$anonfun$projectInfo$3(ProjectMetalsLspService.scala:519)
	at scala.meta.internal.metals.doctor.MetalsServiceInfo$ProjectService.getJavaInfo(Doctor.scala:781)
	at scala.meta.internal.metals.doctor.Doctor.$anonfun$problemResolver$3(Doctor.scala:82)
	at scala.meta.internal.metals.doctor.ProblemResolver.isWrongJavaRelease(ProblemResolver.scala:340)
	at scala.meta.internal.metals.doctor.ProblemResolver.findProblem(ProblemResolver.scala:331)
	at scala.meta.internal.metals.doctor.ProblemResolver.$anonfun$problemMessage$3(ProblemResolver.scala:88)
	at scala.collection.immutable.List.flatMap(List.scala:294)
	at scala.meta.internal.metals.doctor.ProblemResolver.problemMessage(ProblemResolver.scala:87)
	at scala.meta.internal.metals.doctor.Doctor.check(Doctor.scala:113)
	at scala.meta.internal.metals.MetalsLspService.check(MetalsLspService.scala:1547)
	at scala.meta.internal.metals.ProjectMetalsLspService.check(ProjectMetalsLspService.scala:813)
	at scala.meta.internal.metals.ProjectMetalsLspService.$anonfun$connectionProvider$1(ProjectMetalsLspService.scala:186)
	at scala.meta.internal.metals.Indexer.$anonfun$indexWorkspace$11(Indexer.scala:150)
	at scala.runtime.java8.JFunction0$mcV$sp.apply(JFunction0$mcV$sp.scala:18)
	at scala.meta.internal.metals.TimerProvider.timedThunk(TimerProvider.scala:25)
	at scala.meta.internal.metals.Indexer.indexWorkspace(Indexer.scala:150)
	at scala.meta.internal.metals.Indexer.$anonfun$profiledIndexWorkspace$2(Indexer.scala:57)
	at scala.runtime.java8.JFunction0$mcV$sp.apply(JFunction0$mcV$sp.scala:18)
	at scala.meta.internal.metals.TimerProvider.timedThunk(TimerProvider.scala:25)
	at scala.meta.internal.metals.Indexer.$anonfun$profiledIndexWorkspace$1(Indexer.scala:57)
	at scala.runtime.java8.JFunction0$mcV$sp.apply(JFunction0$mcV$sp.scala:18)
	at scala.concurrent.Future$.$anonfun$apply$1(Future.scala:687)
	at scala.concurrent.impl.Promise$Transformation.run(Promise.scala:467)
	at java.util.concurrent.ThreadPoolExecutor.runWorker(ThreadPoolExecutor.java:1136)
	at java.util.concurrent.ThreadPoolExecutor$Worker.run(ThreadPoolExecutor.java:635)
	at java.lang.Thread.run(Thread.java:842)

2025.07.14 07:15:02 ERROR Running process 'C:\Program Files\Java\jdk-17.0.12\bin\java -version' failed
java.io.IOException: Cannot run program "C:\Program Files\Java\jdk-17.0.12\bin\java" (in directory "C:\Program Files\Java\jdk-17.0.12"): CreateProcess error=2, El sistema no puede encontrar el archivo especificado
	at java.lang.ProcessBuilder.start(ProcessBuilder.java:1143)
	at java.lang.ProcessBuilder.start(ProcessBuilder.java:1073)
	at scala.meta.internal.process.SystemProcess$.run(SystemProcess.scala:48)
	at scala.meta.internal.builds.ShellRunner$.runSync(ShellRunner.scala:152)
	at scala.meta.internal.metals.JdkVersion$.fromShell(JavaInteractiveSemanticdb.scala:238)
	at scala.meta.internal.metals.JdkVersion$.$anonfun$maybeJdkVersionFromJavaHome$3(JavaInteractiveSemanticdb.scala:229)
	at scala.Option.orElse(Option.scala:477)
	at scala.meta.internal.metals.JdkVersion$.$anonfun$maybeJdkVersionFromJavaHome$2(JavaInteractiveSemanticdb.scala:229)
	at scala.Option.flatMap(Option.scala:283)
	at scala.meta.internal.metals.JdkVersion$.maybeJdkVersionFromJavaHome(JavaInteractiveSemanticdb.scala:227)
	at scala.meta.internal.metals.ProjectMetalsLspService.$anonfun$getProjectsJavaInfo$5(ProjectMetalsLspService.scala:529)
	at scala.Option.orElse(Option.scala:477)
	at scala.meta.internal.metals.ProjectMetalsLspService.$anonfun$getProjectsJavaInfo$3(ProjectMetalsLspService.scala:529)
	at scala.Option.flatMap(Option.scala:283)
	at scala.meta.internal.metals.ProjectMetalsLspService.$anonfun$getProjectsJavaInfo$1(ProjectMetalsLspService.scala:526)
	at scala.Option.flatMap(Option.scala:283)
	at scala.meta.internal.metals.ProjectMetalsLspService.getProjectsJavaInfo(ProjectMetalsLspService.scala:525)
	at scala.meta.internal.metals.ProjectMetalsLspService.$anonfun$projectInfo$3(ProjectMetalsLspService.scala:519)
	at scala.meta.internal.metals.doctor.MetalsServiceInfo$ProjectService.getJavaInfo(Doctor.scala:781)
	at scala.meta.internal.metals.doctor.Doctor.$anonfun$problemResolver$3(Doctor.scala:82)
	at scala.meta.internal.metals.doctor.ProblemResolver.isWrongJavaRelease(ProblemResolver.scala:340)
	at scala.meta.internal.metals.doctor.ProblemResolver.findProblem(ProblemResolver.scala:331)
	at scala.meta.internal.metals.doctor.ProblemResolver.$anonfun$problemMessage$3(ProblemResolver.scala:88)
	at scala.collection.immutable.List.flatMap(List.scala:294)
	at scala.meta.internal.metals.doctor.ProblemResolver.problemMessage(ProblemResolver.scala:87)
	at scala.meta.internal.metals.doctor.Doctor.check(Doctor.scala:113)
	at scala.meta.internal.metals.MetalsLspService.check(MetalsLspService.scala:1547)
	at scala.meta.internal.metals.ProjectMetalsLspService.check(ProjectMetalsLspService.scala:813)
	at scala.meta.internal.metals.ProjectMetalsLspService.$anonfun$connectionProvider$1(ProjectMetalsLspService.scala:186)
	at scala.meta.internal.metals.Indexer.$anonfun$indexWorkspace$11(Indexer.scala:150)
	at scala.runtime.java8.JFunction0$mcV$sp.apply(JFunction0$mcV$sp.scala:18)
	at scala.meta.internal.metals.TimerProvider.timedThunk(TimerProvider.scala:25)
	at scala.meta.internal.metals.Indexer.indexWorkspace(Indexer.scala:150)
	at scala.meta.internal.metals.Indexer.$anonfun$profiledIndexWorkspace$2(Indexer.scala:57)
	at scala.runtime.java8.JFunction0$mcV$sp.apply(JFunction0$mcV$sp.scala:18)
	at scala.meta.internal.metals.TimerProvider.timedThunk(TimerProvider.scala:25)
	at scala.meta.internal.metals.Indexer.$anonfun$profiledIndexWorkspace$1(Indexer.scala:57)
	at scala.runtime.java8.JFunction0$mcV$sp.apply(JFunction0$mcV$sp.scala:18)
	at scala.concurrent.Future$.$anonfun$apply$1(Future.scala:687)
	at scala.concurrent.impl.Promise$Transformation.run(Promise.scala:467)
	at java.util.concurrent.ThreadPoolExecutor.runWorker(ThreadPoolExecutor.java:1136)
	at java.util.concurrent.ThreadPoolExecutor$Worker.run(ThreadPoolExecutor.java:635)
	at java.lang.Thread.run(Thread.java:842)
Caused by: java.io.IOException: CreateProcess error=2, El sistema no puede encontrar el archivo especificado
	at java.lang.ProcessImpl.create(Native Method)
	at java.lang.ProcessImpl.<init>(ProcessImpl.java:499)
	at java.lang.ProcessImpl.start(ProcessImpl.java:158)
	at java.lang.ProcessBuilder.start(ProcessBuilder.java:1110)
	at java.lang.ProcessBuilder.start(ProcessBuilder.java:1073)
	at scala.meta.internal.process.SystemProcess$.run(SystemProcess.scala:48)
	at scala.meta.internal.builds.ShellRunner$.runSync(ShellRunner.scala:152)
	at scala.meta.internal.metals.JdkVersion$.fromShell(JavaInteractiveSemanticdb.scala:238)
	at scala.meta.internal.metals.JdkVersion$.$anonfun$maybeJdkVersionFromJavaHome$3(JavaInteractiveSemanticdb.scala:229)
	at scala.Option.orElse(Option.scala:477)
	at scala.meta.internal.metals.JdkVersion$.$anonfun$maybeJdkVersionFromJavaHome$2(JavaInteractiveSemanticdb.scala:229)
	at scala.Option.flatMap(Option.scala:283)
	at scala.meta.internal.metals.JdkVersion$.maybeJdkVersionFromJavaHome(JavaInteractiveSemanticdb.scala:227)
	at scala.meta.internal.metals.ProjectMetalsLspService.$anonfun$getProjectsJavaInfo$5(ProjectMetalsLspService.scala:529)
	at scala.Option.orElse(Option.scala:477)
	at scala.meta.internal.metals.ProjectMetalsLspService.$anonfun$getProjectsJavaInfo$3(ProjectMetalsLspService.scala:529)
	at scala.Option.flatMap(Option.scala:283)
	at scala.meta.internal.metals.ProjectMetalsLspService.$anonfun$getProjectsJavaInfo$1(ProjectMetalsLspService.scala:526)
	at scala.Option.flatMap(Option.scala:283)
	at scala.meta.internal.metals.ProjectMetalsLspService.getProjectsJavaInfo(ProjectMetalsLspService.scala:525)
	at scala.meta.internal.metals.ProjectMetalsLspService.$anonfun$projectInfo$3(ProjectMetalsLspService.scala:519)
	at scala.meta.internal.metals.doctor.MetalsServiceInfo$ProjectService.getJavaInfo(Doctor.scala:781)
	at scala.meta.internal.metals.doctor.Doctor.$anonfun$problemResolver$3(Doctor.scala:82)
	at scala.meta.internal.metals.doctor.ProblemResolver.isWrongJavaRelease(ProblemResolver.scala:340)
	at scala.meta.internal.metals.doctor.ProblemResolver.findProblem(ProblemResolver.scala:331)
	at scala.meta.internal.metals.doctor.ProblemResolver.$anonfun$problemMessage$3(ProblemResolver.scala:88)
	at scala.collection.immutable.List.flatMap(List.scala:294)
	at scala.meta.internal.metals.doctor.ProblemResolver.problemMessage(ProblemResolver.scala:87)
	at scala.meta.internal.metals.doctor.Doctor.check(Doctor.scala:113)
	at scala.meta.internal.metals.MetalsLspService.check(MetalsLspService.scala:1547)
	at scala.meta.internal.metals.ProjectMetalsLspService.check(ProjectMetalsLspService.scala:813)
	at scala.meta.internal.metals.ProjectMetalsLspService.$anonfun$connectionProvider$1(ProjectMetalsLspService.scala:186)
	at scala.meta.internal.metals.Indexer.$anonfun$indexWorkspace$11(Indexer.scala:150)
	at scala.runtime.java8.JFunction0$mcV$sp.apply(JFunction0$mcV$sp.scala:18)
	at scala.meta.internal.metals.TimerProvider.timedThunk(TimerProvider.scala:25)
	at scala.meta.internal.metals.Indexer.indexWorkspace(Indexer.scala:150)
	at scala.meta.internal.metals.Indexer.$anonfun$profiledIndexWorkspace$2(Indexer.scala:57)
	at scala.runtime.java8.JFunction0$mcV$sp.apply(JFunction0$mcV$sp.scala:18)
	at scala.meta.internal.metals.TimerProvider.timedThunk(TimerProvider.scala:25)
	at scala.meta.internal.metals.Indexer.$anonfun$profiledIndexWorkspace$1(Indexer.scala:57)
	at scala.runtime.java8.JFunction0$mcV$sp.apply(JFunction0$mcV$sp.scala:18)
	at scala.concurrent.Future$.$anonfun$apply$1(Future.scala:687)
	at scala.concurrent.impl.Promise$Transformation.run(Promise.scala:467)
	at java.util.concurrent.ThreadPoolExecutor.runWorker(ThreadPoolExecutor.java:1136)
	at java.util.concurrent.ThreadPoolExecutor$Worker.run(ThreadPoolExecutor.java:635)
	at java.lang.Thread.run(Thread.java:842)

2025.07.14 07:15:12 WARN  unexpected dependency: C:\Users\oscar\AppData\Local\Coursier\Cache\v1\https\repo1.maven.org\maven2\org\scala-lang\scala-library\2.13.16\scala-library-2.13.16-sources.jar
2025.07.14 07:15:12 WARN  unexpected dependency: C:\Users\oscar\AppData\Local\Coursier\Cache\v1\https\repo1.maven.org\maven2\org\playframework\twirl\twirl-api_2.13\2.0.8\twirl-api_2.13-2.0.8-sources.jar
2025.07.14 07:15:12 WARN  unexpected dependency: C:\Users\oscar\AppData\Local\Coursier\Cache\v1\https\repo1.maven.org\maven2\org\playframework\play-server_2.13\3.0.7\play-server_2.13-3.0.7-sources.jar
2025.07.14 07:15:12 WARN  unexpected dependency: C:\Users\oscar\AppData\Local\Coursier\Cache\v1\https\repo1.maven.org\maven2\org\playframework\play-logback_2.13\3.0.7\play-logback_2.13-3.0.7-sources.jar
2025.07.14 07:15:12 WARN  unexpected dependency: C:\Users\oscar\AppData\Local\Coursier\Cache\v1\https\repo1.maven.org\maven2\org\playframework\play-pekko-http-server_2.13\3.0.7\play-pekko-http-server_2.13-3.0.7-sources.jar
2025.07.14 07:15:12 WARN  unexpected dependency: C:\Users\oscar\AppData\Local\Coursier\Cache\v1\https\repo1.maven.org\maven2\org\playframework\play-filters-helpers_2.13\3.0.7\play-filters-helpers_2.13-3.0.7-sources.jar
2025.07.14 07:15:12 WARN  unexpected dependency: C:\Users\oscar\AppData\Local\Coursier\Cache\v1\https\repo1.maven.org\maven2\org\playframework\play-guice_2.13\3.0.7\play-guice_2.13-3.0.7-sources.jar
2025.07.14 07:15:12 WARN  unexpected dependency: C:\Users\oscar\AppData\Local\Coursier\Cache\v1\https\repo1.maven.org\maven2\org\mongodb\scala\mongo-scala-driver_2.13\4.11.0\mongo-scala-driver_2.13-4.11.0-sources.jar
2025.07.14 07:15:12 WARN  unexpected dependency: C:\Users\oscar\AppData\Local\Coursier\Cache\v1\https\repo1.maven.org\maven2\com\typesafe\play\play-json_2.13\2.9.4\play-json_2.13-2.9.4-sources.jar
2025.07.14 07:15:12 WARN  unexpected dependency: C:\Users\oscar\AppData\Local\Coursier\Cache\v1\https\repo1.maven.org\maven2\org\scala-lang\modules\scala-xml_2.13\2.2.0\scala-xml_2.13-2.2.0-sources.jar
2025.07.14 07:15:12 WARN  unexpected dependency: C:\Users\oscar\AppData\Local\Coursier\Cache\v1\https\repo1.maven.org\maven2\org\playframework\play_2.13\3.0.7\play_2.13-3.0.7-sources.jar
2025.07.14 07:15:12 WARN  unexpected dependency: C:\Users\oscar\AppData\Local\Coursier\Cache\v1\https\repo1.maven.org\maven2\ch\qos\logback\logback-classic\1.5.17\logback-classic-1.5.17-sources.jar
2025.07.14 07:15:12 WARN  unexpected dependency: C:\Users\oscar\AppData\Local\Coursier\Cache\v1\https\repo1.maven.org\maven2\org\playframework\play-streams_2.13\3.0.7\play-streams_2.13-3.0.7-sources.jar
2025.07.14 07:15:12 WARN  unexpected dependency: C:\Users\oscar\AppData\Local\Coursier\Cache\v1\https\repo1.maven.org\maven2\org\apache\pekko\pekko-http-core_2.13\1.0.1\pekko-http-core_2.13-1.0.1-sources.jar
2025.07.14 07:15:12 WARN  unexpected dependency: C:\Users\oscar\AppData\Local\Coursier\Cache\v1\https\repo1.maven.org\maven2\com\google\inject\guice\6.0.0\guice-6.0.0-sources.jar
2025.07.14 07:15:12 WARN  unexpected dependency: C:\Users\oscar\AppData\Local\Coursier\Cache\v1\https\repo1.maven.org\maven2\com\google\inject\extensions\guice-assistedinject\6.0.0\guice-assistedinject-6.0.0-sources.jar
2025.07.14 07:15:12 WARN  unexpected dependency: C:\Users\oscar\AppData\Local\Coursier\Cache\v1\https\repo1.maven.org\maven2\org\scala-lang\scala-reflect\2.13.16\scala-reflect-2.13.16-sources.jar
2025.07.14 07:15:12 WARN  unexpected dependency: C:\Users\oscar\AppData\Local\Coursier\Cache\v1\https\repo1.maven.org\maven2\org\mongodb\scala\mongo-scala-bson_2.13\4.11.0\mongo-scala-bson_2.13-4.11.0-sources.jar
2025.07.14 07:15:12 WARN  unexpected dependency: C:\Users\oscar\AppData\Local\Coursier\Cache\v1\https\repo1.maven.org\maven2\org\mongodb\mongodb-driver-reactivestreams\4.11.0\mongodb-driver-reactivestreams-4.11.0-sources.jar
2025.07.14 07:15:12 WARN  unexpected dependency: C:\Users\oscar\AppData\Local\Coursier\Cache\v1\https\repo1.maven.org\maven2\com\typesafe\play\play-functional_2.13\2.9.4\play-functional_2.13-2.9.4-sources.jar
2025.07.14 07:15:12 WARN  unexpected dependency: C:\Users\oscar\AppData\Local\Coursier\Cache\v1\https\repo1.maven.org\maven2\com\fasterxml\jackson\core\jackson-core\2.14.3\jackson-core-2.14.3-sources.jar
2025.07.14 07:15:12 WARN  unexpected dependency: C:\Users\oscar\AppData\Local\Coursier\Cache\v1\https\repo1.maven.org\maven2\com\fasterxml\jackson\core\jackson-annotations\2.14.3\jackson-annotations-2.14.3-sources.jar
2025.07.14 07:15:12 WARN  unexpected dependency: C:\Users\oscar\AppData\Local\Coursier\Cache\v1\https\repo1.maven.org\maven2\com\fasterxml\jackson\datatype\jackson-datatype-jdk8\2.14.3\jackson-datatype-jdk8-2.14.3-sources.jar
2025.07.14 07:15:12 WARN  unexpected dependency: C:\Users\oscar\AppData\Local\Coursier\Cache\v1\https\repo1.maven.org\maven2\com\fasterxml\jackson\datatype\jackson-datatype-jsr310\2.14.3\jackson-datatype-jsr310-2.14.3-sources.jar
2025.07.14 07:15:12 WARN  unexpected dependency: C:\Users\oscar\AppData\Local\Coursier\Cache\v1\https\repo1.maven.org\maven2\com\fasterxml\jackson\core\jackson-databind\2.14.3\jackson-databind-2.14.3-sources.jar
2025.07.14 07:15:13 WARN  unexpected dependency: C:\Users\oscar\AppData\Local\Coursier\Cache\v1\https\repo1.maven.org\maven2\org\playframework\play-configuration_2.13\3.0.7\play-configuration_2.13-3.0.7-sources.jar
2025.07.14 07:15:13 WARN  unexpected dependency: C:\Users\oscar\AppData\Local\Coursier\Cache\v1\https\repo1.maven.org\maven2\org\slf4j\jul-to-slf4j\2.0.17\jul-to-slf4j-2.0.17-sources.jar
2025.07.14 07:15:13 WARN  unexpected dependency: C:\Users\oscar\AppData\Local\Coursier\Cache\v1\https\repo1.maven.org\maven2\org\slf4j\jcl-over-slf4j\2.0.17\jcl-over-slf4j-2.0.17-sources.jar
2025.07.14 07:15:13 WARN  unexpected dependency: C:\Users\oscar\AppData\Local\Coursier\Cache\v1\https\repo1.maven.org\maven2\org\apache\pekko\pekko-actor_2.13\1.0.3\pekko-actor_2.13-1.0.3-sources.jar
2025.07.14 07:15:13 WARN  unexpected dependency: C:\Users\oscar\AppData\Local\Coursier\Cache\v1\https\repo1.maven.org\maven2\org\apache\pekko\pekko-actor-typed_2.13\1.0.3\pekko-actor-typed_2.13-1.0.3-sources.jar
2025.07.14 07:15:13 WARN  unexpected dependency: C:\Users\oscar\AppData\Local\Coursier\Cache\v1\https\repo1.maven.org\maven2\org\apache\pekko\pekko-slf4j_2.13\1.0.3\pekko-slf4j_2.13-1.0.3-sources.jar
2025.07.14 07:15:13 WARN  unexpected dependency: C:\Users\oscar\AppData\Local\Coursier\Cache\v1\https\repo1.maven.org\maven2\org\apache\pekko\pekko-serialization-jackson_2.13\1.0.3\pekko-serialization-jackson_2.13-1.0.3-sources.jar
2025.07.14 07:15:13 WARN  unexpected dependency: C:\Users\oscar\AppData\Local\Coursier\Cache\v1\https\repo1.maven.org\maven2\com\fasterxml\jackson\dataformat\jackson-dataformat-cbor\2.14.3\jackson-dataformat-cbor-2.14.3-sources.jar
2025.07.14 07:15:13 WARN  unexpected dependency: C:\Users\oscar\AppData\Local\Coursier\Cache\v1\https\repo1.maven.org\maven2\com\fasterxml\jackson\module\jackson-module-parameter-names\2.14.3\jackson-module-parameter-names-2.14.3-sources.jar
2025.07.14 07:15:13 WARN  unexpected dependency: C:\Users\oscar\AppData\Local\Coursier\Cache\v1\https\repo1.maven.org\maven2\com\fasterxml\jackson\module\jackson-module-scala_2.13\2.14.3\jackson-module-scala_2.13-2.14.3-sources.jar
2025.07.14 07:15:13 WARN  unexpected dependency: C:\Users\oscar\AppData\Local\Coursier\Cache\v1\https\repo1.maven.org\maven2\io\jsonwebtoken\jjwt-api\0.11.5\jjwt-api-0.11.5-sources.jar
2025.07.14 07:15:13 WARN  unexpected dependency: C:\Users\oscar\AppData\Local\Coursier\Cache\v1\https\repo1.maven.org\maven2\io\jsonwebtoken\jjwt-impl\0.11.5\jjwt-impl-0.11.5-sources.jar
2025.07.14 07:15:13 WARN  unexpected dependency: C:\Users\oscar\AppData\Local\Coursier\Cache\v1\https\repo1.maven.org\maven2\io\jsonwebtoken\jjwt-jackson\0.11.5\jjwt-jackson-0.11.5-sources.jar
2025.07.14 07:15:13 WARN  unexpected dependency: C:\Users\oscar\AppData\Local\Coursier\Cache\v1\https\repo1.maven.org\maven2\org\playframework\play-json_2.13\3.0.4\play-json_2.13-3.0.4-sources.jar
2025.07.14 07:15:13 WARN  unexpected dependency: C:\Users\oscar\AppData\Local\Coursier\Cache\v1\https\repo1.maven.org\maven2\com\google\guava\guava\32.1.3-jre\guava-32.1.3-jre-sources.jar
2025.07.14 07:15:13 WARN  unexpected dependency: C:\Users\oscar\AppData\Local\Coursier\Cache\v1\https\repo1.maven.org\maven2\com\typesafe\ssl-config-core_2.13\0.6.1\ssl-config-core_2.13-0.6.1-sources.jar
2025.07.14 07:15:13 WARN  unexpected dependency: C:\Users\oscar\AppData\Local\Coursier\Cache\v1\https\repo1.maven.org\maven2\org\scala-lang\modules\scala-parser-combinators_2.13\1.1.2\scala-parser-combinators_2.13-1.1.2-sources.jar
2025.07.14 07:15:13 WARN  unexpected dependency: C:\Users\oscar\AppData\Local\Coursier\Cache\v1\https\repo1.maven.org\maven2\ch\qos\logback\logback-core\1.5.17\logback-core-1.5.17-sources.jar
2025.07.14 07:15:13 WARN  unexpected dependency: C:\Users\oscar\AppData\Local\Coursier\Cache\v1\https\repo1.maven.org\maven2\org\reactivestreams\reactive-streams\1.0.4\reactive-streams-1.0.4-sources.jar
2025.07.14 07:15:13 WARN  unexpected dependency: C:\Users\oscar\AppData\Local\Coursier\Cache\v1\https\repo1.maven.org\maven2\org\apache\pekko\pekko-stream_2.13\1.0.3\pekko-stream_2.13-1.0.3-sources.jar
2025.07.14 07:15:13 WARN  unexpected dependency: C:\Users\oscar\AppData\Local\Coursier\Cache\v1\https\repo1.maven.org\maven2\org\apache\pekko\pekko-parsing_2.13\1.0.1\pekko-parsing_2.13-1.0.1-sources.jar
2025.07.14 07:15:13 WARN  unexpected dependency: C:\Users\oscar\AppData\Local\Coursier\Cache\v1\https\repo1.maven.org\maven2\org\parboiled\parboiled_2.13\2.5.0\parboiled_2.13-2.5.0-sources.jar
2025.07.14 07:15:13 WARN  unexpected dependency: C:\Users\oscar\AppData\Local\Coursier\Cache\v1\https\repo1.maven.org\maven2\jakarta\inject\jakarta.inject-api\2.0.1\jakarta.inject-api-2.0.1-sources.jar
2025.07.14 07:15:13 WARN  unexpected dependency: C:\Users\oscar\AppData\Local\Coursier\Cache\v1\https\repo1.maven.org\maven2\aopalliance\aopalliance\1.0\aopalliance-1.0-sources.jar
2025.07.14 07:15:13 WARN  unexpected dependency: C:\Users\oscar\AppData\Local\Coursier\Cache\v1\https\repo1.maven.org\maven2\com\google\errorprone\error_prone_annotations\2.21.1\error_prone_annotations-2.21.1-sources.jar
2025.07.14 07:15:13 WARN  unexpected dependency: C:\Users\oscar\AppData\Local\Coursier\Cache\v1\https\repo1.maven.org\maven2\org\mongodb\bson\4.11.0\bson-4.11.0-sources.jar
2025.07.14 07:15:13 WARN  unexpected dependency: C:\Users\oscar\AppData\Local\Coursier\Cache\v1\https\repo1.maven.org\maven2\org\mongodb\mongodb-driver-core\4.11.0\mongodb-driver-core-4.11.0-sources.jar
2025.07.14 07:15:13 WARN  unexpected dependency: C:\Users\oscar\AppData\Local\Coursier\Cache\v1\https\repo1.maven.org\maven2\io\projectreactor\reactor-core\3.5.0\reactor-core-3.5.0-sources.jar
2025.07.14 07:15:13 WARN  unexpected dependency: C:\Users\oscar\AppData\Local\Coursier\Cache\v1\https\repo1.maven.org\maven2\org\lz4\lz4-java\1.8.0\lz4-java-1.8.0-sources.jar
2025.07.14 07:15:13 WARN  unexpected dependency: C:\Users\oscar\AppData\Local\Coursier\Cache\v1\https\repo1.maven.org\maven2\com\thoughtworks\paranamer\paranamer\2.8\paranamer-2.8-sources.jar
2025.07.14 07:15:13 WARN  unexpected dependency: C:\Users\oscar\AppData\Local\Coursier\Cache\v1\https\repo1.maven.org\maven2\org\playframework\play-functional_2.13\3.0.4\play-functional_2.13-3.0.4-sources.jar
2025.07.14 07:15:13 WARN  unexpected dependency: C:\Users\oscar\AppData\Local\Coursier\Cache\v1\https\repo1.maven.org\maven2\com\google\guava\failureaccess\1.0.1\failureaccess-1.0.1-sources.jar
2025.07.14 07:15:13 WARN  unexpected dependency: C:\Users\oscar\AppData\Local\Coursier\Cache\v1\https\repo1.maven.org\maven2\com\google\code\findbugs\jsr305\3.0.2\jsr305-3.0.2-sources.jar
2025.07.14 07:15:13 WARN  unexpected dependency: C:\Users\oscar\AppData\Local\Coursier\Cache\v1\https\repo1.maven.org\maven2\org\checkerframework\checker-qual\3.37.0\checker-qual-3.37.0-sources.jar
2025.07.14 07:15:13 WARN  unexpected dependency: C:\Users\oscar\AppData\Local\Coursier\Cache\v1\https\repo1.maven.org\maven2\com\google\j2objc\j2objc-annotations\2.8\j2objc-annotations-2.8-sources.jar
2025.07.14 07:15:13 WARN  unexpected dependency: C:\Users\oscar\AppData\Local\Coursier\Cache\v1\https\repo1.maven.org\maven2\org\apache\pekko\pekko-protobuf-v3_2.13\1.0.3\pekko-protobuf-v3_2.13-1.0.3-sources.jar
2025.07.14 07:15:13 WARN  unexpected dependency: C:\Users\oscar\AppData\Local\Coursier\Cache\v1\https\repo1.maven.org\maven2\org\mongodb\bson-record-codec\4.11.0\bson-record-codec-4.11.0-sources.jar
2025.07.14 07:15:13 WARN  unexpected dependency: C:\Users\oscar\AppData\Local\Coursier\Cache\v1\https\repo1.maven.org\maven2\org\playframework\play-test_2.13\3.0.7\play-test_2.13-3.0.7-sources.jar
2025.07.14 07:15:13 WARN  unexpected dependency: C:\Users\oscar\AppData\Local\Coursier\Cache\v1\https\repo1.maven.org\maven2\org\scalatestplus\play\scalatestplus-play_2.13\7.0.1\scalatestplus-play_2.13-7.0.1-sources.jar
2025.07.14 07:15:13 WARN  unexpected dependency: C:\Users\oscar\AppData\Local\Coursier\Cache\v1\https\repo1.maven.org\maven2\junit\junit\4.13.2\junit-4.13.2-sources.jar
2025.07.14 07:15:13 WARN  unexpected dependency: C:\Users\oscar\AppData\Local\Coursier\Cache\v1\https\repo1.maven.org\maven2\com\github\sbt\junit-interface\0.13.3\junit-interface-0.13.3-sources.jar
2025.07.14 07:15:13 WARN  unexpected dependency: C:\Users\oscar\AppData\Local\Coursier\Cache\v1\https\repo1.maven.org\maven2\io\fluentlenium\fluentlenium-core\6.0.0\fluentlenium-core-6.0.0-sources.jar
2025.07.14 07:15:13 WARN  unexpected dependency: C:\Users\oscar\AppData\Local\Coursier\Cache\v1\https\repo1.maven.org\maven2\org\seleniumhq\selenium\htmlunit-driver\4.13.0\htmlunit-driver-4.13.0-sources.jar
2025.07.14 07:15:13 WARN  unexpected dependency: C:\Users\oscar\AppData\Local\Coursier\Cache\v1\https\repo1.maven.org\maven2\org\seleniumhq\selenium\selenium-api\4.15.0\selenium-api-4.15.0-sources.jar
2025.07.14 07:15:13 WARN  unexpected dependency: C:\Users\oscar\AppData\Local\Coursier\Cache\v1\https\repo1.maven.org\maven2\org\seleniumhq\selenium\selenium-support\4.15.0\selenium-support-4.15.0-sources.jar
2025.07.14 07:15:13 WARN  unexpected dependency: C:\Users\oscar\AppData\Local\Coursier\Cache\v1\https\repo1.maven.org\maven2\org\seleniumhq\selenium\selenium-firefox-driver\4.15.0\selenium-firefox-driver-4.15.0-sources.jar
2025.07.14 07:15:13 WARN  unexpected dependency: C:\Users\oscar\AppData\Local\Coursier\Cache\v1\https\repo1.maven.org\maven2\org\playframework\play-ahc-ws_2.13\3.0.0\play-ahc-ws_2.13-3.0.0-sources.jar
2025.07.14 07:15:13 WARN  unexpected dependency: C:\Users\oscar\AppData\Local\Coursier\Cache\v1\https\repo1.maven.org\maven2\org\scalatest\scalatest_2.13\3.2.17\scalatest_2.13-3.2.17-sources.jar
2025.07.14 07:15:13 WARN  unexpected dependency: C:\Users\oscar\AppData\Local\Coursier\Cache\v1\https\repo1.maven.org\maven2\org\scalatestplus\mockito-4-11_2.13\3.2.17.0\mockito-4-11_2.13-3.2.17.0-sources.jar
2025.07.14 07:15:13 WARN  unexpected dependency: C:\Users\oscar\AppData\Local\Coursier\Cache\v1\https\repo1.maven.org\maven2\org\scalatestplus\selenium-4-12_2.13\3.2.17.0\selenium-4-12_2.13-3.2.17.0-sources.jar
2025.07.14 07:15:13 WARN  unexpected dependency: C:\Users\oscar\AppData\Local\Coursier\Cache\v1\https\repo1.maven.org\maven2\org\seleniumhq\selenium\selenium-java\4.15.0\selenium-java-4.15.0-sources.jar
2025.07.14 07:15:13 WARN  unexpected dependency: C:\Users\oscar\AppData\Local\Coursier\Cache\v1\https\repo1.maven.org\maven2\net\sourceforge\htmlunit\htmlunit-cssparser\1.14.0\htmlunit-cssparser-1.14.0-sources.jar
2025.07.14 07:15:13 WARN  unexpected dependency: C:\Users\oscar\AppData\Local\Coursier\Cache\v1\https\repo1.maven.org\maven2\org\hamcrest\hamcrest-core\1.3\hamcrest-core-1.3-sources.jar
2025.07.14 07:15:13 WARN  unexpected dependency: C:\Users\oscar\AppData\Local\Coursier\Cache\v1\https\repo1.maven.org\maven2\org\seleniumhq\selenium\selenium-remote-driver\4.15.0\selenium-remote-driver-4.15.0-sources.jar
2025.07.14 07:15:13 WARN  unexpected dependency: C:\Users\oscar\AppData\Local\Coursier\Cache\v1\https\repo1.maven.org\maven2\org\atteo\classindex\classindex\3.13\classindex-3.13-sources.jar
2025.07.14 07:15:13 WARN  unexpected dependency: C:\Users\oscar\AppData\Local\Coursier\Cache\v1\https\repo1.maven.org\maven2\org\apache\commons\commons-lang3\3.12.0\commons-lang3-3.12.0-sources.jar
2025.07.14 07:15:13 WARN  unexpected dependency: C:\Users\oscar\AppData\Local\Coursier\Cache\v1\https\repo1.maven.org\maven2\org\apache\commons\commons-text\1.10.0\commons-text-1.10.0-sources.jar
2025.07.14 07:15:13 WARN  unexpected dependency: C:\Users\oscar\AppData\Local\Coursier\Cache\v1\https\repo1.maven.org\maven2\org\apache\httpcomponents\httpclient\4.5.14\httpclient-4.5.14-sources.jar
2025.07.14 07:15:13 WARN  unexpected dependency: C:\Users\oscar\AppData\Local\Coursier\Cache\v1\https\repo1.maven.org\maven2\org\apache\maven\maven-model\3.9.1\maven-model-3.9.1-sources.jar
2025.07.14 07:15:13 WARN  unexpected dependency: C:\Users\oscar\AppData\Local\Coursier\Cache\v1\https\repo1.maven.org\maven2\net\sourceforge\htmlunit\htmlunit\2.70.0\htmlunit-2.70.0-sources.jar
2025.07.14 07:15:13 WARN  unexpected dependency: C:\Users\oscar\AppData\Local\Coursier\Cache\v1\https\repo1.maven.org\maven2\io\appium\java-client\8.2.1\java-client-8.2.1-sources.jar
2025.07.14 07:15:13 WARN  unexpected dependency: C:\Users\oscar\AppData\Local\Coursier\Cache\v1\https\repo1.maven.org\maven2\net\bytebuddy\byte-buddy\1.14.5\byte-buddy-1.14.5-sources.jar
2025.07.14 07:15:13 WARN  unexpected dependency: C:\Users\oscar\AppData\Local\Coursier\Cache\v1\https\repo1.maven.org\maven2\com\google\auto\service\auto-service-annotations\1.1.1\auto-service-annotations-1.1.1-sources.jar
2025.07.14 07:15:13 WARN  unexpected dependency: C:\Users\oscar\AppData\Local\Coursier\Cache\v1\https\repo1.maven.org\maven2\org\seleniumhq\selenium\selenium-json\4.15.0\selenium-json-4.15.0-sources.jar
2025.07.14 07:15:13 WARN  unexpected dependency: C:\Users\oscar\AppData\Local\Coursier\Cache\v1\https\repo1.maven.org\maven2\org\seleniumhq\selenium\selenium-devtools-v85\4.15.0\selenium-devtools-v85-4.15.0-sources.jar
2025.07.14 07:15:13 WARN  unexpected dependency: C:\Users\oscar\AppData\Local\Coursier\Cache\v1\https\repo1.maven.org\maven2\org\seleniumhq\selenium\selenium-http\4.15.0\selenium-http-4.15.0-sources.jar
2025.07.14 07:15:13 WARN  unexpected dependency: C:\Users\oscar\AppData\Local\Coursier\Cache\v1\https\repo1.maven.org\maven2\org\seleniumhq\selenium\selenium-manager\4.15.0\selenium-manager-4.15.0-sources.jar
2025.07.14 07:15:13 WARN  unexpected dependency: C:\Users\oscar\AppData\Local\Coursier\Cache\v1\https\repo1.maven.org\maven2\org\playframework\play-ws_2.13\3.0.0\play-ws_2.13-3.0.0-sources.jar
2025.07.14 07:15:13 WARN  unexpected dependency: C:\Users\oscar\AppData\Local\Coursier\Cache\v1\https\repo1.maven.org\maven2\org\playframework\play-ahc-ws-standalone_2.13\3.0.0\play-ahc-ws-standalone_2.13-3.0.0-sources.jar
2025.07.14 07:15:13 WARN  unexpected dependency: C:\Users\oscar\AppData\Local\Coursier\Cache\v1\https\repo1.maven.org\maven2\org\playframework\shaded-asynchttpclient\3.0.0\shaded-asynchttpclient-3.0.0-sources.jar
2025.07.14 07:15:13 WARN  unexpected dependency: C:\Users\oscar\AppData\Local\Coursier\Cache\v1\https\repo1.maven.org\maven2\org\playframework\shaded-oauth\3.0.0\shaded-oauth-3.0.0-sources.jar
2025.07.14 07:15:13 WARN  unexpected dependency: C:\Users\oscar\AppData\Local\Coursier\Cache\v1\https\repo1.maven.org\maven2\javax\cache\cache-api\1.1.1\cache-api-1.1.1-sources.jar
2025.07.14 07:15:13 WARN  unexpected dependency: C:\Users\oscar\AppData\Local\Coursier\Cache\v1\https\repo1.maven.org\maven2\org\scalatest\scalatest-core_2.13\3.2.17\scalatest-core_2.13-3.2.17-sources.jar
2025.07.14 07:15:13 WARN  unexpected dependency: C:\Users\oscar\AppData\Local\Coursier\Cache\v1\https\repo1.maven.org\maven2\org\scalatest\scalatest-featurespec_2.13\3.2.17\scalatest-featurespec_2.13-3.2.17-sources.jar
2025.07.14 07:15:13 WARN  unexpected dependency: C:\Users\oscar\AppData\Local\Coursier\Cache\v1\https\repo1.maven.org\maven2\org\scalatest\scalatest-flatspec_2.13\3.2.17\scalatest-flatspec_2.13-3.2.17-sources.jar
2025.07.14 07:15:13 WARN  unexpected dependency: C:\Users\oscar\AppData\Local\Coursier\Cache\v1\https\repo1.maven.org\maven2\org\scalatest\scalatest-freespec_2.13\3.2.17\scalatest-freespec_2.13-3.2.17-sources.jar
2025.07.14 07:15:13 WARN  unexpected dependency: C:\Users\oscar\AppData\Local\Coursier\Cache\v1\https\repo1.maven.org\maven2\org\scalatest\scalatest-funsuite_2.13\3.2.17\scalatest-funsuite_2.13-3.2.17-sources.jar
2025.07.14 07:15:13 WARN  unexpected dependency: C:\Users\oscar\AppData\Local\Coursier\Cache\v1\https\repo1.maven.org\maven2\org\scalatest\scalatest-funspec_2.13\3.2.17\scalatest-funspec_2.13-3.2.17-sources.jar
2025.07.14 07:15:13 WARN  unexpected dependency: C:\Users\oscar\AppData\Local\Coursier\Cache\v1\https\repo1.maven.org\maven2\org\scalatest\scalatest-propspec_2.13\3.2.17\scalatest-propspec_2.13-3.2.17-sources.jar
2025.07.14 07:15:13 WARN  unexpected dependency: C:\Users\oscar\AppData\Local\Coursier\Cache\v1\https\repo1.maven.org\maven2\org\scalatest\scalatest-refspec_2.13\3.2.17\scalatest-refspec_2.13-3.2.17-sources.jar
2025.07.14 07:15:13 WARN  unexpected dependency: C:\Users\oscar\AppData\Local\Coursier\Cache\v1\https\repo1.maven.org\maven2\org\scalatest\scalatest-wordspec_2.13\3.2.17\scalatest-wordspec_2.13-3.2.17-sources.jar
2025.07.14 07:15:13 WARN  unexpected dependency: C:\Users\oscar\AppData\Local\Coursier\Cache\v1\https\repo1.maven.org\maven2\org\scalatest\scalatest-diagrams_2.13\3.2.17\scalatest-diagrams_2.13-3.2.17-sources.jar
2025.07.14 07:15:13 WARN  unexpected dependency: C:\Users\oscar\AppData\Local\Coursier\Cache\v1\https\repo1.maven.org\maven2\org\scalatest\scalatest-matchers-core_2.13\3.2.17\scalatest-matchers-core_2.13-3.2.17-sources.jar
2025.07.14 07:15:13 WARN  unexpected dependency: C:\Users\oscar\AppData\Local\Coursier\Cache\v1\https\repo1.maven.org\maven2\org\scalatest\scalatest-shouldmatchers_2.13\3.2.17\scalatest-shouldmatchers_2.13-3.2.17-sources.jar
2025.07.14 07:15:13 WARN  unexpected dependency: C:\Users\oscar\AppData\Local\Coursier\Cache\v1\https\repo1.maven.org\maven2\org\scalatest\scalatest-mustmatchers_2.13\3.2.17\scalatest-mustmatchers_2.13-3.2.17-sources.jar
2025.07.14 07:15:13 WARN  unexpected dependency: C:\Users\oscar\AppData\Local\Coursier\Cache\v1\https\repo1.maven.org\maven2\org\mockito\mockito-core\4.11.0\mockito-core-4.11.0-sources.jar
2025.07.14 07:15:13 WARN  unexpected dependency: C:\Users\oscar\AppData\Local\Coursier\Cache\v1\https\repo1.maven.org\maven2\org\seleniumhq\selenium\selenium-chrome-driver\4.15.0\selenium-chrome-driver-4.15.0-sources.jar
2025.07.14 07:15:13 WARN  unexpected dependency: C:\Users\oscar\AppData\Local\Coursier\Cache\v1\https\repo1.maven.org\maven2\org\seleniumhq\selenium\selenium-devtools-v117\4.15.0\selenium-devtools-v117-4.15.0-sources.jar
2025.07.14 07:15:13 WARN  unexpected dependency: C:\Users\oscar\AppData\Local\Coursier\Cache\v1\https\repo1.maven.org\maven2\org\seleniumhq\selenium\selenium-devtools-v118\4.15.0\selenium-devtools-v118-4.15.0-sources.jar
2025.07.14 07:15:13 WARN  unexpected dependency: C:\Users\oscar\AppData\Local\Coursier\Cache\v1\https\repo1.maven.org\maven2\org\seleniumhq\selenium\selenium-devtools-v119\4.15.0\selenium-devtools-v119-4.15.0-sources.jar
2025.07.14 07:15:13 WARN  unexpected dependency: C:\Users\oscar\AppData\Local\Coursier\Cache\v1\https\repo1.maven.org\maven2\org\seleniumhq\selenium\selenium-edge-driver\4.15.0\selenium-edge-driver-4.15.0-sources.jar
2025.07.14 07:15:13 WARN  unexpected dependency: C:\Users\oscar\AppData\Local\Coursier\Cache\v1\https\repo1.maven.org\maven2\org\seleniumhq\selenium\selenium-ie-driver\4.15.0\selenium-ie-driver-4.15.0-sources.jar
2025.07.14 07:15:13 WARN  unexpected dependency: C:\Users\oscar\AppData\Local\Coursier\Cache\v1\https\repo1.maven.org\maven2\org\seleniumhq\selenium\selenium-safari-driver\4.15.0\selenium-safari-driver-4.15.0-sources.jar
2025.07.14 07:15:13 WARN  unexpected dependency: C:\Users\oscar\AppData\Local\Coursier\Cache\v1\https\repo1.maven.org\maven2\io\opentelemetry\opentelemetry-api\1.28.0\opentelemetry-api-1.28.0-sources.jar
2025.07.14 07:15:13 WARN  unexpected dependency: C:\Users\oscar\AppData\Local\Coursier\Cache\v1\https\repo1.maven.org\maven2\io\opentelemetry\opentelemetry-context\1.28.0\opentelemetry-context-1.28.0-sources.jar
2025.07.14 07:15:13 WARN  unexpected dependency: C:\Users\oscar\AppData\Local\Coursier\Cache\v1\https\repo1.maven.org\maven2\io\opentelemetry\opentelemetry-exporter-logging\1.28.0\opentelemetry-exporter-logging-1.28.0-sources.jar
2025.07.14 07:15:13 WARN  unexpected dependency: C:\Users\oscar\AppData\Local\Coursier\Cache\v1\https\repo1.maven.org\maven2\io\opentelemetry\opentelemetry-sdk-common\1.28.0\opentelemetry-sdk-common-1.28.0-sources.jar
2025.07.14 07:15:13 WARN  unexpected dependency: C:\Users\oscar\AppData\Local\Coursier\Cache\v1\https\repo1.maven.org\maven2\io\opentelemetry\opentelemetry-sdk-extension-autoconfigure-spi\1.28.0\opentelemetry-sdk-extension-autoconfigure-spi-1.28.0-sources.jar
2025.07.14 07:15:13 WARN  unexpected dependency: C:\Users\oscar\AppData\Local\Coursier\Cache\v1\https\repo1.maven.org\maven2\io\opentelemetry\opentelemetry-sdk-extension-autoconfigure\1.28.0\opentelemetry-sdk-extension-autoconfigure-1.28.0-sources.jar
2025.07.14 07:15:13 WARN  unexpected dependency: C:\Users\oscar\AppData\Local\Coursier\Cache\v1\https\repo1.maven.org\maven2\io\opentelemetry\opentelemetry-sdk-trace\1.28.0\opentelemetry-sdk-trace-1.28.0-sources.jar
2025.07.14 07:15:13 WARN  unexpected dependency: C:\Users\oscar\AppData\Local\Coursier\Cache\v1\https\repo1.maven.org\maven2\io\opentelemetry\opentelemetry-sdk\1.28.0\opentelemetry-sdk-1.28.0-sources.jar
2025.07.14 07:15:13 WARN  unexpected dependency: C:\Users\oscar\AppData\Local\Coursier\Cache\v1\https\repo1.maven.org\maven2\io\opentelemetry\opentelemetry-semconv\1.28.0-alpha\opentelemetry-semconv-1.28.0-alpha-sources.jar
2025.07.14 07:15:13 WARN  unexpected dependency: C:\Users\oscar\AppData\Local\Coursier\Cache\v1\https\repo1.maven.org\maven2\org\seleniumhq\selenium\selenium-os\4.15.0\selenium-os-4.15.0-sources.jar
2025.07.14 07:15:13 WARN  unexpected dependency: C:\Users\oscar\AppData\Local\Coursier\Cache\v1\https\repo1.maven.org\maven2\org\apache\httpcomponents\httpcore\4.4.16\httpcore-4.4.16-sources.jar
2025.07.14 07:15:13 WARN  unexpected dependency: C:\Users\oscar\AppData\Local\Coursier\Cache\v1\https\repo1.maven.org\maven2\commons-logging\commons-logging\1.2\commons-logging-1.2-sources.jar
2025.07.14 07:15:13 WARN  unexpected dependency: C:\Users\oscar\AppData\Local\Coursier\Cache\v1\https\repo1.maven.org\maven2\commons-codec\commons-codec\1.15\commons-codec-1.15-sources.jar
2025.07.14 07:15:13 WARN  unexpected dependency: C:\Users\oscar\AppData\Local\Coursier\Cache\v1\https\repo1.maven.org\maven2\org\codehaus\plexus\plexus-utils\3.5.1\plexus-utils-3.5.1-sources.jar
2025.07.14 07:15:13 WARN  unexpected dependency: C:\Users\oscar\AppData\Local\Coursier\Cache\v1\https\repo1.maven.org\maven2\org\apache\httpcomponents\httpmime\4.5.14\httpmime-4.5.14-sources.jar
2025.07.14 07:15:13 WARN  unexpected dependency: C:\Users\oscar\AppData\Local\Coursier\Cache\v1\https\repo1.maven.org\maven2\net\sourceforge\htmlunit\htmlunit-core-js\2.70.0\htmlunit-core-js-2.70.0-sources.jar
2025.07.14 07:15:13 WARN  unexpected dependency: C:\Users\oscar\AppData\Local\Coursier\Cache\v1\https\repo1.maven.org\maven2\net\sourceforge\htmlunit\neko-htmlunit\2.70.0\neko-htmlunit-2.70.0-sources.jar
2025.07.14 07:15:13 WARN  unexpected dependency: C:\Users\oscar\AppData\Local\Coursier\Cache\v1\https\repo1.maven.org\maven2\net\sourceforge\htmlunit\htmlunit-xpath\2.70.0\htmlunit-xpath-2.70.0-sources.jar
2025.07.14 07:15:13 WARN  unexpected dependency: C:\Users\oscar\AppData\Local\Coursier\Cache\v1\https\repo1.maven.org\maven2\org\brotli\dec\0.1.2\dec-0.1.2-sources.jar
2025.07.14 07:15:13 WARN  unexpected dependency: C:\Users\oscar\AppData\Local\Coursier\Cache\v1\https\repo1.maven.org\maven2\com\shapesecurity\salvation2\3.0.1\salvation2-3.0.1-sources.jar
2025.07.14 07:15:13 WARN  unexpected dependency: C:\Users\oscar\AppData\Local\Coursier\Cache\v1\https\repo1.maven.org\maven2\org\eclipse\jetty\websocket\websocket-client\9.4.50.v20221201\websocket-client-9.4.50.v20221201-sources.jar
2025.07.14 07:15:13 WARN  unexpected dependency: C:\Users\oscar\AppData\Local\Coursier\Cache\v1\https\repo1.maven.org\maven2\com\google\code\gson\gson\2.10\gson-2.10-sources.jar
2025.07.14 07:15:13 WARN  unexpected dependency: C:\Users\oscar\AppData\Local\Coursier\Cache\v1\https\repo1.maven.org\maven2\cglib\cglib\3.3.0\cglib-3.3.0-sources.jar
2025.07.14 07:15:13 WARN  unexpected dependency: C:\Users\oscar\AppData\Local\Coursier\Cache\v1\https\repo1.maven.org\maven2\commons-validator\commons-validator\1.7\commons-validator-1.7-sources.jar
2025.07.14 07:15:13 WARN  unexpected dependency: C:\Users\oscar\AppData\Local\Coursier\Cache\v1\https\repo1.maven.org\maven2\commons-net\commons-net\3.9.0\commons-net-3.9.0-sources.jar
2025.07.14 07:15:13 WARN  unexpected dependency: C:\Users\oscar\AppData\Local\Coursier\Cache\v1\https\repo1.maven.org\maven2\dev\failsafe\failsafe\3.3.2\failsafe-3.3.2-sources.jar
2025.07.14 07:15:13 WARN  unexpected dependency: C:\Users\oscar\AppData\Local\Coursier\Cache\v1\https\repo1.maven.org\maven2\org\playframework\play-ws-standalone_2.13\3.0.0\play-ws-standalone_2.13-3.0.0-sources.jar
2025.07.14 07:15:13 WARN  unexpected dependency: C:\Users\oscar\AppData\Local\Coursier\Cache\v1\https\repo1.maven.org\maven2\org\playframework\play-ws-standalone-xml_2.13\3.0.0\play-ws-standalone-xml_2.13-3.0.0-sources.jar
2025.07.14 07:15:13 WARN  unexpected dependency: C:\Users\oscar\AppData\Local\Coursier\Cache\v1\https\repo1.maven.org\maven2\org\playframework\play-ws-standalone-json_2.13\3.0.0\play-ws-standalone-json_2.13-3.0.0-sources.jar
2025.07.14 07:15:13 WARN  unexpected dependency: C:\Users\oscar\AppData\Local\Coursier\Cache\v1\https\repo1.maven.org\maven2\org\playframework\cachecontrol_2.13\3.0.0\cachecontrol_2.13-3.0.0-sources.jar
2025.07.14 07:15:13 WARN  unexpected dependency: C:\Users\oscar\AppData\Local\Coursier\Cache\v1\https\repo1.maven.org\maven2\org\scalatest\scalatest-compatible\3.2.17\scalatest-compatible-3.2.17-sources.jar
2025.07.14 07:15:13 WARN  unexpected dependency: C:\Users\oscar\AppData\Local\Coursier\Cache\v1\https\repo1.maven.org\maven2\org\scalactic\scalactic_2.13\3.2.17\scalactic_2.13-3.2.17-sources.jar
2025.07.14 07:15:13 WARN  unexpected dependency: C:\Users\oscar\AppData\Local\Coursier\Cache\v1\https\repo1.maven.org\maven2\net\bytebuddy\byte-buddy-agent\1.12.19\byte-buddy-agent-1.12.19-sources.jar
2025.07.14 07:15:13 WARN  unexpected dependency: C:\Users\oscar\AppData\Local\Coursier\Cache\v1\https\repo1.maven.org\maven2\org\objenesis\objenesis\3.3\objenesis-3.3-sources.jar
2025.07.14 07:15:13 WARN  unexpected dependency: C:\Users\oscar\AppData\Local\Coursier\Cache\v1\https\repo1.maven.org\maven2\org\seleniumhq\selenium\selenium-chromium-driver\4.15.0\selenium-chromium-driver-4.15.0-sources.jar
2025.07.14 07:15:13 WARN  unexpected dependency: C:\Users\oscar\AppData\Local\Coursier\Cache\v1\https\repo1.maven.org\maven2\io\opentelemetry\opentelemetry-sdk-metrics\1.28.0\opentelemetry-sdk-metrics-1.28.0-sources.jar
2025.07.14 07:15:13 WARN  unexpected dependency: C:\Users\oscar\AppData\Local\Coursier\Cache\v1\https\repo1.maven.org\maven2\io\opentelemetry\opentelemetry-sdk-logs\1.28.0\opentelemetry-sdk-logs-1.28.0-sources.jar
2025.07.14 07:15:13 WARN  unexpected dependency: C:\Users\oscar\AppData\Local\Coursier\Cache\v1\https\repo1.maven.org\maven2\io\opentelemetry\opentelemetry-api-events\1.28.0-alpha\opentelemetry-api-events-1.28.0-alpha-sources.jar
2025.07.14 07:15:13 WARN  unexpected dependency: C:\Users\oscar\AppData\Local\Coursier\Cache\v1\https\repo1.maven.org\maven2\org\apache\commons\commons-exec\1.3\commons-exec-1.3-sources.jar
2025.07.14 07:15:13 WARN  unexpected dependency: C:\Users\oscar\AppData\Local\Coursier\Cache\v1\https\repo1.maven.org\maven2\org\eclipse\jetty\jetty-client\9.4.50.v20221201\jetty-client-9.4.50.v20221201-sources.jar
2025.07.14 07:15:13 WARN  unexpected dependency: C:\Users\oscar\AppData\Local\Coursier\Cache\v1\https\repo1.maven.org\maven2\org\eclipse\jetty\jetty-util\9.4.50.v20221201\jetty-util-9.4.50.v20221201-sources.jar
2025.07.14 07:15:13 WARN  unexpected dependency: C:\Users\oscar\AppData\Local\Coursier\Cache\v1\https\repo1.maven.org\maven2\org\eclipse\jetty\jetty-io\9.4.50.v20221201\jetty-io-9.4.50.v20221201-sources.jar
2025.07.14 07:15:13 WARN  unexpected dependency: C:\Users\oscar\AppData\Local\Coursier\Cache\v1\https\repo1.maven.org\maven2\org\eclipse\jetty\websocket\websocket-common\9.4.50.v20221201\websocket-common-9.4.50.v20221201-sources.jar
2025.07.14 07:15:13 WARN  unexpected dependency: C:\Users\oscar\AppData\Local\Coursier\Cache\v1\https\repo1.maven.org\maven2\org\ow2\asm\asm\7.1\asm-7.1-sources.jar
2025.07.14 07:15:13 WARN  unexpected dependency: C:\Users\oscar\AppData\Local\Coursier\Cache\v1\https\repo1.maven.org\maven2\commons-beanutils\commons-beanutils\1.9.4\commons-beanutils-1.9.4-sources.jar
2025.07.14 07:15:13 WARN  unexpected dependency: C:\Users\oscar\AppData\Local\Coursier\Cache\v1\https\repo1.maven.org\maven2\commons-digester\commons-digester\2.1\commons-digester-2.1-sources.jar
2025.07.14 07:15:13 WARN  unexpected dependency: C:\Users\oscar\AppData\Local\Coursier\Cache\v1\https\repo1.maven.org\maven2\commons-collections\commons-collections\3.2.2\commons-collections-3.2.2-sources.jar
2025.07.14 07:15:13 WARN  unexpected dependency: C:\Users\oscar\AppData\Local\Coursier\Cache\v1\https\repo1.maven.org\maven2\io\opentelemetry\opentelemetry-extension-incubator\1.28.0-alpha\opentelemetry-extension-incubator-1.28.0-alpha-sources.jar
2025.07.14 07:15:13 WARN  unexpected dependency: C:\Users\oscar\AppData\Local\Coursier\Cache\v1\https\repo1.maven.org\maven2\org\eclipse\jetty\jetty-http\9.4.50.v20221201\jetty-http-9.4.50.v20221201-sources.jar
2025.07.14 07:15:13 WARN  unexpected dependency: C:\Users\oscar\AppData\Local\Coursier\Cache\v1\https\repo1.maven.org\maven2\org\eclipse\jetty\websocket\websocket-api\9.4.50.v20221201\websocket-api-9.4.50.v20221201-sources.jar
2025.07.14 07:15:20 INFO  time: indexed workspace in 35s
2025.07.14 07:15:20 WARN  no build target for: C:\Users\oscar\GitHub\ProyectoDePrueba-Scala\play-scala-seed\app\models\User.scala
2025.07.14 07:15:20 INFO  no build target found for C:\Users\oscar\GitHub\ProyectoDePrueba-Scala\play-scala-seed\app\models\User.scala. Using presentation compiler with project's scala-library version: 2.13.16
2025.07.14 07:15:20 INFO  no build target found for C:\Users\oscar\GitHub\ProyectoDePrueba-Scala\play-scala-seed\app\models\User.scala. Using presentation compiler with project's scala-library version: 2.13.16
2025.07.14 07:15:20 WARN  no build target for: C:\Users\oscar\GitHub\ProyectoDePrueba-Scala\play-scala-seed\app\models\User.scala
2025.07.14 07:15:25 INFO  time: code lens generation in 3.47s
2025.07.14 07:15:25 INFO  time: code lens generation in 5.03s
2025.07.14 07:15:27 INFO  no build target found for C:\Users\oscar\GitHub\ProyectoDePrueba-Scala\play-scala-seed\app\models\User.scala. Using presentation compiler with project's scala-library version: 2.13.16
2025.07.14 07:16:34 WARN  no build target for: C:\Users\oscar\GitHub\ProyectoDePrueba-Scala\play-scala-seed\app\models\User.scala
2025.07.14 07:16:34 INFO  no build target found for C:\Users\oscar\GitHub\ProyectoDePrueba-Scala\play-scala-seed\app\models\User.scala. Using presentation compiler with project's scala-library version: 2.13.16
2025.07.14 07:16:36 INFO  Shutting down server
2025.07.14 07:16:36 INFO  shutting down Metals
2025.07.14 07:16:37 INFO  Shut down connection with build server.
2025.07.14 07:16:37 INFO  Shut down connection with build server.
2025.07.14 07:16:37 INFO  Shut down connection with build server.
2025.07.14 07:16:36 INFO  Exiting server
